1791611694.953255044,2.4866816e+07,4.194304e+06,4.333568e+06,7.168e+06,0,0
1791611695.963304801,6.05577216e+08,6.6569377e+08,6.02529792e+08,5.414912e+06,1.026555904e+09,2.47463936e+08
1791611696.985038319,2.474795008e+09,2.562516378e+09,2.48848384e+09,9.519104e+06,3.32398592e+09,1.303379968e+09
1791611697.995955123,4.332347392e+09,5.072942346e+09,4.347510784e+09,7.61856e+06,4.821352448e+09,1.492123648e+09
1791611699.004143453,6.193307648e+09,1.0066258458e+10,6.19655168e+09,1.7276928e+07,4.92306432e+09,1.933574144e+09
1791611700.014332366,8.050335744e+09,1.0066258458e+10,8.05883904e+09,3.923968e+06,5.023727616e+09,1.428160512e+09
1791611701.023035621,9.922830336e+09,1.0066258458e+10,9.93132544e+09,6.38976e+06,5.00170752e+09,1.563426816e+09
1791611702.032531798,1.1507621888e+10,1.9446087978e+10,1.1483635712e+10,3.5725312e+07,5.016387584e+09,1.334837248e+09
1791611703.040464666,1.3356130304e+10,1.9446087978e+10,1.334218752e+10,2.6533888e+07,5.023727616e+09,1.810890752e+09
1791611704.048422880,1.5209750528e+10,1.9446087978e+10,1.5208603648e+10,9.838592e+06,5.019533312e+09,1.523580928e+09
1791611705.056535583,1.7098063872e+10,1.9446087978e+10,1.709666304e+10,9.117696e+06,5.01219328e+09,1.417674752e+09
1791611706.075483520,1.8983665664e+10,1.9446087978e+10,1.8979700736e+10,9.158656e+06,5.000658944e+09,1.351614464e+09
1791611707.091627993,1.9498778624e+10,2.0286184922e+10,1.1600502784e+10,7.841603584e+09,5.01743616e+09,1.323302912e+09
1791611708.101297798,1.9498778624e+10,2.0286184922e+10,1.3457948672e+10,5.98409216e+09,5.01219328e+09,1.595932672e+09
1791611709.110452967,1.9498778624e+10,2.0286184922e+10,1.5309979648e+10,4.13196288e+09,5.011144704e+09,1.472200704e+09
1791611710.118350104,1.9498778624e+10,2.0286184922e+10,1.7174020096e+10,2.268020736e+09,5.0069504e+09,1.526726656e+09
1791611711.127112631,1.9498778624e+10,2.0286184922e+10,1.9070042112e+10,3.71965952e+08,5.0069504e+09,1.182793728e+09
1791611712.146963291,2.0366606336e+10,2.0282536826e+10,1.085681664e+10,9.454624768e+09,5.007998976e+09,1.37363456e+09
1791611713.157469655,2.0366737408e+10,2.0282536826e+10,1.2711436288e+10,7.598628864e+09,5.030019072e+09,1.277165568e+09
1791611714.172555978,2.0366737408e+10,2.0282536826e+10,1.4589886464e+10,5.720342528e+09,5.01219328e+09,1.835008e+09
1791611715.191073005,2.0366737408e+10,2.0282536826e+10,1.6459309056e+10,3.8508544e+09,5.015339008e+09,1.572864e+09
1791611716.204664709,2.03667456e+10,2.0282536826e+10,1.8326872064e+10,1.983553536e+09,5.020581888e+09,1.387266048e+09
1791611717.216254154,2.0367015936e+10,2.0282536826e+10,2.019979264e+10,1.10501888e+08,5.01743616e+09,1.739587584e+09
1791611718.226961448,2.0369113088e+10,2.029985649e+10,1.2006670336e+10,8.303689728e+09,5.009047552e+09,1.482686464e+09
1791611719.236401932,2.0369113088e+10,2.029985649e+10,1.3861871616e+10,6.448226304e+09,5.010096128e+09,1.497366528e+09
1791611720.246264668,2.0369113088e+10,2.029985649e+10,1.5706841088e+10,4.603518976e+09,5.011144704e+09,1.455423488e+09
1791611721.255294996,2.0369113088e+10,2.029985649e+10,1.7577721856e+10,2.732638208e+09,5.02267904e+09,1.471152128e+09
1791611722.265783122,2.0369113088e+10,2.029985649e+10,1.9440041984e+10,8.7048192e+08,5.02267904e+09,1.49946368e+09
1791611723.275293228,2.0374880256e+10,2.0284503706e+10,1.1246518272e+10,9.068920832e+09,5.01219328e+09,1.550843904e+09
1791611724.284270080,2.0375011328e+10,2.0284503706e+10,1.3117693952e+10,7.19745024e+09,5.023727616e+09,2.194669568e+09
1791611725.295735728,2.03751424e+10,2.0284503706e+10,1.4969544704e+10,5.345501184e+09,4.974183214e+09,2.635071488e+09
1791611726.306256930,2.03751424e+10,2.0284503706e+10,1.6863051776e+10,3.452157952e+09,4.477806734e+09,2.210136878e+09
1791611727.314574117,2.03751424e+10,2.0284503706e+10,1.8748145664e+10,1.566900224e+09,3.763732773e+09,2.288497809e+09
1791611728.324284517,2.0375273472e+10,2.0252265386e+10,1.0513358848e+10,9.805586432e+09,2.51023106e+09,2.339313172e+09
1791611729.333796531,2.0375273472e+10,2.0252265386e+10,1.0941489152e+10,9.377783808e+09,0,0
1791611730.341904495,2.0375273472e+10,2.0252265386e+10,1.0941751296e+10,9.377521664e+09,0,0
