1791611791.055068485,2.5247744e+07,4.89377e+06,4.284416e+06,3.055616e+06,0,0
1791611792.063580968,7.82450688e+08,9.3290121e+08,7.91093248e+08,1.3459456e+07,1.1802771456e+10,4.90733568e+08
1791611793.072161270,2.648522752e+09,3.630848842e+09,2.657181696e+09,1.3082624e+07,1.361575936e+10,2.345664512e+09
1791611794.080346837,4.511842304e+09,7.21007545e+09,4.515577856e+09,1.335296e+07,1.3614710784e+10,4.214226944e+09
1791611795.088158321,6.374375424e+09,7.21007545e+09,6.3778816e+09,8.699904e+06,1.3612613632e+10,6.07125504e+09
1791611796.096008763,8.237826048e+09,1.4359108394e+10,8.243093504e+09,7.462912e+06,1.3386121216e+10,7.695499264e+09
1791611797.104434768,1.010245632e+10,1.4359108394e+10,1.0111803392e+10,5.021696e+06,1.3134462976e+10,9.312403456e+09
1791611798.113610463,1.197023232e+10,1.4359108394e+10,1.1983740928e+10,3.907584e+06,1.1993612288e+10,9.985589248e+09
1791611799.121961603,1.3839437824e+10,1.4359108394e+10,1.3824090112e+10,3.022848e+06,1.0217324544e+10,9.999220736e+09
1791611800.129437305,1.4414450688e+10,2.0210583706e+10,1.1189723136e+10,3.180847104e+09,8.06354944e+09,6.717177856e+09
1791611801.138373788,1.441458176e+10,2.0210583706e+10,1.3024288768e+10,1.346445312e+09,7.692353536e+09,6.833569792e+09
1791611802.147731413,1.4971244544e+10,2.0210583706e+10,1.494331392e+10,3.0089216e+07,7.422869504e+09,6.245318656e+09
1791611803.156324654,1.6806977536e+10,2.0210583706e+10,1.6808910848e+10,5.398528e+06,7.301234688e+09,4.720689152e+09
1791611804.165559052,1.8683011072e+10,2.0210583706e+10,1.8686582784e+10,2.809856e+06,7.204765696e+09,6.083837952e+09
1791611805.179762929,2.0265381888e+10,2.029165145e+10,1.0519175168e+10,9.703235584e+09,7.050625024e+09,4.509925376e+09
1791611806.189346821,2.0274950144e+10,2.029165145e+10,1.2390342656e+10,7.830167552e+09,6.963593216e+09,5.764022272e+09
1791611807.198443571,2.0274950144e+10,2.029165145e+10,1.4261092352e+10,5.960073216e+09,6.712983552e+09,5.336203264e+09
1791611808.207681789,2.027534336e+10,2.029165145e+10,1.6144539648e+10,4.076199936e+09,6.437208064e+09,5.4001664e+09
1791611809.215914700,2.0275605504e+10,2.029165145e+10,1.8000683008e+10,2.2206464e+09,6.318718976e+09,5.53648128e+09
1791611810.223677187,2.0275736576e+10,2.029165145e+10,1.9900178432e+10,3.20692224e+08,6.283067392e+09,5.276434432e+09
1791611811.233085261,2.039003136e+10,2.0312631866e+10,1.1702771712e+10,8.631836672e+09,6.199181312e+09,3.88497408e+09
1791611812.243589825,2.0390162432e+10,2.0312631866e+10,1.3573357568e+10,6.761152512e+09,6.103760896e+09,4.593811456e+09
1791611813.253280417,2.0390162432e+10,2.0312631866e+10,1.5439863808e+10,4.894777344e+09,6.043992064e+09,4.817158144e+09
1791611814.261519028,2.039068672e+10,2.0312631866e+10,1.732091904e+10,3.013722112e+09,5.959057408e+09,5.173673984e+09
1791611815.269225690,2.039068672e+10,2.0312631866e+10,1.9173433344e+10,1.162059776e+09,5.883559936e+09,5.432672256e+09
1791611816.277358992,2.0404973568e+10,2.0286244442e+10,1.097109504e+10,9.372393472e+09,5.837604315e+09,4.226809856e+09
1791611817.285005722,2.0404973568e+10,2.0286244442e+10,1.2838387712e+10,7.504347136e+09,5.623694811e+09,4.574070235e+09
1791611818.292567514,2.0405235712e+10,2.0286244442e+10,1.4714273792e+10,5.628329984e+09,5.484983293e+09,4.127077373e+09
1791611819.301239450,2.0405366784e+10,2.0286244442e+10,1.6586735616e+10,3.755737088e+09,5.042301268e+09,4.27039406e+09
1791611820.309141758,2.0405497856e+10,2.0286244442e+10,1.8459926528e+10,1.882349568e+09,3.852112346e+09,3.126898856e+09
1791611821.317958016,2.040576e+10,2.0286244442e+10,2.024587264e+10,9.5453184e+07,3.477574125e+09,2.398093312e+09
1791611822.326474864,2.0406022144e+10,2.0310442282e+10,1.1239251968e+10,9.10626816e+09,1.869611008e+09,1.765801984e+09
1791611823.333834940,2.0406022144e+10,2.0310442282e+10,1.2097175552e+10,8.24860672e+09,2.57949696e+09,2.557476864e+09
1791611824.341116473,2.0406022144e+10,2.0310442282e+10,1.2203196416e+10,8.14268416e+09,2.617245696e+09,2.617245696e+09
1791611825.348406183,2.0406022144e+10,2.0310442282e+10,1.229574144e+10,8.050106368e+09,2.65289728e+09,2.650800128e+09
1791611826.355840779,2.0406022144e+10,2.0310442282e+10,1.2396888064e+10,7.948926976e+09,2.696937472e+09,2.693791744e+09
1791611827.363107557,2.0406022144e+10,2.0310442282e+10,1.2471730176e+10,7.874117632e+09,2.735734784e+09,2.727346176e+09
1791611828.370164756,2.0406022144e+10,2.0310442282e+10,1.2596273152e+10,7.749574656e+09,2.78921216e+09,2.782920704e+09
1791611829.377187039,2.0406022144e+10,2.0310442282e+10,1.2687908864e+10,7.657971712e+09,2.82591232e+09,2.819620864e+09
1791611830.384397344,2.0406022144e+10,2.0310442282e+10,1.2815777792e+10,7.530102784e+09,2.881486848e+09,2.87834112e+09
1791611831.391470818,2.0406022144e+10,2.0310442282e+10,1.2955754496e+10,7.390060544e+09,2.953838592e+09,2.933915648e+09
1791611832.398557516,2.0406022144e+10,2.0310442282e+10,1.3125779456e+10,7.220068352e+09,3.029336064e+09,3.012558848e+09
1791611833.405590787,2.0406022144e+10,2.0310442282e+10,1.3306912768e+10,7.039000576e+09,3.097493504e+09,3.089104896e+09
1791611834.412775163,2.0406022144e+10,2.0310442282e+10,1.3500923904e+10,6.84498944e+09,3.178233856e+09,3.153068032e+09
1791611835.419947255,2.0406022144e+10,2.0310442282e+10,1.3681082368e+10,6.66492928e+09,3.235905536e+09,3.227516928e+09
1791611836.427199183,2.0406153216e+10,2.0310442282e+10,1.3848469504e+10,6.497509376e+09,3.310354432e+09,3.293577216e+09
1791611837.434378772,2.0406284288e+10,2.0310442282e+10,1.4075076608e+10,6.271000576e+09,3.370123264e+09,3.370123264e+09
1791611838.441625910,2.0406284288e+10,2.0310442282e+10,1.4244691968e+10,6.10131968e+09,3.431989248e+09,3.42360064e+09
1791611839.448859973,2.0406284288e+10,2.0310442282e+10,1.4439415808e+10,5.906628608e+09,3.501195264e+09,3.492806656e+09
1791611840.456025890,2.0406284288e+10,2.0310442282e+10,1.4636670976e+10,5.709307904e+09,3.55467264e+09,3.534749696e+09
1791611841.463254143,2.0406284288e+10,2.0310442282e+10,1.489154048e+10,5.454503936e+09,3.618635776e+09,3.60185856e+09
1791611842.470518911,2.0406284288e+10,2.0310442282e+10,1.5811231744e+10,4.53484544e+09,2.858156846e+09,2.847671086e+09
1791611843.478194453,2.0406284288e+10,2.0310442282e+10,1.6346832896e+10,3.999506432e+09,2.467299328e+09,2.462056448e+09
1791611844.485808860,2.0406284288e+10,2.0310442282e+10,1.6451493888e+10,3.89484544e+09,2.514485248e+09,2.501902336e+09
1791611845.492840609,2.0406284288e+10,2.0310442282e+10,1.6571973632e+10,3.774431232e+09,2.55852544e+09,2.550136832e+09
1791611846.499892923,2.0406284288e+10,2.0310442282e+10,1.6676593664e+10,3.669778432e+09,2.606759936e+09,2.58998272e+09
1791611847.507312048,2.0406284288e+10,2.0310442282e+10,1.6799244288e+10,3.547160576e+09,2.6476544e+09,2.639265792e+09
1791611848.514331350,2.0406284288e+10,2.0310442282e+10,1.6911261696e+10,3.4351104e+09,2.686451712e+09,2.670723072e+09
1791611849.521376375,2.0406284288e+10,2.0310442282e+10,1.7032855552e+10,3.31358208e+09,2.727346176e+09,2.727346176e+09
1791611850.528728717,2.0406284288e+10,2.0310442282e+10,1.7141530624e+10,3.20487424e+09,2.77348352e+09,2.765094912e+09
1791611851.535974268,2.0406284288e+10,2.0310442282e+10,1.728786432e+10,3.058573312e+09,2.818572288e+09,2.81018368e+09
1791611852.543203947,2.0406284288e+10,2.0310442282e+10,1.7394532352e+10,2.951872512e+09,2.86261248e+09,2.845835264e+09
1791611853.550456371,2.0406284288e+10,2.0310442282e+10,1.75364096e+10,2.810093568e+09,2.900361216e+09,2.891972608e+09
1791611854.557568575,2.0406284288e+10,2.0310442282e+10,1.7647558656e+10,2.698944512e+09,2.933915648e+09,2.933915648e+09
1791611855.564727187,2.0406284288e+10,2.0310442282e+10,1.7761533952e+10,2.584936448e+09,2.973761536e+09,2.965372928e+09
1791611856.571745696,2.0406284288e+10,2.0310442282e+10,1.7893400576e+10,2.453037056e+09,3.005218816e+09,2.996830208e+09
1791611857.578996822,2.0406284288e+10,2.0310442282e+10,1.8113667072e+10,2.232868864e+09,3.04611328e+09,3.038773248e+09
1791611858.587445953,2.0406775808e+10,2.0310442282e+10,1.844224e+10,1.904328704e+09,1.561930994e+09,1.560882418e+09
1791611859.594405867,2.0407037952e+10,2.0310442282e+10,1.8493014016e+10,1.85352192e+09,1.23731968e+09,1.228931072e+09
1791611860.601493985,2.0407037952e+10,2.0310442282e+10,1.8554085376e+10,1.792483328e+09,1.256194048e+09,1.256194048e+09
1791611861.608579408,2.0407037952e+10,2.0310442282e+10,1.8600214528e+10,1.746354176e+09,1.281359872e+09,1.281359872e+09
1791611862.615484837,2.0407037952e+10,2.0310442282e+10,1.8643288064e+10,1.703247872e+09,1.306525696e+09,1.298137088e+09
1791611863.622571664,2.0407037952e+10,2.0310442282e+10,1.8693742592e+10,1.652793344e+09,1.33169152e+09,1.323302912e+09
1791611864.629555595,2.0407169024e+10,2.0310442282e+10,1.8744164352e+10,1.602371584e+09,1.355808768e+09,1.34742016e+09
1791611865.636678184,2.0407169024e+10,2.0310442282e+10,1.8805325824e+10,1.54124288e+09,1.375731712e+09,1.375731712e+09
1791611866.643751086,2.0407300096e+10,2.0310442282e+10,1.8856984576e+10,1.489584128e+09,1.400897536e+09,1.400897536e+09
1791611867.650743658,2.0407300096e+10,2.0310442282e+10,1.8911977472e+10,1.434558464e+09,1.430257664e+09,1.423966208e+09
1791611868.657928790,2.0407431168e+10,2.0310442282e+10,1.8969755648e+10,1.376813056e+09,1.455423488e+09,1.455423488e+09
1791611869.664942178,2.040756224e+10,2.0310442282e+10,1.9021266944e+10,1.32530176e+09,1.480589312e+09,1.480589312e+09
1791611870.671902459,2.0407693312e+10,2.0310442282e+10,1.9060088832e+10,1.286447104e+09,1.505755136e+09,1.497366528e+09
1791611871.679050349,2.0407693312e+10,2.0310442282e+10,1.9110518784e+10,1.23604992e+09,1.522532352e+09,1.522532352e+09
1791611872.686236026,2.0407824384e+10,2.0310442282e+10,1.9161112576e+10,1.185456128e+09,1.547698176e+09,1.547698176e+09
1791611873.693557487,2.0407824384e+10,2.0310442282e+10,1.9209437184e+10,1.13713152e+09,1.570766848e+09,1.570766848e+09
1791611874.700682711,2.0407824384e+10,2.0310442282e+10,1.9257786368e+10,1.088782336e+09,1.590689792e+09,1.590689792e+09
1791611875.707701694,2.0407824384e+10,2.0310442282e+10,1.9309436928e+10,1.037131776e+09,1.615855616e+09,1.615855616e+09
1791611876.714774265,2.0407824384e+10,2.0310442282e+10,1.935888384e+10,9.87684864e+08,1.64102144e+09,1.64102144e+09
1791611877.721952800,2.0407824384e+10,2.0310442282e+10,1.9394338816e+10,9.52229888e+08,1.657798656e+09,1.657798656e+09
1791611878.729452005,2.0407824384e+10,2.0310442282e+10,1.9436371968e+10,9.10163968e+08,1.68296448e+09,1.675624448e+09
1791611879.736374254,2.0407824384e+10,2.0310442282e+10,1.9494281216e+10,8.5225472e+08,1.708130304e+09,1.707081728e+09
1791611880.743341569,2.0407824384e+10,2.0310442282e+10,1.9535355904e+10,8.11180032e+08,1.733296128e+09,1.72490752e+09
1791611881.750443671,2.0407955456e+10,2.0310442282e+10,1.9585916928e+10,7.60619008e+08,1.758461952e+09,1.750073344e+09
1791611882.757504490,2.0407955456e+10,2.0310442282e+10,1.9637436416e+10,7.09132288e+08,1.783627776e+09,1.775239168e+09
1791611883.764515727,2.0407955456e+10,2.0310442282e+10,1.9684745216e+10,6.61823488e+08,1.804599296e+09,1.796210688e+09
1791611884.771570025,2.0407955456e+10,2.0310442282e+10,1.9747905536e+10,5.98695936e+08,1.82976512e+09,1.82976512e+09
1791611885.779313506,2.0407955456e+10,2.0310442282e+10,1.980264448e+10,5.43956992e+08,1.853882368e+09,1.853882368e+09
1791611886.786373658,2.04082176e+10,2.0310442282e+10,1.9902783488e+10,4.43817984e+08,5.66949617e+08,5.66949617e+08
1791611887.793576211,2.0408479744e+10,2.0310442282e+10,1.9907567616e+10,4.39033856e+08,0,0
1791611888.800631580,2.0408479744e+10,2.0310442282e+10,1.990774784e+10,4.38853632e+08,0,0
