t,mount,le025,le060,count,median,measured,gauge,inflight,s3bytes,open,floor
0.02,C3v6-xidle,0,0,0,0,0,0,0,0,0,0
0.52,C3v6-xidle,0,0,1,0.15540419,1,0,1,1.048576e+06,1,0
1.02,C3v6-xidle,0,0,6,0.081796602,1,0,1,3.211264e+06,1,0
1.52,C3v6-xidle,0,0,11,0.076386881,1,0,0,6.291456e+06,1,0.072633965
2.02,C3v6-xidle,0,0,15,0.078824398,1,0,1,8.388608e+06,1,0.072633965
2.52,C3v6-xidle,0,0,144,0.316591532,1,0,1,1.079464598e+09,1,0.120868603
3.03,C3v6-xidle,0,0,147,0.316591532,1,0,13,1.104630422e+09,1,0.120868603
3.53,C3v6-xidle,0,0,160,0.167468858,1,0,0,1.213682326e+09,1,0.134160744
4.03,C3v6-xidle,0,0,161,0.167468858,1,0,0,1.214730902e+09,1,0.134160744
4.53,C3v6-xidle,0,0,164,0.15870388,1,0,1,1.215845014e+09,1,0.089535604
5.03,C3v6-xidle,0,0,168,0.086481514,1,0,1,1.217942166e+09,1,0.086481514
5.53,C3v6-xidle,0,0,171,0.085741617,1,0,0,1.219973782e+09,1,0.085741617
6.04,C3v6-xidle,0,0,174,0.085495914,1,0,1,1.221087894e+09,1,0.084022897
6.54,C3v6-xidle,0,0,176,0.082791702,1,0,1,1.22213647e+09,1,0.083694112
7.04,C3v6-xidle,0,0,305,0.218814087,1,0,8,2.295812758e+09,1,0.123878729
7.54,C3v6-xidle,0,0,321,0.15437185,1,0,0,2.426245563e+09,1,0.123878729
8.04,C3v6-xidle,0,0,321,0.15437185,1,0,0,2.426245563e+09,1,0.123878729
8.54,C3v6-xidle,0,0,322,0.153706164,1,0,0,2.427294139e+09,1,0.123878729
9.05,C3v6-xidle,0,0,324,0.153706164,1,0,1,2.428342715e+09,1,0.123433909
9.55,C3v6-xidle,0,0,328,0.083506653,1,0,0,2.430439867e+09,1,0.119408365
10.05,C3v6-xidle,0,0,330,0.083330707,1,0,1,2.431488443e+09,1,0.116772052
10.55,C3v6-xidle,0,0,333,0.08308056,1,0,1,2.432602555e+09,1,0.089512983
11.05,C3v6-xidle,0,0,336,0.08308056,1,0,1,2.434634171e+09,1,0.088050331
11.55,C3v6-xidle,0,0,458,0.17012335,1,0,8,3.441267131e+09,1,0.127025248
12.06,C3v6-xidle,0,0,480,0.144210375,1,0,1,3.625469615e+09,1,0.126062723
12.56,C3v6-xidle,0,0,481,0.145517753,1,0,0,3.633858223e+09,1,0.126062723
13.06,C3v6-xidle,0,0,481,0.145517753,1,0,0,3.633858223e+09,1,0.126062723
13.56,C3v6-xidle,0,0,482,0.152408598,1,0,0,3.634906799e+09,1,0.126062723
14.06,C3v6-xidle,0,0,485,0.134588207,1,0,1,3.636020911e+09,1,0.124774158
14.56,C3v6-xidle,0,0,488,0.086647098,1,0,0,3.638052527e+09,1,0.117812708
15.06,C3v6-xidle,0,0,491,0.081948216,1,0,1,3.639166639e+09,1,0.113147051
15.57,C3v6-xidle,0,0,493,0.081948216,1,0,1,3.640215215e+09,1,0.09368663
16.07,C3v6-xidle,0,0,496,0.081948216,1,0,0,3.642246831e+09,1,0.088439306
16.57,C3v6-xidle,0,0,521,0.131690376,1,0,104,3.843573423e+09,1,0.088439306
17.07,C3v6-xidle,0,0,634,0.147165152,1,0,7,4.785479277e+09,1,0.123576691
17.57,C3v6-xidle,0,0,641,0.151233577,1,0,0,4.844199533e+09,1,0.123576691
18.08,C3v6-xidle,0,0,641,0.151233577,1,0,0,4.844199533e+09,1,0.123576691
18.58,C3v6-xidle,0,0,641,0.151233577,1,0,0,4.844199533e+09,1,0.123576691
19.08,C3v6-xidle,0,0,642,0.154037523,1,0,0,4.845248109e+09,1,0.123576691
19.58,C3v6-xidle,0,0,644,0.151233577,1,0,1,4.846296685e+09,1,0.123185697
20.08,C3v6-xidle,0,0,647,0.085808746,1,0,1,4.847410797e+09,1,0.121430357
20.58,C3v6-xidle,0,0,650,0.082938015,1,0,0,4.849442413e+09,2,0.11467253
21.08,C3v6-xidle,0,0,652,0.085301864,1,0,0,4.850490989e+09,1,0.105759255
21.59,C3v6-xidle,0,0,654,0.083758034,1,0,1,4.851539565e+09,1,0.089308621
22.09,C3v6-xidle,0,0,657,0.083657392,1,0,0,4.853636717e+09,1,0.087596325
22.59,C3v6-xidle,0,0,785,0.199114913,1,0,1,5.926329965e+09,1,0.128875444
23.09,C3v6-xidle,0,0,801,0.165652308,1,0,0,6.0570202e+09,1,0.128552375
23.59,C3v6-xidle,0,0,801,0.165652308,1,0,0,6.0570202e+09,1,0.128552375
24.11,C3v6-xidle,0,0,801,0.165652308,1,0,0,6.0570202e+09,0,0.128552375
24.61,C3v6-xidle,0,0,804,0.165652308,1,0,0,6.059117352e+09,1,0.12664097
25.11,C3v6-xidle,0,0,806,0.132036682,1,0,0,6.060165928e+09,1,0.125065951
25.61,C3v6-xidle,0,0,809,0.083746093,1,0,1,6.06128004e+09,2,0.120923952
26.11,C3v6-xidle,0,0,812,0.082070775,1,0,0,6.063311656e+09,1,0.113429465
26.61,C3v6-xidle,0,0,814,0.083746093,1,0,1,6.064360232e+09,1,0.092336284
27.12,C3v6-xidle,0,0,816,0.084036298,1,0,1,6.065408808e+09,1,0.087424013
27.62,C3v6-xidle,0,0,945,0.17853558,1,0,2,7.136336208e+09,1,0.126036866
28.12,C3v6-xidle,0,0,961,0.145281162,1,0,0,7.270553936e+09,1,0.126036866
28.62,C3v6-xidle,0,0,961,0.145281162,1,0,0,7.270553936e+09,1,0.126036866
29.12,C3v6-xidle,0,0,961,0.145281162,1,0,0,7.270553936e+09,1,0.126036866
