t,open_handles,streaming_handles,readahead_window_blocks,prefetch_committed_bytes,prefetch_budget_bytes
0.002,0,0,1024,0,4.981560064e+10
0.203,0,0,1024,0,4.981560064e+10
0.404,0,0,1024,0,4.981560064e+10
0.605,0,0,1024,0,4.981560064e+10
0.805,0,0,1024,0,4.981560064e+10
1.006,8,0,1024,0,4.981560064e+10
1.208,8,0,1024,0,4.981560064e+10
1.411,8,8,742,2.9811299594e+10,4.981560064e+10
1.613,8,8,742,2.9811299594e+10,4.981560064e+10
1.815,8,8,742,2.9777745162e+10,4.981560064e+10
2.017,8,8,742,2.9777745162e+10,4.981560064e+10
2.218,8,8,742,2.9772502282e+10,4.981560064e+10
2.420,8,8,742,2.9719024906e+10,4.981560064e+10
2.622,8,8,742,2.9536572682e+10,4.981560064e+10
2.823,8,8,742,2.9232485642e+10,4.981560064e+10
3.025,8,8,742,2.919893121e+10,4.981560064e+10
3.227,8,8,742,2.919893121e+10,4.981560064e+10
3.428,8,8,742,2.919893121e+10,4.981560064e+10
3.630,8,8,742,2.903640193e+10,4.981560064e+10
3.832,8,8,742,2.8846609674e+10,4.981560064e+10
4.034,8,8,742,2.7891356938e+10,4.981560064e+10
4.236,8,8,742,2.7083953418e+10,4.981560064e+10
4.437,8,8,742,2.6765186314e+10,4.981560064e+10
4.639,8,8,742,2.607417473e+10,4.981560064e+10
4.841,8,8,742,2.4185689354e+10,4.981560064e+10
5.042,8,8,742,2.1477217546e+10,4.981560064e+10
5.244,8,8,742,1.8499261706e+10,4.981560064e+10
5.446,8,8,742,1.518471297e+10,4.981560064e+10
5.647,8,8,742,1.181354113e+10,4.981560064e+10
5.849,7,7,848,8.44717215e+09,4.981560064e+10
6.050,7,7,848,5.18610079e+09,4.981560064e+10
6.252,4,4,1024,2.416305248e+09,4.981560064e+10
6.453,2,2,1024,7.77420027e+08,4.981560064e+10
6.654,1,1,1024,9.0738644e+07,4.981560064e+10
