epoch,cpu_busy_pct,le025,le050,le060,le100,le200,count,median,floor,measured,gauge,inflight,committed,s3bytes
1791176941.776,24.6,34,49,54,54,55,55,0.026020903,0.019655141,1,4,1,0,3.1522816e+07
1791176942.278,37.3,42,75,80,80,81,81,0.032285409,0.019655141,1,4,3,0,4.5154304e+07
1791176942.780,30.5,42,92,97,98,103,103,0.038616003,0.020342314,1,4,3,6.7108864e+07,1.03809024e+08
1791176943.281,44.1,42,94,100,106,115,116,0.10540319,0.020507017,1,4,0,1.1534336e+08,2.02375168e+08
1791176943.783,44.2,42,94,101,115,127,128,0.088436218,0.020656726,1,4,2,1.87695104e+08,3.01989888e+08
1791176944.285,42.2,42,94,101,118,131,132,0.088890043,0.021066011,1,4,0,1.79306496e+08,3.06184192e+08
1791176944.787,29.1,42,96,104,121,135,136,0.088890043,0.021066011,1,4,0,1.97132288e+08,3.32398592e+08
1791176945.289,18.3,42,96,106,124,138,139,0.05626486,0.021066011,1,4,0,2.1495808e+08,3.57564416e+08
1791176945.791,4.5,42,96,106,125,139,140,0.05626486,0.021131126,1,4,0,2.12860928e+08,3.58612992e+08
1791176946.292,0.1,42,96,106,125,139,140,0.05626486,0.021131126,1,4,0,2.12860928e+08,3.58612992e+08
1791176946.794,0.1,42,96,106,125,139,140,0.05626486,0.021131126,1,4,0,2.12860928e+08,3.58612992e+08
