t,mount,open_handles,streaming_handles,window_blocks
0.01,merra2-201901,0,0,119
0.01,merra2-201501,0,0,119
0.01,hemco,0,0,119
0.01,cheminputs,0,0,119
0.01,restarts,0,0,119
0.52,merra2-201901,0,0,119
0.52,merra2-201501,0,0,119
0.52,hemco,0,0,119
0.52,cheminputs,0,0,119
0.52,restarts,0,0,119
1.02,merra2-201901,0,0,119
1.03,merra2-201501,0,0,119
1.03,hemco,0,0,119
1.03,cheminputs,0,0,119
1.03,restarts,0,0,119
1.53,merra2-201901,0,0,119
1.54,merra2-201501,0,0,119
1.54,hemco,0,0,119
1.54,cheminputs,0,0,119
1.54,restarts,12,0,119
2.04,merra2-201901,0,0,119
2.04,merra2-201501,0,0,119
2.05,hemco,0,0,119
2.05,cheminputs,0,0,119
2.05,restarts,1,0,119
2.55,merra2-201901,0,0,119
2.55,merra2-201501,0,0,119
2.55,hemco,0,0,119
2.56,cheminputs,0,0,119
2.56,restarts,1,0,119
3.06,merra2-201901,0,0,119
3.06,merra2-201501,0,0,119
3.06,hemco,0,0,119
3.06,cheminputs,0,0,119
3.06,restarts,1,0,119
3.57,merra2-201901,0,0,119
3.57,merra2-201501,0,0,119
3.57,hemco,0,0,119
3.57,cheminputs,0,0,119
3.57,restarts,1,1,119
4.08,merra2-201901,0,0,119
4.08,merra2-201501,0,0,119
4.08,hemco,0,0,119
4.08,cheminputs,0,0,119
4.08,restarts,0,0,119
4.58,merra2-201901,0,0,119
4.59,merra2-201501,0,0,119
4.59,hemco,0,0,119
4.59,cheminputs,0,0,119
4.59,restarts,0,0,119
5.09,merra2-201901,0,0,119
5.09,merra2-201501,0,0,119
5.10,hemco,0,0,119
5.10,cheminputs,0,0,119
5.10,restarts,0,0,119
5.60,merra2-201901,12,0,119
5.60,merra2-201501,0,0,119
5.60,hemco,0,0,119
5.61,cheminputs,0,0,119
5.61,restarts,0,0,119
6.11,merra2-201901,12,0,119
6.11,merra2-201501,0,0,119
6.11,hemco,0,0,119
6.11,cheminputs,0,0,119
6.12,restarts,0,0,119
6.62,merra2-201901,12,0,119
6.62,merra2-201501,0,0,119
6.62,hemco,0,0,119
6.62,cheminputs,0,0,119
6.62,restarts,0,0,119
7.13,merra2-201901,12,0,119
7.13,merra2-201501,0,0,119
7.13,hemco,0,0,119
7.13,cheminputs,0,0,119
7.13,restarts,0,0,119
7.63,merra2-201901,12,0,119
7.64,merra2-201501,0,0,119
7.64,hemco,0,0,119
7.64,cheminputs,0,0,119
7.64,restarts,0,0,119
8.14,merra2-201901,0,0,119
8.14,merra2-201501,12,0,119
8.15,hemco,0,0,119
8.15,cheminputs,0,0,119
8.15,restarts,0,0,119
8.65,merra2-201901,0,0,119
8.65,merra2-201501,0,0,119
8.65,hemco,13,0,119
8.66,cheminputs,0,0,119
8.66,restarts,0,0,119
9.16,merra2-201901,12,0,119
9.16,merra2-201501,0,0,119
9.16,hemco,0,0,119
9.16,cheminputs,0,0,119
9.16,restarts,0,0,119
9.67,merra2-201901,0,0,119
9.67,merra2-201501,0,0,119
9.67,hemco,12,0,119
9.67,cheminputs,0,0,119
9.67,restarts,0,0,119
10.17,merra2-201901,0,0,119
10.18,merra2-201501,0,0,119
10.18,hemco,12,0,119
10.18,cheminputs,0,0,119
10.18,restarts,0,0,119
10.68,merra2-201901,0,0,119
10.68,merra2-201501,0,0,119
10.69,hemco,13,0,119
10.69,cheminputs,0,0,119
10.69,restarts,0,0,119
11.19,merra2-201901,0,0,119
11.19,merra2-201501,0,0,119
11.20,hemco,0,0,119
11.20,cheminputs,0,0,119
11.20,restarts,0,0,119
11.70,merra2-201901,0,0,119
11.70,merra2-201501,0,0,119
11.70,hemco,0,0,119
11.71,cheminputs,0,0,119
11.71,restarts,0,0,119
12.21,merra2-201901,0,0,119
12.21,merra2-201501,0,0,119
12.21,hemco,0,0,119
12.21,cheminputs,0,0,119
12.22,restarts,0,0,119
12.72,merra2-201901,0,0,119
12.72,merra2-201501,0,0,119
12.72,hemco,0,0,119
12.72,cheminputs,0,0,119
12.72,restarts,0,0,119
13.23,merra2-201901,0,0,119
13.23,merra2-201501,0,0,119
13.23,hemco,0,0,119
13.23,cheminputs,0,0,119
13.23,restarts,0,0,119
13.74,merra2-201901,0,0,119
13.74,merra2-201501,0,0,119
13.74,hemco,0,0,119
13.74,cheminputs,0,0,119
13.74,restarts,0,0,119
14.24,merra2-201901,0,0,119
14.25,merra2-201501,0,0,119
14.25,hemco,0,0,119
14.25,cheminputs,0,0,119
14.25,restarts,0,0,119
14.75,merra2-201901,0,0,119
14.75,merra2-201501,0,0,119
14.76,hemco,0,0,119
14.76,cheminputs,0,0,119
14.76,restarts,0,0,119
15.26,merra2-201901,0,0,119
15.26,merra2-201501,0,0,119
15.26,hemco,0,0,119
15.27,cheminputs,0,0,119
15.27,restarts,0,0,119
15.77,merra2-201901,0,0,119
15.77,merra2-201501,0,0,119
15.77,hemco,0,0,119
15.77,cheminputs,0,0,119
15.78,restarts,0,0,119
16.28,merra2-201901,0,0,119
16.28,merra2-201501,0,0,119
16.28,hemco,0,0,119
16.28,cheminputs,0,0,119
16.28,restarts,0,0,119
16.79,merra2-201901,0,0,119
16.79,merra2-201501,0,0,119
16.79,hemco,0,0,119
16.79,cheminputs,0,0,119
16.79,restarts,0,0,119
17.29,merra2-201901,0,0,119
17.30,merra2-201501,0,0,119
17.30,hemco,0,0,119
17.30,cheminputs,0,0,119
17.30,restarts,0,0,119
17.80,merra2-201901,0,0,119
17.81,merra2-201501,0,0,119
17.81,hemco,0,0,119
17.82,cheminputs,0,0,119
17.82,restarts,0,0,119
18.32,merra2-201901,0,0,119
18.32,merra2-201501,0,0,119
18.32,hemco,0,0,119
18.32,cheminputs,0,0,119
18.33,restarts,0,0,119
18.83,merra2-201901,0,0,119
18.83,merra2-201501,0,0,119
18.83,hemco,0,0,119
18.83,cheminputs,0,0,119
18.83,restarts,0,0,119
19.34,merra2-201901,0,0,119
19.34,merra2-201501,0,0,119
19.34,hemco,0,0,119
19.34,cheminputs,0,0,119
19.34,restarts,0,0,119
19.85,merra2-201901,0,0,119
19.85,merra2-201501,0,0,119
19.85,hemco,0,0,119
19.85,cheminputs,0,0,119
19.85,restarts,0,0,119
20.35,merra2-201901,0,0,119
20.36,merra2-201501,0,0,119
20.36,hemco,0,0,119
20.36,cheminputs,0,0,119
20.36,restarts,0,0,119
20.86,merra2-201901,0,0,119
20.87,merra2-201501,0,0,119
20.87,hemco,0,0,119
20.87,cheminputs,0,0,119
20.87,restarts,0,0,119
21.37,merra2-201901,0,0,119
21.37,merra2-201501,0,0,119
21.37,hemco,0,0,119
21.38,cheminputs,0,0,119
21.38,restarts,0,0,119
21.88,merra2-201901,0,0,119
21.88,merra2-201501,0,0,119
21.88,hemco,0,0,119
21.89,cheminputs,0,0,119
21.89,restarts,0,0,119
22.39,merra2-201901,0,0,119
22.39,merra2-201501,0,0,119
22.39,hemco,0,0,119
22.39,cheminputs,0,0,119
22.40,restarts,0,0,119
22.90,merra2-201901,0,0,119
22.90,merra2-201501,0,0,119
22.90,hemco,0,0,119
22.90,cheminputs,0,0,119
22.90,restarts,0,0,119
23.41,merra2-201901,0,0,119
23.41,merra2-201501,0,0,119
23.41,hemco,0,0,119
23.41,cheminputs,0,0,119
23.41,restarts,0,0,119
23.92,merra2-201901,0,0,119
23.92,merra2-201501,0,0,119
23.92,hemco,0,0,119
23.92,cheminputs,0,0,119
23.92,restarts,0,0,119
24.42,merra2-201901,0,0,119
24.43,merra2-201501,0,0,119
24.43,hemco,0,0,119
24.43,cheminputs,0,0,119
24.43,restarts,0,0,119
24.93,merra2-201901,0,0,119
24.93,merra2-201501,0,0,119
24.93,hemco,0,0,119
24.94,cheminputs,0,0,119
24.94,restarts,0,0,119
25.44,merra2-201901,0,0,119
25.44,merra2-201501,0,0,119
25.44,hemco,0,0,119
25.44,cheminputs,0,0,119
25.45,restarts,0,0,119
25.95,merra2-201901,0,0,119
25.95,merra2-201501,0,0,119
25.95,hemco,0,0,119
25.95,cheminputs,0,0,119
25.95,restarts,0,0,119
26.46,merra2-201901,0,0,119
26.46,merra2-201501,0,0,119
26.46,hemco,0,0,119
26.46,cheminputs,0,0,119
26.46,restarts,0,0,119
26.96,merra2-201901,0,0,119
26.97,merra2-201501,0,0,119
26.97,hemco,0,0,119
26.97,cheminputs,0,0,119
26.97,restarts,0,0,119
27.47,merra2-201901,0,0,119
27.48,merra2-201501,0,0,119
27.48,hemco,0,0,119
27.48,cheminputs,0,0,119
27.48,restarts,0,0,119
27.99,merra2-201901,0,0,119
27.99,merra2-201501,0,0,119
27.99,hemco,0,0,119
27.99,cheminputs,0,0,119
27.99,restarts,0,0,119
28.49,merra2-201901,0,0,119
28.50,merra2-201501,0,0,119
28.50,hemco,0,0,119
28.50,cheminputs,0,0,119
28.50,restarts,0,0,119
29.00,merra2-201901,0,0,119
29.00,merra2-201501,0,0,119
29.01,hemco,0,0,119
29.01,cheminputs,0,0,119
29.01,restarts,0,0,119
29.51,merra2-201901,0,0,119
29.51,merra2-201501,0,0,119
29.51,hemco,0,0,119
29.52,cheminputs,0,0,119
29.52,restarts,0,0,119
30.02,merra2-201901,0,0,119
30.02,merra2-201501,0,0,119
30.02,hemco,0,0,119
30.02,cheminputs,0,0,119
30.03,restarts,0,0,119
30.53,merra2-201901,0,0,119
30.53,merra2-201501,0,0,119
30.53,hemco,0,0,119
30.53,cheminputs,0,0,119
30.53,restarts,0,0,119
31.04,merra2-201901,0,0,119
31.04,merra2-201501,0,0,119
31.04,hemco,0,0,119
31.04,cheminputs,0,0,119
31.04,restarts,0,0,119
31.55,merra2-201901,0,0,119
31.55,merra2-201501,0,0,119
31.55,hemco,0,0,119
31.55,cheminputs,0,0,119
31.55,restarts,0,0,119
32.05,merra2-201901,0,0,119
32.06,merra2-201501,0,0,119
32.06,hemco,0,0,119
32.06,cheminputs,0,0,119
32.06,restarts,0,0,119
32.56,merra2-201901,0,0,119
32.57,merra2-201501,0,0,119
32.57,hemco,0,0,119
32.57,cheminputs,0,0,119
32.57,restarts,0,0,119
33.07,merra2-201901,0,0,119
33.07,merra2-201501,0,0,119
33.08,hemco,0,0,119
33.08,cheminputs,0,0,119
33.08,restarts,0,0,119
33.58,merra2-201901,0,0,119
33.58,merra2-201501,0,0,119
33.59,hemco,0,0,119
33.59,cheminputs,0,0,119
33.59,restarts,0,0,119
34.09,merra2-201901,0,0,119
34.09,merra2-201501,0,0,119
34.09,hemco,0,0,119
34.09,cheminputs,0,0,119
34.10,restarts,0,0,119
34.60,merra2-201901,0,0,119
34.60,merra2-201501,0,0,119
34.60,hemco,0,0,119
34.60,cheminputs,0,0,119
34.60,restarts,0,0,119
35.11,merra2-201901,0,0,119
35.11,merra2-201501,0,0,119
35.11,hemco,0,0,119
35.11,cheminputs,0,0,119
35.12,restarts,0,0,119
35.62,merra2-201901,0,0,119
35.62,merra2-201501,0,0,119
35.62,hemco,0,0,119
35.62,cheminputs,0,0,119
35.62,restarts,0,0,119
36.13,merra2-201901,0,0,119
36.13,merra2-201501,0,0,119
36.13,hemco,0,0,119
36.13,cheminputs,0,0,119
36.13,restarts,0,0,119
36.63,merra2-201901,0,0,119
36.64,merra2-201501,0,0,119
36.64,hemco,0,0,119
36.64,cheminputs,0,0,119
36.64,restarts,0,0,119
37.14,merra2-201901,0,0,119
37.14,merra2-201501,0,0,119
37.15,hemco,0,0,119
37.15,cheminputs,0,0,119
37.15,restarts,0,0,119
37.65,merra2-201901,0,0,119
37.65,merra2-201501,0,0,119
37.65,hemco,0,0,119
37.66,cheminputs,0,0,119
37.66,restarts,0,0,119
38.16,merra2-201901,0,0,119
38.16,merra2-201501,0,0,119
38.16,hemco,0,0,119
38.16,cheminputs,0,0,119
38.16,restarts,0,0,119
38.67,merra2-201901,0,0,119
38.67,merra2-201501,0,0,119
38.67,hemco,0,0,119
38.67,cheminputs,0,0,119
38.67,restarts,0,0,119
39.18,merra2-201901,0,0,119
39.18,merra2-201501,0,0,119
39.18,hemco,0,0,119
39.18,cheminputs,0,0,119
39.18,restarts,0,0,119
39.69,merra2-201901,0,0,119
39.69,merra2-201501,0,0,119
39.69,hemco,0,0,119
39.69,cheminputs,0,0,119
39.69,restarts,0,0,119
40.19,merra2-201901,0,0,119
40.20,merra2-201501,0,0,119
40.20,hemco,0,0,119
40.20,cheminputs,0,0,119
40.20,restarts,0,0,119
40.70,merra2-201901,0,0,119
40.70,merra2-201501,0,0,119
40.71,hemco,0,0,119
40.71,cheminputs,0,0,119
40.71,restarts,0,0,119
41.21,merra2-201901,0,0,119
41.21,merra2-201501,0,0,119
41.22,hemco,0,0,119
41.22,cheminputs,0,0,119
41.22,restarts,0,0,119
41.72,merra2-201901,0,0,119
41.72,merra2-201501,0,0,119
41.72,hemco,0,0,119
41.72,cheminputs,0,0,119
41.73,restarts,0,0,119
42.23,merra2-201901,0,0,119
42.23,merra2-201501,0,0,119
42.23,hemco,0,0,119
42.23,cheminputs,0,0,119
42.24,restarts,0,0,119
42.74,merra2-201901,0,0,119
42.74,merra2-201501,0,0,119
42.74,hemco,0,0,119
42.74,cheminputs,0,0,119
42.74,restarts,0,0,119
43.25,merra2-201901,0,0,119
43.25,merra2-201501,0,0,119
43.25,hemco,0,0,119
43.25,cheminputs,0,0,119
43.25,restarts,0,0,119
43.75,merra2-201901,0,0,119
43.76,merra2-201501,0,0,119
43.76,hemco,0,0,119
43.76,cheminputs,0,0,119
43.76,restarts,0,0,119
44.26,merra2-201901,0,0,119
44.26,merra2-201501,0,0,119
44.27,hemco,0,0,119
44.27,cheminputs,0,0,119
44.27,restarts,0,0,119
44.77,merra2-201901,0,0,119
44.77,merra2-201501,0,0,119
44.77,hemco,0,0,119
44.78,cheminputs,0,0,119
44.78,restarts,0,0,119
45.28,merra2-201901,0,0,119
45.28,merra2-201501,0,0,119
45.28,hemco,0,0,119
45.28,cheminputs,0,0,119
45.29,restarts,0,0,119
45.79,merra2-201901,0,0,119
45.79,merra2-201501,0,0,119
45.79,hemco,0,0,119
45.79,cheminputs,0,0,119
45.79,restarts,0,0,119
46.30,merra2-201901,0,0,119
46.30,merra2-201501,0,0,119
46.30,hemco,0,0,119
46.30,cheminputs,0,0,119
46.30,restarts,0,0,119
46.81,merra2-201901,0,0,119
46.81,merra2-201501,0,0,119
46.81,hemco,0,0,119
46.81,cheminputs,0,0,119
46.81,restarts,0,0,119
47.31,merra2-201901,0,0,119
47.32,merra2-201501,0,0,119
47.32,hemco,0,0,119
47.32,cheminputs,0,0,119
47.32,restarts,0,0,119
47.82,merra2-201901,0,0,119
47.82,merra2-201501,0,0,119
47.83,hemco,0,0,119
47.83,cheminputs,0,0,119
47.83,restarts,0,0,119
48.33,merra2-201901,0,0,119
48.33,merra2-201501,0,0,119
48.33,hemco,0,0,119
48.34,cheminputs,0,0,119
48.34,restarts,0,0,119
48.84,merra2-201901,0,0,119
48.84,merra2-201501,0,0,119
48.84,hemco,0,0,119
48.84,cheminputs,0,0,119
48.85,restarts,0,0,119
49.35,merra2-201901,0,0,119
49.35,merra2-201501,0,0,119
49.35,hemco,0,0,119
49.35,cheminputs,0,0,119
49.36,restarts,0,0,119
49.86,merra2-201901,0,0,119
49.86,merra2-201501,0,0,119
49.86,hemco,0,0,119
49.86,cheminputs,0,0,119
49.86,restarts,0,0,119
50.37,merra2-201901,0,0,119
50.37,merra2-201501,0,0,119
50.37,hemco,0,0,119
50.37,cheminputs,0,0,119
50.37,restarts,0,0,119
50.87,merra2-201901,0,0,119
50.88,merra2-201501,0,0,119
50.88,hemco,0,0,119
50.88,cheminputs,0,0,119
50.88,restarts,0,0,119
51.38,merra2-201901,0,0,119
51.38,merra2-201501,0,0,119
51.39,hemco,0,0,119
51.39,cheminputs,0,0,119
51.39,restarts,0,0,119
51.89,merra2-201901,0,0,119
51.89,merra2-201501,0,0,119
51.89,hemco,0,0,119
51.90,cheminputs,0,0,119
51.90,restarts,0,0,119
52.40,merra2-201901,0,0,119
52.40,merra2-201501,0,0,119
52.40,hemco,0,0,119
52.40,cheminputs,0,0,119
52.41,restarts,0,0,119
52.91,merra2-201901,0,0,119
52.91,merra2-201501,0,0,119
52.91,hemco,0,0,119
52.91,cheminputs,0,0,119
52.92,restarts,0,0,119
53.42,merra2-201901,0,0,119
53.42,merra2-201501,0,0,119
53.42,hemco,0,0,119
53.42,cheminputs,0,0,119
53.42,restarts,0,0,119
53.93,merra2-201901,0,0,119
53.93,merra2-201501,0,0,119
53.93,hemco,0,0,119
53.93,cheminputs,0,0,119
53.93,restarts,0,0,119
54.44,merra2-201901,0,0,119
54.44,merra2-201501,0,0,119
54.44,hemco,0,0,119
54.44,cheminputs,0,0,119
54.44,restarts,0,0,119
54.94,merra2-201901,0,0,119
54.95,merra2-201501,0,0,119
54.95,hemco,0,0,119
54.95,cheminputs,0,0,119
54.95,restarts,0,0,119
55.45,merra2-201901,16,0,119
55.45,merra2-201501,0,0,119
55.46,hemco,0,0,119
55.46,cheminputs,0,0,119
55.46,restarts,0,0,119
55.96,merra2-201901,16,2,59
55.96,merra2-201501,0,0,119
55.96,hemco,0,0,119
55.96,cheminputs,0,0,119
55.97,restarts,0,0,119
56.47,merra2-201901,19,4,29
56.47,merra2-201501,0,0,119
56.47,hemco,0,0,119
56.47,cheminputs,0,0,119
56.48,restarts,0,0,119
56.98,merra2-201901,27,7,17
56.98,merra2-201501,0,0,119
56.98,hemco,0,0,119
56.98,cheminputs,0,0,119
56.98,restarts,0,0,119
57.49,merra2-201901,36,7,17
57.49,merra2-201501,0,0,119
57.49,hemco,0,0,119
57.49,cheminputs,0,0,119
57.49,restarts,0,0,119
57.99,merra2-201901,39,11,10
57.99,merra2-201501,0,0,119
58.00,hemco,0,0,119
58.00,cheminputs,0,0,119
58.00,restarts,0,0,119
58.50,merra2-201901,46,14,8
58.50,merra2-201501,0,0,119
58.51,hemco,0,0,119
58.51,cheminputs,0,0,119
58.51,restarts,0,0,119
59.01,merra2-201901,50,18,6
59.01,merra2-201501,1,0,119
59.01,hemco,1,0,119
59.01,cheminputs,1,0,119
59.02,restarts,0,0,119
59.52,merra2-201901,53,20,5
59.52,merra2-201501,2,0,119
59.52,hemco,4,1,119
59.52,cheminputs,3,0,119
59.52,restarts,0,0,119
60.03,merra2-201901,57,23,5
60.03,merra2-201501,3,0,119
60.03,hemco,8,1,119
60.03,cheminputs,5,0,119
60.03,restarts,0,0,119
60.53,merra2-201901,58,24,4
60.54,merra2-201501,4,0,119
60.54,hemco,14,2,59
60.54,cheminputs,8,0,119
60.54,restarts,0,0,119
61.04,merra2-201901,58,25,4
61.04,merra2-201501,6,0,119
61.05,hemco,16,3,39
61.05,cheminputs,10,0,119
61.05,restarts,0,0,119
61.55,merra2-201901,59,26,4
61.55,merra2-201501,6,0,119
61.55,hemco,16,3,39
61.55,cheminputs,10,0,119
61.56,restarts,0,0,119
62.06,merra2-201901,59,26,4
62.06,merra2-201501,6,0,119
62.06,hemco,18,3,39
62.06,cheminputs,11,0,119
62.06,restarts,0,0,119
62.57,merra2-201901,60,26,4
62.57,merra2-201501,6,0,119
62.57,hemco,18,3,39
62.57,cheminputs,11,0,119
62.57,restarts,0,0,119
63.07,merra2-201901,60,26,4
63.08,merra2-201501,6,0,119
63.08,hemco,20,3,39
63.08,cheminputs,12,0,119
63.08,restarts,0,0,119
63.58,merra2-201901,60,26,4
63.58,merra2-201501,6,0,119
63.58,hemco,20,4,29
63.59,cheminputs,12,0,119
63.59,restarts,0,0,119
64.09,merra2-201901,60,26,4
64.09,merra2-201501,6,0,119
64.09,hemco,20,4,29
64.09,cheminputs,12,0,119
64.10,restarts,0,0,119
64.60,merra2-201901,60,26,4
64.60,merra2-201501,6,0,119
64.60,hemco,20,4,29
64.60,cheminputs,12,0,119
64.60,restarts,0,0,119
65.11,merra2-201901,60,26,4
65.11,merra2-201501,6,0,119
65.11,hemco,20,4,29
65.11,cheminputs,12,0,119
65.11,restarts,0,0,119
65.62,merra2-201901,60,26,4
65.62,merra2-201501,6,0,119
65.62,hemco,20,4,29
65.62,cheminputs,12,0,119
65.62,restarts,0,0,119
66.12,merra2-201901,60,26,4
66.13,merra2-201501,6,0,119
66.13,hemco,20,4,29
66.13,cheminputs,12,0,119
66.14,restarts,0,0,119
66.64,merra2-201901,60,26,4
66.64,merra2-201501,6,0,119
66.64,hemco,20,4,29
66.64,cheminputs,12,0,119
66.64,restarts,0,0,119
67.16,merra2-201901,60,26,4
67.16,merra2-201501,6,0,119
67.17,hemco,20,4,29
67.17,cheminputs,12,0,119
67.17,restarts,0,0,119
67.67,merra2-201901,60,26,4
67.67,merra2-201501,6,0,119
67.68,hemco,20,4,29
67.68,cheminputs,12,0,119
67.68,restarts,0,0,119
68.20,merra2-201901,60,26,4
68.20,merra2-201501,6,0,119
68.20,hemco,20,4,29
68.20,cheminputs,12,0,119
68.21,restarts,0,0,119
68.71,merra2-201901,60,26,4
68.71,merra2-201501,6,0,119
68.71,hemco,20,4,29
68.71,cheminputs,12,0,119
68.71,restarts,0,0,119
69.22,merra2-201901,60,26,4
69.22,merra2-201501,6,0,119
69.22,hemco,20,4,29
69.22,cheminputs,12,0,119
69.22,restarts,0,0,119
69.73,merra2-201901,60,24,4
69.73,merra2-201501,6,0,119
69.73,hemco,20,4,29
69.73,cheminputs,12,0,119
69.73,restarts,0,0,119
70.23,merra2-201901,60,26,4
70.24,merra2-201501,6,0,119
70.24,hemco,20,4,29
70.24,cheminputs,12,0,119
70.24,restarts,0,0,119
70.74,merra2-201901,65,28,4
70.74,merra2-201501,6,0,119
70.75,hemco,20,4,29
70.75,cheminputs,12,0,119
70.75,restarts,0,0,119
71.25,merra2-201901,65,32,3
71.25,merra2-201501,6,0,119
71.25,hemco,20,4,29
71.25,cheminputs,12,0,119
71.26,restarts,0,0,119
71.76,merra2-201901,65,32,3
71.76,merra2-201501,6,0,119
71.76,hemco,20,4,29
71.76,cheminputs,12,0,119
71.76,restarts,0,0,119
72.27,merra2-201901,65,32,3
72.27,merra2-201501,6,0,119
72.27,hemco,20,4,29
72.27,cheminputs,12,0,119
72.28,restarts,0,0,119
72.78,merra2-201901,65,32,3
72.78,merra2-201501,6,0,119
72.79,hemco,20,4,29
72.79,cheminputs,12,0,119
72.81,restarts,0,0,119
73.31,merra2-201901,65,32,3
73.31,merra2-201501,6,0,119
73.31,hemco,20,4,29
73.31,cheminputs,12,0,119
73.31,restarts,0,0,119
73.82,merra2-201901,65,32,3
73.82,merra2-201501,6,0,119
73.82,hemco,20,4,29
73.82,cheminputs,12,0,119
73.83,restarts,0,0,119
74.33,merra2-201901,65,32,3
74.33,merra2-201501,6,0,119
74.34,hemco,20,4,29
74.34,cheminputs,12,0,119
74.34,restarts,0,0,119
74.84,merra2-201901,65,32,3
74.85,merra2-201501,6,0,119
74.85,hemco,20,4,29
74.85,cheminputs,12,0,119
74.85,restarts,0,0,119
75.35,merra2-201901,65,32,3
75.36,merra2-201501,6,0,119
75.36,hemco,20,4,29
75.36,cheminputs,12,0,119
75.36,restarts,0,0,119
75.87,merra2-201901,66,31,3
75.87,merra2-201501,6,0,119
75.87,hemco,20,4,29
75.87,cheminputs,12,0,119
75.87,restarts,0,0,119
76.38,merra2-201901,69,29,4
76.38,merra2-201501,6,0,119
76.38,hemco,20,4,29
76.38,cheminputs,12,0,119
76.38,restarts,0,0,119
76.88,merra2-201901,70,31,3
76.88,merra2-201501,6,0,119
76.89,hemco,20,4,29
76.89,cheminputs,12,0,119
76.89,restarts,0,0,119
77.39,merra2-201901,70,32,3
77.39,merra2-201501,6,0,119
77.40,hemco,20,4,29
77.40,cheminputs,12,0,119
77.40,restarts,0,0,119
77.90,merra2-201901,70,32,3
77.90,merra2-201501,6,0,119
77.90,hemco,20,4,29
77.91,cheminputs,12,0,119
77.91,restarts,0,0,119
78.43,merra2-201901,70,32,3
78.43,merra2-201501,6,0,119
78.43,hemco,20,4,29
78.43,cheminputs,12,0,119
78.43,restarts,0,0,119
78.94,merra2-201901,70,32,3
78.94,merra2-201501,6,0,119
78.94,hemco,20,4,29
78.94,cheminputs,12,0,119
78.94,restarts,0,0,119
79.45,merra2-201901,70,32,3
79.45,merra2-201501,6,0,119
79.45,hemco,20,4,29
79.45,cheminputs,12,0,119
79.46,restarts,0,0,119
79.96,merra2-201901,70,32,3
79.97,merra2-201501,6,0,119
79.97,hemco,20,4,29
79.98,cheminputs,12,0,119
79.98,restarts,0,0,119
80.48,merra2-201901,70,32,3
80.48,merra2-201501,6,0,119
80.49,hemco,20,4,29
80.49,cheminputs,12,0,119
80.49,restarts,0,0,119
80.99,merra2-201901,70,32,3
80.99,merra2-201501,6,0,119
81.00,hemco,20,4,29
81.00,cheminputs,12,0,119
81.00,restarts,0,0,119
81.50,merra2-201901,70,34,3
81.50,merra2-201501,6,0,119
81.51,hemco,20,4,29
81.51,cheminputs,12,0,119
81.51,restarts,0,0,119
82.01,merra2-201901,71,37,3
82.01,merra2-201501,6,0,119
82.02,hemco,20,4,29
82.02,cheminputs,12,0,119
82.02,restarts,0,0,119
82.52,merra2-201901,71,36,3
82.52,merra2-201501,6,0,119
82.52,hemco,20,4,29
82.52,cheminputs,12,0,119
82.53,restarts,0,0,119
83.03,merra2-201901,71,36,3
83.03,merra2-201501,6,0,119
83.03,hemco,20,4,29
83.03,cheminputs,12,0,119
83.04,restarts,0,0,119
83.54,merra2-201901,71,36,3
83.54,merra2-201501,6,0,119
83.54,hemco,20,4,29
83.54,cheminputs,12,0,119
83.54,restarts,0,0,119
84.05,merra2-201901,71,36,3
84.05,merra2-201501,6,0,119
84.05,hemco,20,4,29
84.05,cheminputs,12,0,119
84.05,restarts,0,0,119
84.56,merra2-201901,71,36,3
84.56,merra2-201501,6,0,119
84.56,hemco,20,4,29
84.56,cheminputs,12,0,119
84.56,restarts,0,0,119
85.06,merra2-201901,71,36,3
85.07,merra2-201501,6,0,119
85.07,hemco,20,4,29
85.07,cheminputs,12,0,119
85.07,restarts,0,0,119
85.58,merra2-201901,71,36,3
85.58,merra2-201501,6,0,119
85.58,hemco,20,4,29
85.58,cheminputs,12,0,119
85.58,restarts,0,0,119
86.08,merra2-201901,71,36,3
86.09,merra2-201501,6,0,119
86.09,hemco,20,4,29
86.09,cheminputs,12,0,119
86.09,restarts,0,0,119
86.60,merra2-201901,71,36,3
86.60,merra2-201501,6,0,119
86.60,hemco,20,4,29
86.60,cheminputs,12,0,119
86.61,restarts,0,0,119
87.11,merra2-201901,71,38,3
87.11,merra2-201501,6,0,119
87.11,hemco,20,4,29
87.11,cheminputs,12,0,119
87.12,restarts,0,0,119
87.62,merra2-201901,72,38,3
87.62,merra2-201501,6,0,119
87.62,hemco,20,4,29
87.62,cheminputs,12,0,119
87.62,restarts,0,0,119
88.13,merra2-201901,72,37,3
88.13,merra2-201501,6,0,119
88.13,hemco,20,4,29
88.13,cheminputs,12,0,119
88.14,restarts,0,0,119
88.64,merra2-201901,72,37,3
88.64,merra2-201501,6,0,119
88.64,hemco,20,4,29
88.64,cheminputs,12,0,119
88.64,restarts,0,0,119
89.15,merra2-201901,72,37,3
89.15,merra2-201501,6,0,119
89.15,hemco,20,4,29
89.15,cheminputs,12,0,119
89.15,restarts,0,0,119
89.66,merra2-201901,72,37,3
89.68,merra2-201501,6,0,119
89.68,hemco,20,4,29
89.69,cheminputs,12,0,119
89.69,restarts,0,0,119
90.19,merra2-201901,72,37,3
90.20,merra2-201501,6,0,119
90.20,hemco,20,4,29
90.20,cheminputs,12,0,119
90.20,restarts,0,0,119
90.70,merra2-201901,72,37,3
90.71,merra2-201501,6,0,119
90.71,hemco,20,4,29
90.71,cheminputs,12,0,119
90.71,restarts,0,0,119
91.22,merra2-201901,72,37,3
91.22,merra2-201501,6,0,119
91.22,hemco,20,4,29
91.22,cheminputs,12,0,119
91.22,restarts,0,0,119
91.72,merra2-201901,72,37,3
91.73,merra2-201501,6,0,119
91.73,hemco,20,4,29
91.73,cheminputs,12,0,119
91.73,restarts,0,0,119
92.24,merra2-201901,72,39,3
92.24,merra2-201501,6,0,119
92.24,hemco,20,4,29
92.24,cheminputs,12,0,119
92.24,restarts,0,0,119
92.74,merra2-201901,72,36,3
92.75,merra2-201501,6,0,119
92.75,hemco,20,4,29
92.75,cheminputs,12,0,119
92.75,restarts,0,0,119
93.25,merra2-201901,72,36,3
93.25,merra2-201501,6,0,119
93.26,hemco,20,4,29
93.26,cheminputs,12,0,119
93.26,restarts,0,0,119
93.76,merra2-201901,72,35,3
93.76,merra2-201501,6,0,119
93.77,hemco,20,4,29
93.77,cheminputs,12,0,119
93.77,restarts,0,0,119
94.27,merra2-201901,72,35,3
94.28,merra2-201501,6,0,119
94.28,hemco,20,4,29
94.28,cheminputs,12,0,119
94.28,restarts,0,0,119
94.80,merra2-201901,72,35,3
94.80,merra2-201501,6,0,119
94.81,hemco,20,4,29
94.81,cheminputs,12,0,119
94.81,restarts,0,0,119
95.31,merra2-201901,72,35,3
95.31,merra2-201501,6,0,119
95.32,hemco,20,4,29
95.32,cheminputs,12,0,119
95.32,restarts,0,0,119
95.82,merra2-201901,72,35,3
95.82,merra2-201501,6,0,119
95.83,hemco,20,4,29
95.83,cheminputs,12,0,119
95.83,restarts,0,0,119
96.33,merra2-201901,72,35,3
96.34,merra2-201501,6,0,119
96.34,hemco,20,4,29
96.34,cheminputs,12,0,119
96.34,restarts,0,0,119
96.84,merra2-201901,72,35,3
96.85,merra2-201501,6,0,119
96.85,hemco,20,4,29
96.85,cheminputs,12,0,119
96.85,restarts,0,0,119
97.37,merra2-201901,72,35,3
97.37,merra2-201501,6,0,119
97.37,hemco,20,4,29
97.38,cheminputs,12,0,119
97.38,restarts,0,0,119
97.88,merra2-201901,72,33,3
97.88,merra2-201501,6,0,119
97.88,hemco,20,4,29
97.89,cheminputs,12,0,119
97.89,restarts,0,0,119
98.39,merra2-201901,72,32,3
98.39,merra2-201501,6,0,119
98.39,hemco,20,4,29
98.39,cheminputs,12,0,119
98.40,restarts,0,0,119
98.90,merra2-201901,72,27,4
98.90,merra2-201501,6,0,119
98.90,hemco,20,4,29
98.90,cheminputs,12,0,119
98.90,restarts,0,0,119
99.41,merra2-201901,72,28,4
99.41,merra2-201501,6,0,119
99.41,hemco,20,4,29
99.41,cheminputs,12,0,119
99.41,restarts,0,0,119
99.92,merra2-201901,72,28,4
99.92,merra2-201501,6,0,119
99.92,hemco,20,4,29
99.92,cheminputs,12,0,119
99.92,restarts,0,0,119
100.43,merra2-201901,72,28,4
100.43,merra2-201501,6,0,119
100.43,hemco,20,4,29
100.43,cheminputs,12,0,119
100.43,restarts,0,0,119
100.94,merra2-201901,72,28,4
100.95,merra2-201501,6,0,119
100.96,hemco,20,4,29
100.96,cheminputs,12,0,119
100.97,restarts,0,0,119
101.47,merra2-201901,72,28,4
101.47,merra2-201501,6,0,119
101.47,hemco,20,4,29
101.47,cheminputs,12,0,119
101.47,restarts,0,0,119
101.98,merra2-201901,72,28,4
101.98,merra2-201501,6,0,119
101.98,hemco,20,4,29
101.98,cheminputs,12,0,119
101.99,restarts,0,0,119
102.49,merra2-201901,72,28,4
102.49,merra2-201501,6,0,119
102.49,hemco,20,4,29
102.49,cheminputs,12,0,119
102.49,restarts,0,0,119
103.00,merra2-201901,72,28,4
103.00,merra2-201501,6,0,119
103.00,hemco,20,4,29
103.00,cheminputs,12,0,119
103.00,restarts,0,0,119
103.51,merra2-201901,84,28,4
103.51,merra2-201501,6,0,119
103.51,hemco,20,4,29
103.51,cheminputs,12,0,119
103.51,restarts,0,0,119
104.01,merra2-201901,75,28,4
104.02,merra2-201501,6,0,119
104.02,hemco,20,4,29
104.02,cheminputs,12,0,119
104.02,restarts,0,0,119
104.52,merra2-201901,75,28,4
104.52,merra2-201501,6,0,119
104.52,hemco,20,4,29
104.53,cheminputs,12,0,119
104.53,restarts,0,0,119
105.03,merra2-201901,75,30,3
105.03,merra2-201501,6,0,119
105.03,hemco,20,4,29
105.04,cheminputs,12,0,119
105.04,restarts,0,0,119
105.54,merra2-201901,87,30,3
105.54,merra2-201501,6,0,119
105.54,hemco,20,4,29
105.54,cheminputs,12,0,119
105.55,restarts,0,0,119
106.05,merra2-201901,87,30,3
106.05,merra2-201501,6,0,119
106.05,hemco,20,4,29
106.05,cheminputs,12,0,119
106.05,restarts,0,0,119
106.56,merra2-201901,87,30,3
106.56,merra2-201501,6,0,119
106.56,hemco,20,4,29
106.56,cheminputs,12,0,119
106.56,restarts,0,0,119
107.06,merra2-201901,87,30,3
107.07,merra2-201501,6,0,119
107.07,hemco,20,4,29
107.07,cheminputs,12,0,119
107.07,restarts,0,0,119
107.57,merra2-201901,79,30,3
107.57,merra2-201501,6,0,119
107.57,hemco,20,4,29
107.58,cheminputs,12,0,119
107.58,restarts,0,0,119
108.08,merra2-201901,89,30,3
108.08,merra2-201501,6,0,119
108.08,hemco,20,4,29
108.08,cheminputs,12,0,119
108.08,restarts,0,0,119
108.59,merra2-201901,90,31,3
108.59,merra2-201501,6,0,119
108.59,hemco,20,4,29
108.59,cheminputs,12,0,119
108.59,restarts,0,0,119
109.09,merra2-201901,91,33,3
109.10,merra2-201501,6,0,119
109.10,hemco,20,4,29
109.10,cheminputs,12,0,119
109.10,restarts,0,0,119
109.60,merra2-201901,91,36,3
109.60,merra2-201501,6,0,119
109.61,hemco,20,4,29
109.61,cheminputs,12,0,119
109.61,restarts,0,0,119
110.11,merra2-201901,94,38,3
110.11,merra2-201501,6,0,119
110.11,hemco,20,4,29
110.11,cheminputs,12,0,119
110.12,restarts,0,0,119
110.62,merra2-201901,96,39,3
110.62,merra2-201501,6,0,119
110.62,hemco,20,4,29
110.62,cheminputs,12,0,119
110.62,restarts,0,0,119
111.13,merra2-201901,96,39,3
111.13,merra2-201501,6,0,119
111.13,hemco,20,4,29
111.13,cheminputs,12,0,119
111.13,restarts,0,0,119
111.64,merra2-201901,97,41,2
111.65,merra2-201501,6,0,119
111.65,hemco,20,4,29
111.65,cheminputs,12,0,119
111.65,restarts,0,0,119
112.16,merra2-201901,97,41,2
112.16,merra2-201501,6,0,119
112.16,hemco,20,4,29
112.16,cheminputs,12,0,119
112.17,restarts,0,0,119
112.67,merra2-201901,97,41,2
112.67,merra2-201501,6,0,119
112.67,hemco,20,4,29
112.68,cheminputs,12,0,119
112.68,restarts,0,0,119
113.18,merra2-201901,97,41,2
113.18,merra2-201501,6,0,119
113.19,hemco,20,4,29
113.19,cheminputs,12,0,119
113.19,restarts,0,0,119
113.69,merra2-201901,97,41,2
113.69,merra2-201501,6,0,119
113.70,hemco,20,4,29
113.70,cheminputs,12,0,119
113.70,restarts,0,0,119
114.20,merra2-201901,97,41,2
114.20,merra2-201501,6,0,119
114.21,hemco,20,4,29
114.21,cheminputs,12,0,119
114.21,restarts,0,0,119
114.72,merra2-201901,109,41,2
114.72,merra2-201501,6,0,119
114.72,hemco,20,4,29
114.72,cheminputs,12,0,119
114.72,restarts,0,0,119
115.22,merra2-201901,109,41,2
115.23,merra2-201501,6,0,119
115.23,hemco,20,4,29
115.23,cheminputs,12,0,119
115.23,restarts,0,0,119
115.73,merra2-201901,109,41,2
115.74,merra2-201501,6,0,119
115.74,hemco,20,4,29
115.74,cheminputs,12,0,119
115.74,restarts,0,0,119
116.24,merra2-201901,109,41,2
116.25,merra2-201501,6,0,119
116.25,hemco,20,4,29
116.25,cheminputs,12,0,119
116.25,restarts,0,0,119
116.76,merra2-201901,110,43,2
116.76,merra2-201501,6,0,119
116.76,hemco,20,4,29
116.76,cheminputs,12,0,119
116.76,restarts,0,0,119
117.27,merra2-201901,110,43,2
117.27,merra2-201501,6,0,119
117.27,hemco,20,4,29
117.27,cheminputs,12,0,119
117.27,restarts,0,0,119
117.77,merra2-201901,0,0,119
117.78,merra2-201501,0,0,119
117.78,hemco,0,0,119
117.78,cheminputs,0,0,119
117.78,restarts,0,0,119
118.28,merra2-201901,0,0,119
118.28,merra2-201501,0,0,119
118.29,hemco,0,0,119
118.29,cheminputs,0,0,119
118.29,restarts,0,0,119
118.79,merra2-201901,0,0,119
118.79,merra2-201501,0,0,119
118.80,hemco,0,0,119
118.80,cheminputs,0,0,119
118.80,restarts,0,0,119
119.30,merra2-201901,0,0,119
119.30,merra2-201501,0,0,119
119.30,hemco,0,0,119
119.30,cheminputs,0,0,119
119.31,restarts,0,0,119
119.81,merra2-201901,0,0,119
119.81,merra2-201501,0,0,119
119.81,hemco,0,0,119
119.81,cheminputs,0,0,119
119.82,restarts,0,0,119
