ms,kind,prefetched,wait_ms,inflight,lag_ms,chunk,key
7882.238,open,false,-1.000,0,-1.000,38736962,GEOSCHEM_RESTARTS/GC_14.7.0/GEOSChem.Restart.TransportTracers.20190101_0000z.c24.nc4
7882.329,uncovered,false,113.783,0,-1.000,0,GEOSCHEM_RESTARTS/GC_14.7.0/GEOSChem.Restart.TransportTracers.20190101_0000z.c24.nc4
7996.278,hit,false,0.000,0,-1.000,0,GEOSCHEM_RESTARTS/GC_14.7.0/GEOSChem.Restart.TransportTracers.20190101_0000z.c24.nc4
8009.445,open,false,-1.000,0,-1.000,38736962,GEOSCHEM_RESTARTS/GC_14.7.0/GEOSChem.Restart.TransportTracers.20190101_0000z.c24.nc4
8009.462,open,false,-1.000,0,-1.000,38736962,GEOSCHEM_RESTARTS/GC_14.7.0/GEOSChem.Restart.TransportTracers.20190101_0000z.c24.nc4
8009.473,open,false,-1.000,0,-1.000,38736962,GEOSCHEM_RESTARTS/GC_14.7.0/GEOSChem.Restart.TransportTracers.20190101_0000z.c24.nc4
8009.483,open,false,-1.000,0,-1.000,38736962,GEOSCHEM_RESTARTS/GC_14.7.0/GEOSChem.Restart.TransportTracers.20190101_0000z.c24.nc4
8009.484,open,false,-1.000,0,-1.000,38736962,GEOSCHEM_RESTARTS/GC_14.7.0/GEOSChem.Restart.TransportTracers.20190101_0000z.c24.nc4
8009.495,open,false,-1.000,0,-1.000,38736962,GEOSCHEM_RESTARTS/GC_14.7.0/GEOSChem.Restart.TransportTracers.20190101_0000z.c24.nc4
8009.508,open,false,-1.000,0,-1.000,38736962,GEOSCHEM_RESTARTS/GC_14.7.0/GEOSChem.Restart.TransportTracers.20190101_0000z.c24.nc4
8009.513,open,false,-1.000,0,-1.000,38736962,GEOSCHEM_RESTARTS/GC_14.7.0/GEOSChem.Restart.TransportTracers.20190101_0000z.c24.nc4
8009.521,open,false,-1.000,0,-1.000,38736962,GEOSCHEM_RESTARTS/GC_14.7.0/GEOSChem.Restart.TransportTracers.20190101_0000z.c24.nc4
8009.523,open,false,-1.000,0,-1.000,38736962,GEOSCHEM_RESTARTS/GC_14.7.0/GEOSChem.Restart.TransportTracers.20190101_0000z.c24.nc4
8009.597,hit,false,0.000,0,-1.000,0,GEOSCHEM_RESTARTS/GC_14.7.0/GEOSChem.Restart.TransportTracers.20190101_0000z.c24.nc4
8009.657,hit,false,0.000,0,-1.000,0,GEOSCHEM_RESTARTS/GC_14.7.0/GEOSChem.Restart.TransportTracers.20190101_0000z.c24.nc4
8009.668,open,false,-1.000,0,-1.000,38736962,GEOSCHEM_RESTARTS/GC_14.7.0/GEOSChem.Restart.TransportTracers.20190101_0000z.c24.nc4
8009.732,open,false,-1.000,0,-1.000,38736962,GEOSCHEM_RESTARTS/GC_14.7.0/GEOSChem.Restart.TransportTracers.20190101_0000z.c24.nc4
8009.958,hit,false,0.000,0,-1.000,0,GEOSCHEM_RESTARTS/GC_14.7.0/GEOSChem.Restart.TransportTracers.20190101_0000z.c24.nc4
8009.995,hit,false,0.000,0,-1.000,0,GEOSCHEM_RESTARTS/GC_14.7.0/GEOSChem.Restart.TransportTracers.20190101_0000z.c24.nc4
8010.438,hit,false,0.000,0,-1.000,0,GEOSCHEM_RESTARTS/GC_14.7.0/GEOSChem.Restart.TransportTracers.20190101_0000z.c24.nc4
8010.501,hit,false,0.000,0,-1.000,0,GEOSCHEM_RESTARTS/GC_14.7.0/GEOSChem.Restart.TransportTracers.20190101_0000z.c24.nc4
8010.837,uncovered,false,85.302,0,-1.000,1,GEOSCHEM_RESTARTS/GC_14.7.0/GEOSChem.Restart.TransportTracers.20190101_0000z.c24.nc4
8010.884,uncovered,false,85.309,0,-1.000,1,GEOSCHEM_RESTARTS/GC_14.7.0/GEOSChem.Restart.TransportTracers.20190101_0000z.c24.nc4
8096.689,hit,false,0.000,0,-1.000,1,GEOSCHEM_RESTARTS/GC_14.7.0/GEOSChem.Restart.TransportTracers.20190101_0000z.c24.nc4
8096.723,hit,false,0.000,0,-1.000,1,GEOSCHEM_RESTARTS/GC_14.7.0/GEOSChem.Restart.TransportTracers.20190101_0000z.c24.nc4
8097.233,hit,false,0.000,0,-1.000,1,GEOSCHEM_RESTARTS/GC_14.7.0/GEOSChem.Restart.TransportTracers.20190101_0000z.c24.nc4
8097.242,hit,false,0.000,0,-1.000,1,GEOSCHEM_RESTARTS/GC_14.7.0/GEOSChem.Restart.TransportTracers.20190101_0000z.c24.nc4
8097.601,hit,false,0.000,0,-1.000,1,GEOSCHEM_RESTARTS/GC_14.7.0/GEOSChem.Restart.TransportTracers.20190101_0000z.c24.nc4
8097.709,hit,false,0.000,0,-1.000,1,GEOSCHEM_RESTARTS/GC_14.7.0/GEOSChem.Restart.TransportTracers.20190101_0000z.c24.nc4
8098.158,uncovered,false,89.508,0,-1.000,2,GEOSCHEM_RESTARTS/GC_14.7.0/GEOSChem.Restart.TransportTracers.20190101_0000z.c24.nc4
8142.135,uncovered,false,45.601,0,-1.000,2,GEOSCHEM_RESTARTS/GC_14.7.0/GEOSChem.Restart.TransportTracers.20190101_0000z.c24.nc4
8188.158,hit,false,0.000,0,-1.000,2,GEOSCHEM_RESTARTS/GC_14.7.0/GEOSChem.Restart.TransportTracers.20190101_0000z.c24.nc4
8188.209,hit,false,0.000,0,-1.000,2,GEOSCHEM_RESTARTS/GC_14.7.0/GEOSChem.Restart.TransportTracers.20190101_0000z.c24.nc4
8188.652,hit,false,0.000,0,-1.000,2,GEOSCHEM_RESTARTS/GC_14.7.0/GEOSChem.Restart.TransportTracers.20190101_0000z.c24.nc4
8188.715,hit,false,0.000,0,-1.000,2,GEOSCHEM_RESTARTS/GC_14.7.0/GEOSChem.Restart.TransportTracers.20190101_0000z.c24.nc4
8189.114,hit,false,0.000,0,-1.000,2,GEOSCHEM_RESTARTS/GC_14.7.0/GEOSChem.Restart.TransportTracers.20190101_0000z.c24.nc4
8189.560,uncovered,false,55.257,0,-1.000,3,GEOSCHEM_RESTARTS/GC_14.7.0/GEOSChem.Restart.TransportTracers.20190101_0000z.c24.nc4
8213.236,uncovered,false,31.655,0,-1.000,3,GEOSCHEM_RESTARTS/GC_14.7.0/GEOSChem.Restart.TransportTracers.20190101_0000z.c24.nc4
8245.324,hit,false,0.000,0,-1.000,3,GEOSCHEM_RESTARTS/GC_14.7.0/GEOSChem.Restart.TransportTracers.20190101_0000z.c24.nc4
8245.336,hit,false,0.000,0,-1.000,3,GEOSCHEM_RESTARTS/GC_14.7.0/GEOSChem.Restart.TransportTracers.20190101_0000z.c24.nc4
8245.358,hit,false,0.000,0,-1.000,3,GEOSCHEM_RESTARTS/GC_14.7.0/GEOSChem.Restart.TransportTracers.20190101_0000z.c24.nc4
8245.762,hit,false,0.000,0,-1.000,3,GEOSCHEM_RESTARTS/GC_14.7.0/GEOSChem.Restart.TransportTracers.20190101_0000z.c24.nc4
8245.813,hit,false,0.000,0,-1.000,3,GEOSCHEM_RESTARTS/GC_14.7.0/GEOSChem.Restart.TransportTracers.20190101_0000z.c24.nc4
8245.917,hit,false,0.000,0,-1.000,3,GEOSCHEM_RESTARTS/GC_14.7.0/GEOSChem.Restart.TransportTracers.20190101_0000z.c24.nc4
8246.369,uncovered,false,54.619,1,-1.000,4,GEOSCHEM_RESTARTS/GC_14.7.0/GEOSChem.Restart.TransportTracers.20190101_0000z.c24.nc4
8273.251,open,false,-1.000,0,-1.000,38736962,GEOSCHEM_RESTARTS/GC_14.7.0/GEOSChem.Restart.TransportTracers.20190101_0000z.c24.nc4
8273.253,open,false,-1.000,0,-1.000,38736962,GEOSCHEM_RESTARTS/GC_14.7.0/GEOSChem.Restart.TransportTracers.20190101_0000z.c24.nc4
8273.255,open,false,-1.000,0,-1.000,38736962,GEOSCHEM_RESTARTS/GC_14.7.0/GEOSChem.Restart.TransportTracers.20190101_0000z.c24.nc4
8273.259,open,false,-1.000,0,-1.000,38736962,GEOSCHEM_RESTARTS/GC_14.7.0/GEOSChem.Restart.TransportTracers.20190101_0000z.c24.nc4
8273.260,open,false,-1.000,0,-1.000,38736962,GEOSCHEM_RESTARTS/GC_14.7.0/GEOSChem.Restart.TransportTracers.20190101_0000z.c24.nc4
8273.268,open,false,-1.000,0,-1.000,38736962,GEOSCHEM_RESTARTS/GC_14.7.0/GEOSChem.Restart.TransportTracers.20190101_0000z.c24.nc4
8273.271,open,false,-1.000,0,-1.000,38736962,GEOSCHEM_RESTARTS/GC_14.7.0/GEOSChem.Restart.TransportTracers.20190101_0000z.c24.nc4
8273.279,open,false,-1.000,0,-1.000,38736962,GEOSCHEM_RESTARTS/GC_14.7.0/GEOSChem.Restart.TransportTracers.20190101_0000z.c24.nc4
8273.281,open,false,-1.000,0,-1.000,38736962,GEOSCHEM_RESTARTS/GC_14.7.0/GEOSChem.Restart.TransportTracers.20190101_0000z.c24.nc4
8273.282,open,false,-1.000,0,-1.000,38736962,GEOSCHEM_RESTARTS/GC_14.7.0/GEOSChem.Restart.TransportTracers.20190101_0000z.c24.nc4
8273.283,open,false,-1.000,0,-1.000,38736962,GEOSCHEM_RESTARTS/GC_14.7.0/GEOSChem.Restart.TransportTracers.20190101_0000z.c24.nc4
8273.286,open,false,-1.000,0,-1.000,38736962,GEOSCHEM_RESTARTS/GC_14.7.0/GEOSChem.Restart.TransportTracers.20190101_0000z.c24.nc4
8283.714,uncovered,false,105.770,0,-1.000,36,GEOSCHEM_RESTARTS/GC_14.7.0/GEOSChem.Restart.TransportTracers.20190101_0000z.c24.nc4
8392.029,open,false,-1.000,0,-1.000,38736962,GEOSCHEM_RESTARTS/GC_14.7.0/GEOSChem.Restart.TransportTracers.20190101_0000z.c24.nc4
8395.701,open,false,-1.000,0,-1.000,38736962,GEOSCHEM_RESTARTS/GC_14.7.0/GEOSChem.Restart.TransportTracers.20190101_0000z.c24.nc4
8404.170,open,false,-1.000,0,-1.000,38736962,GEOSCHEM_RESTARTS/GC_14.7.0/GEOSChem.Restart.TransportTracers.20190101_0000z.c24.nc4
8407.504,open,false,-1.000,0,-1.000,38736962,GEOSCHEM_RESTARTS/GC_14.7.0/GEOSChem.Restart.TransportTracers.20190101_0000z.c24.nc4
8439.699,uncovered,false,127.252,0,-1.000,27,GEOSCHEM_RESTARTS/GC_14.7.0/GEOSChem.Restart.TransportTracers.20190101_0000z.c24.nc4
8567.066,uncovered,false,35.703,0,-1.000,26,GEOSCHEM_RESTARTS/GC_14.7.0/GEOSChem.Restart.TransportTracers.20190101_0000z.c24.nc4
8603.239,hit,false,0.000,0,-1.000,26,GEOSCHEM_RESTARTS/GC_14.7.0/GEOSChem.Restart.TransportTracers.20190101_0000z.c24.nc4
8603.585,hit,false,0.000,0,-1.000,26,GEOSCHEM_RESTARTS/GC_14.7.0/GEOSChem.Restart.TransportTracers.20190101_0000z.c24.nc4
8603.871,hit,false,0.000,0,-1.000,26,GEOSCHEM_RESTARTS/GC_14.7.0/GEOSChem.Restart.TransportTracers.20190101_0000z.c24.nc4
8605.209,hit,false,0.000,0,-1.000,26,GEOSCHEM_RESTARTS/GC_14.7.0/GEOSChem.Restart.TransportTracers.20190101_0000z.c24.nc4
8606.296,hit,false,0.000,0,-1.000,26,GEOSCHEM_RESTARTS/GC_14.7.0/GEOSChem.Restart.TransportTracers.20190101_0000z.c24.nc4
8608.514,hit,false,0.000,0,-1.000,27,GEOSCHEM_RESTARTS/GC_14.7.0/GEOSChem.Restart.TransportTracers.20190101_0000z.c24.nc4
8609.584,hit,false,0.000,0,-1.000,27,GEOSCHEM_RESTARTS/GC_14.7.0/GEOSChem.Restart.TransportTracers.20190101_0000z.c24.nc4
8610.654,hit,false,0.000,0,-1.000,27,GEOSCHEM_RESTARTS/GC_14.7.0/GEOSChem.Restart.TransportTracers.20190101_0000z.c24.nc4
8611.697,hit,false,0.000,0,-1.000,27,GEOSCHEM_RESTARTS/GC_14.7.0/GEOSChem.Restart.TransportTracers.20190101_0000z.c24.nc4
8612.801,hit,false,0.000,0,-1.000,27,GEOSCHEM_RESTARTS/GC_14.7.0/GEOSChem.Restart.TransportTracers.20190101_0000z.c24.nc4
8614.195,hit,false,0.000,0,-1.000,27,GEOSCHEM_RESTARTS/GC_14.7.0/GEOSChem.Restart.TransportTracers.20190101_0000z.c24.nc4
8615.240,hit,false,0.000,0,-1.000,27,GEOSCHEM_RESTARTS/GC_14.7.0/GEOSChem.Restart.TransportTracers.20190101_0000z.c24.nc4
8615.861,hit,false,0.000,0,-1.000,27,GEOSCHEM_RESTARTS/GC_14.7.0/GEOSChem.Restart.TransportTracers.20190101_0000z.c24.nc4
8616.348,hit,false,0.000,0,-1.000,27,GEOSCHEM_RESTARTS/GC_14.7.0/GEOSChem.Restart.TransportTracers.20190101_0000z.c24.nc4
8617.515,uncovered,false,44.435,0,-1.000,28,GEOSCHEM_RESTARTS/GC_14.7.0/GEOSChem.Restart.TransportTracers.20190101_0000z.c24.nc4
8637.682,uncovered,false,24.341,0,-1.000,28,GEOSCHEM_RESTARTS/GC_14.7.0/GEOSChem.Restart.TransportTracers.20190101_0000z.c24.nc4
8662.879,hit,false,0.000,0,-1.000,26,GEOSCHEM_RESTARTS/GC_14.7.0/GEOSChem.Restart.TransportTracers.20190101_0000z.c24.nc4
8663.003,uncovered,false,36.187,0,-1.000,24,GEOSCHEM_RESTARTS/GC_14.7.0/GEOSChem.Restart.TransportTracers.20190101_0000z.c24.nc4
8699.635,hit,false,0.000,0,-1.000,24,GEOSCHEM_RESTARTS/GC_14.7.0/GEOSChem.Restart.TransportTracers.20190101_0000z.c24.nc4
8699.980,hit,false,0.000,0,-1.000,24,GEOSCHEM_RESTARTS/GC_14.7.0/GEOSChem.Restart.TransportTracers.20190101_0000z.c24.nc4
8700.227,hit,false,0.000,0,-1.000,24,GEOSCHEM_RESTARTS/GC_14.7.0/GEOSChem.Restart.TransportTracers.20190101_0000z.c24.nc4
8701.532,hit,false,0.000,0,-1.000,24,GEOSCHEM_RESTARTS/GC_14.7.0/GEOSChem.Restart.TransportTracers.20190101_0000z.c24.nc4
8703.781,uncovered,false,58.843,0,-1.000,25,GEOSCHEM_RESTARTS/GC_14.7.0/GEOSChem.Restart.TransportTracers.20190101_0000z.c24.nc4
8732.323,uncovered,false,30.357,0,-1.000,25,GEOSCHEM_RESTARTS/GC_14.7.0/GEOSChem.Restart.TransportTracers.20190101_0000z.c24.nc4
8763.969,hit,false,0.000,0,-1.000,25,GEOSCHEM_RESTARTS/GC_14.7.0/GEOSChem.Restart.TransportTracers.20190101_0000z.c24.nc4
8765.044,hit,false,0.000,0,-1.000,25,GEOSCHEM_RESTARTS/GC_14.7.0/GEOSChem.Restart.TransportTracers.20190101_0000z.c24.nc4
8766.095,hit,false,0.000,0,-1.000,25,GEOSCHEM_RESTARTS/GC_14.7.0/GEOSChem.Restart.TransportTracers.20190101_0000z.c24.nc4
8767.147,hit,false,0.000,0,-1.000,25,GEOSCHEM_RESTARTS/GC_14.7.0/GEOSChem.Restart.TransportTracers.20190101_0000z.c24.nc4
8768.223,hit,false,0.000,0,-1.000,25,GEOSCHEM_RESTARTS/GC_14.7.0/GEOSChem.Restart.TransportTracers.20190101_0000z.c24.nc4
8769.915,hit,false,0.000,0,-1.000,26,GEOSCHEM_RESTARTS/GC_14.7.0/GEOSChem.Restart.TransportTracers.20190101_0000z.c24.nc4
8770.398,hit,false,0.000,0,-1.000,26,GEOSCHEM_RESTARTS/GC_14.7.0/GEOSChem.Restart.TransportTracers.20190101_0000z.c24.nc4
8770.413,hit,false,0.000,0,-1.000,26,GEOSCHEM_RESTARTS/GC_14.7.0/GEOSChem.Restart.TransportTracers.20190101_0000z.c24.nc4
8771.467,hit,false,0.000,0,-1.000,26,GEOSCHEM_RESTARTS/GC_14.7.0/GEOSChem.Restart.TransportTracers.20190101_0000z.c24.nc4
8773.221,uncovered,false,28.025,0,-1.000,31,GEOSCHEM_RESTARTS/GC_14.7.0/GEOSChem.Restart.TransportTracers.20190101_0000z.c24.nc4
8801.337,uncovered,false,31.711,0,-1.000,29,GEOSCHEM_RESTARTS/GC_14.7.0/GEOSChem.Restart.TransportTracers.20190101_0000z.c24.nc4
8833.514,hit,false,0.000,0,-1.000,29,GEOSCHEM_RESTARTS/GC_14.7.0/GEOSChem.Restart.TransportTracers.20190101_0000z.c24.nc4
8834.100,uncovered,false,52.659,0,-1.000,30,GEOSCHEM_RESTARTS/GC_14.7.0/GEOSChem.Restart.TransportTracers.20190101_0000z.c24.nc4
8865.658,uncovered,false,21.170,0,-1.000,30,GEOSCHEM_RESTARTS/GC_14.7.0/GEOSChem.Restart.TransportTracers.20190101_0000z.c24.nc4
8888.053,hit,false,0.000,0,-1.000,30,GEOSCHEM_RESTARTS/GC_14.7.0/GEOSChem.Restart.TransportTracers.20190101_0000z.c24.nc4
8889.108,hit,false,0.000,0,-1.000,30,GEOSCHEM_RESTARTS/GC_14.7.0/GEOSChem.Restart.TransportTracers.20190101_0000z.c24.nc4
8890.160,hit,false,0.000,0,-1.000,30,GEOSCHEM_RESTARTS/GC_14.7.0/GEOSChem.Restart.TransportTracers.20190101_0000z.c24.nc4
8891.277,hit,false,0.000,0,-1.000,30,GEOSCHEM_RESTARTS/GC_14.7.0/GEOSChem.Restart.TransportTracers.20190101_0000z.c24.nc4
8892.325,hit,false,0.000,0,-1.000,30,GEOSCHEM_RESTARTS/GC_14.7.0/GEOSChem.Restart.TransportTracers.20190101_0000z.c24.nc4
8894.463,hit,false,0.000,0,-1.000,31,GEOSCHEM_RESTARTS/GC_14.7.0/GEOSChem.Restart.TransportTracers.20190101_0000z.c24.nc4
8895.519,hit,false,0.000,0,-1.000,31,GEOSCHEM_RESTARTS/GC_14.7.0/GEOSChem.Restart.TransportTracers.20190101_0000z.c24.nc4
8896.584,hit,false,0.000,0,-1.000,31,GEOSCHEM_RESTARTS/GC_14.7.0/GEOSChem.Restart.TransportTracers.20190101_0000z.c24.nc4
8897.432,hit,false,0.000,0,-1.000,31,GEOSCHEM_RESTARTS/GC_14.7.0/GEOSChem.Restart.TransportTracers.20190101_0000z.c24.nc4
8897.709,hit,false,0.000,0,-1.000,31,GEOSCHEM_RESTARTS/GC_14.7.0/GEOSChem.Restart.TransportTracers.20190101_0000z.c24.nc4
8897.731,hit,false,0.000,0,-1.000,31,GEOSCHEM_RESTARTS/GC_14.7.0/GEOSChem.Restart.TransportTracers.20190101_0000z.c24.nc4
8898.783,hit,false,0.000,0,-1.000,31,GEOSCHEM_RESTARTS/GC_14.7.0/GEOSChem.Restart.TransportTracers.20190101_0000z.c24.nc4
8899.835,hit,false,0.000,0,-1.000,31,GEOSCHEM_RESTARTS/GC_14.7.0/GEOSChem.Restart.TransportTracers.20190101_0000z.c24.nc4
8900.804,hit,false,0.000,0,-1.000,29,GEOSCHEM_RESTARTS/GC_14.7.0/GEOSChem.Restart.TransportTracers.20190101_0000z.c24.nc4
8901.346,hit,false,0.000,0,-1.000,28,GEOSCHEM_RESTARTS/GC_14.7.0/GEOSChem.Restart.TransportTracers.20190101_0000z.c24.nc4
8902.396,hit,false,0.000,0,-1.000,28,GEOSCHEM_RESTARTS/GC_14.7.0/GEOSChem.Restart.TransportTracers.20190101_0000z.c24.nc4
8903.441,hit,false,0.000,0,-1.000,28,GEOSCHEM_RESTARTS/GC_14.7.0/GEOSChem.Restart.TransportTracers.20190101_0000z.c24.nc4
8904.514,hit,false,0.000,0,-1.000,28,GEOSCHEM_RESTARTS/GC_14.7.0/GEOSChem.Restart.TransportTracers.20190101_0000z.c24.nc4
8905.553,hit,false,0.000,0,-1.000,28,GEOSCHEM_RESTARTS/GC_14.7.0/GEOSChem.Restart.TransportTracers.20190101_0000z.c24.nc4
8907.685,hit,false,0.000,0,-1.000,29,GEOSCHEM_RESTARTS/GC_14.7.0/GEOSChem.Restart.TransportTracers.20190101_0000z.c24.nc4
8908.771,hit,false,0.000,0,-1.000,29,GEOSCHEM_RESTARTS/GC_14.7.0/GEOSChem.Restart.TransportTracers.20190101_0000z.c24.nc4
8909.789,hit,false,0.000,0,-1.000,29,GEOSCHEM_RESTARTS/GC_14.7.0/GEOSChem.Restart.TransportTracers.20190101_0000z.c24.nc4
8910.790,hit,false,0.000,0,-1.000,29,GEOSCHEM_RESTARTS/GC_14.7.0/GEOSChem.Restart.TransportTracers.20190101_0000z.c24.nc4
8911.808,hit,false,0.000,0,-1.000,29,GEOSCHEM_RESTARTS/GC_14.7.0/GEOSChem.Restart.TransportTracers.20190101_0000z.c24.nc4
8912.824,hit,false,0.000,0,-1.000,29,GEOSCHEM_RESTARTS/GC_14.7.0/GEOSChem.Restart.TransportTracers.20190101_0000z.c24.nc4
8912.877,hit,false,0.000,0,-1.000,29,GEOSCHEM_RESTARTS/GC_14.7.0/GEOSChem.Restart.TransportTracers.20190101_0000z.c24.nc4
8912.885,hit,false,0.000,0,-1.000,29,GEOSCHEM_RESTARTS/GC_14.7.0/GEOSChem.Restart.TransportTracers.20190101_0000z.c24.nc4
8913.988,hit,false,0.000,0,-1.000,29,GEOSCHEM_RESTARTS/GC_14.7.0/GEOSChem.Restart.TransportTracers.20190101_0000z.c24.nc4
8916.125,uncovered,false,89.932,0,-1.000,19,GEOSCHEM_RESTARTS/GC_14.7.0/GEOSChem.Restart.TransportTracers.20190101_0000z.c24.nc4
9006.177,uncovered,false,32.833,0,-1.000,17,GEOSCHEM_RESTARTS/GC_14.7.0/GEOSChem.Restart.TransportTracers.20190101_0000z.c24.nc4
9039.433,uncovered,false,29.353,0,-1.000,17,GEOSCHEM_RESTARTS/GC_14.7.0/GEOSChem.Restart.TransportTracers.20190101_0000z.c24.nc4
9069.148,uncovered,false,28.891,0,-1.000,17,GEOSCHEM_RESTARTS/GC_14.7.0/GEOSChem.Restart.TransportTracers.20190101_0000z.c24.nc4
9069.395,uncovered,false,58.134,0,-1.000,17,GEOSCHEM_RESTARTS/GC_14.7.0/GEOSChem.Restart.TransportTracers.20190101_0000z.c24.nc4
9099.252,uncovered,false,56.815,0,-1.000,17,GEOSCHEM_RESTARTS/GC_14.7.0/GEOSChem.Restart.TransportTracers.20190101_0000z.c24.nc4
9128.756,join,false,27.372,0,-1.000,17,GEOSCHEM_RESTARTS/GC_14.7.0/GEOSChem.Restart.TransportTracers.20190101_0000z.c24.nc4
9157.214,uncovered,false,42.561,0,-1.000,18,GEOSCHEM_RESTARTS/GC_14.7.0/GEOSChem.Restart.TransportTracers.20190101_0000z.c24.nc4
9186.820,join,false,13.023,0,-1.000,18,GEOSCHEM_RESTARTS/GC_14.7.0/GEOSChem.Restart.TransportTracers.20190101_0000z.c24.nc4
9201.039,uncovered,false,24.402,0,-1.000,18,GEOSCHEM_RESTARTS/GC_14.7.0/GEOSChem.Restart.TransportTracers.20190101_0000z.c24.nc4
9202.077,uncovered,false,49.370,0,-1.000,18,GEOSCHEM_RESTARTS/GC_14.7.0/GEOSChem.Restart.TransportTracers.20190101_0000z.c24.nc4
9226.654,uncovered,false,53.464,0,-1.000,18,GEOSCHEM_RESTARTS/GC_14.7.0/GEOSChem.Restart.TransportTracers.20190101_0000z.c24.nc4
9252.633,uncovered,false,51.582,0,-1.000,18,GEOSCHEM_RESTARTS/GC_14.7.0/GEOSChem.Restart.TransportTracers.20190101_0000z.c24.nc4
9281.270,uncovered,false,50.807,0,-1.000,18,GEOSCHEM_RESTARTS/GC_14.7.0/GEOSChem.Restart.TransportTracers.20190101_0000z.c24.nc4
9305.396,uncovered,false,46.189,0,-1.000,18,GEOSCHEM_RESTARTS/GC_14.7.0/GEOSChem.Restart.TransportTracers.20190101_0000z.c24.nc4
9333.299,join,false,18.342,0,-1.000,18,GEOSCHEM_RESTARTS/GC_14.7.0/GEOSChem.Restart.TransportTracers.20190101_0000z.c24.nc4
9352.597,hit,false,0.000,1,-1.000,19,GEOSCHEM_RESTARTS/GC_14.7.0/GEOSChem.Restart.TransportTracers.20190101_0000z.c24.nc4
9352.915,hit,false,0.000,1,-1.000,19,GEOSCHEM_RESTARTS/GC_14.7.0/GEOSChem.Restart.TransportTracers.20190101_0000z.c24.nc4
9352.932,hit,false,0.000,1,-1.000,19,GEOSCHEM_RESTARTS/GC_14.7.0/GEOSChem.Restart.TransportTracers.20190101_0000z.c24.nc4
9379.403,hit,false,0.000,0,-1.000,19,GEOSCHEM_RESTARTS/GC_14.7.0/GEOSChem.Restart.TransportTracers.20190101_0000z.c24.nc4
9380.259,hit,false,0.000,0,-1.000,19,GEOSCHEM_RESTARTS/GC_14.7.0/GEOSChem.Restart.TransportTracers.20190101_0000z.c24.nc4
9381.382,uncovered,false,31.794,0,-1.000,17,GEOSCHEM_RESTARTS/GC_14.7.0/GEOSChem.Restart.TransportTracers.20190101_0000z.c24.nc4
9413.275,uncovered,false,112.594,0,-1.000,15,GEOSCHEM_RESTARTS/GC_14.7.0/GEOSChem.Restart.TransportTracers.20190101_0000z.c24.nc4
9526.376,uncovered,false,72.827,0,-1.000,15,GEOSCHEM_RESTARTS/GC_14.7.0/GEOSChem.Restart.TransportTracers.20190101_0000z.c24.nc4
9599.681,uncovered,false,37.856,0,-1.000,15,GEOSCHEM_RESTARTS/GC_14.7.0/GEOSChem.Restart.TransportTracers.20190101_0000z.c24.nc4
9599.986,uncovered,false,61.576,0,-1.000,15,GEOSCHEM_RESTARTS/GC_14.7.0/GEOSChem.Restart.TransportTracers.20190101_0000z.c24.nc4
9638.833,join,false,22.786,0,-1.000,15,GEOSCHEM_RESTARTS/GC_14.7.0/GEOSChem.Restart.TransportTracers.20190101_0000z.c24.nc4
9662.772,uncovered,false,63.956,0,-1.000,16,GEOSCHEM_RESTARTS/GC_14.7.0/GEOSChem.Restart.TransportTracers.20190101_0000z.c24.nc4
9702.055,uncovered,false,57.225,0,-1.000,16,GEOSCHEM_RESTARTS/GC_14.7.0/GEOSChem.Restart.TransportTracers.20190101_0000z.c24.nc4
9727.932,uncovered,false,74.720,0,-1.000,16,GEOSCHEM_RESTARTS/GC_14.7.0/GEOSChem.Restart.TransportTracers.20190101_0000z.c24.nc4
9760.547,uncovered,false,68.361,0,-1.000,16,GEOSCHEM_RESTARTS/GC_14.7.0/GEOSChem.Restart.TransportTracers.20190101_0000z.c24.nc4
9803.905,uncovered,false,46.877,0,-1.000,16,GEOSCHEM_RESTARTS/GC_14.7.0/GEOSChem.Restart.TransportTracers.20190101_0000z.c24.nc4
9830.093,uncovered,false,48.515,0,-1.000,16,GEOSCHEM_RESTARTS/GC_14.7.0/GEOSChem.Restart.TransportTracers.20190101_0000z.c24.nc4
9851.958,uncovered,false,71.349,0,-1.000,16,GEOSCHEM_RESTARTS/GC_14.7.0/GEOSChem.Restart.TransportTracers.20190101_0000z.c24.nc4
9879.891,join,false,43.471,0,-1.000,16,GEOSCHEM_RESTARTS/GC_14.7.0/GEOSChem.Restart.TransportTracers.20190101_0000z.c24.nc4
9924.677,uncovered,false,46.799,0,-1.000,17,GEOSCHEM_RESTARTS/GC_14.7.0/GEOSChem.Restart.TransportTracers.20190101_0000z.c24.nc4
9949.850,hit,false,0.000,1,-1.000,17,GEOSCHEM_RESTARTS/GC_14.7.0/GEOSChem.Restart.TransportTracers.20190101_0000z.c24.nc4
9950.150,hit,false,0.000,1,-1.000,17,GEOSCHEM_RESTARTS/GC_14.7.0/GEOSChem.Restart.TransportTracers.20190101_0000z.c24.nc4
9950.180,uncovered,false,41.762,0,-1.000,17,GEOSCHEM_RESTARTS/GC_14.7.0/GEOSChem.Restart.TransportTracers.20190101_0000z.c24.nc4
9972.669,uncovered,false,19.331,0,-1.000,17,GEOSCHEM_RESTARTS/GC_14.7.0/GEOSChem.Restart.TransportTracers.20190101_0000z.c24.nc4
9993.620,uncovered,false,26.601,0,-1.000,15,GEOSCHEM_RESTARTS/GC_14.7.0/GEOSChem.Restart.TransportTracers.20190101_0000z.c24.nc4
10020.308,uncovered,false,56.194,9,-0.105,13,GEOSCHEM_RESTARTS/GC_14.7.0/GEOSChem.Restart.TransportTracers.20190101_0000z.c24.nc4
10077.007,hit,false,0.000,9,56.593,13,GEOSCHEM_RESTARTS/GC_14.7.0/GEOSChem.Restart.TransportTracers.20190101_0000z.c24.nc4
10077.629,uncovered,true,99.117,1,57.213,14,GEOSCHEM_RESTARTS/GC_14.7.0/GEOSChem.Restart.TransportTracers.20190101_0000z.c24.nc4
10104.950,uncovered,false,71.732,1,84.535,14,GEOSCHEM_RESTARTS/GC_14.7.0/GEOSChem.Restart.TransportTracers.20190101_0000z.c24.nc4
10177.997,hit,false,0.000,1,157.582,14,GEOSCHEM_RESTARTS/GC_14.7.0/GEOSChem.Restart.TransportTracers.20190101_0000z.c24.nc4
10179.001,hit,false,0.000,1,158.586,14,GEOSCHEM_RESTARTS/GC_14.7.0/GEOSChem.Restart.TransportTracers.20190101_0000z.c24.nc4
10180.020,hit,false,0.000,1,159.605,14,GEOSCHEM_RESTARTS/GC_14.7.0/GEOSChem.Restart.TransportTracers.20190101_0000z.c24.nc4
10181.039,hit,false,0.000,1,160.624,14,GEOSCHEM_RESTARTS/GC_14.7.0/GEOSChem.Restart.TransportTracers.20190101_0000z.c24.nc4
10182.063,hit,false,0.000,1,161.648,14,GEOSCHEM_RESTARTS/GC_14.7.0/GEOSChem.Restart.TransportTracers.20190101_0000z.c24.nc4
10183.149,join,true,35.171,0,162.732,15,GEOSCHEM_RESTARTS/GC_14.7.0/GEOSChem.Restart.TransportTracers.20190101_0000z.c24.nc4
10184.199,uncovered,true,34.078,0,163.783,15,GEOSCHEM_RESTARTS/GC_14.7.0/GEOSChem.Restart.TransportTracers.20190101_0000z.c24.nc4
10219.580,hit,false,0.000,0,199.163,15,GEOSCHEM_RESTARTS/GC_14.7.0/GEOSChem.Restart.TransportTracers.20190101_0000z.c24.nc4
10220.633,hit,false,0.000,0,200.216,15,GEOSCHEM_RESTARTS/GC_14.7.0/GEOSChem.Restart.TransportTracers.20190101_0000z.c24.nc4
10221.461,hit,false,0.000,0,201.045,15,GEOSCHEM_RESTARTS/GC_14.7.0/GEOSChem.Restart.TransportTracers.20190101_0000z.c24.nc4
10221.754,hit,false,0.000,0,201.337,15,GEOSCHEM_RESTARTS/GC_14.7.0/GEOSChem.Restart.TransportTracers.20190101_0000z.c24.nc4
10221.778,hit,false,0.000,0,201.362,15,GEOSCHEM_RESTARTS/GC_14.7.0/GEOSChem.Restart.TransportTracers.20190101_0000z.c24.nc4
10222.837,hit,false,0.000,0,202.421,15,GEOSCHEM_RESTARTS/GC_14.7.0/GEOSChem.Restart.TransportTracers.20190101_0000z.c24.nc4
10224.787,hit,true,0.000,0,204.287,6,GEOSCHEM_RESTARTS/GC_14.7.0/GEOSChem.Restart.TransportTracers.20190101_0000z.c24.nc4
10224.865,hit,true,0.000,0,204.443,5,GEOSCHEM_RESTARTS/GC_14.7.0/GEOSChem.Restart.TransportTracers.20190101_0000z.c24.nc4
10225.116,hit,false,0.000,0,204.695,5,GEOSCHEM_RESTARTS/GC_14.7.0/GEOSChem.Restart.TransportTracers.20190101_0000z.c24.nc4
10225.369,hit,false,0.000,0,204.948,5,GEOSCHEM_RESTARTS/GC_14.7.0/GEOSChem.Restart.TransportTracers.20190101_0000z.c24.nc4
10226.261,hit,false,0.000,0,205.761,6,GEOSCHEM_RESTARTS/GC_14.7.0/GEOSChem.Restart.TransportTracers.20190101_0000z.c24.nc4
10227.628,hit,false,0.000,0,207.127,6,GEOSCHEM_RESTARTS/GC_14.7.0/GEOSChem.Restart.TransportTracers.20190101_0000z.c24.nc4
10228.887,hit,false,0.000,0,208.387,6,GEOSCHEM_RESTARTS/GC_14.7.0/GEOSChem.Restart.TransportTracers.20190101_0000z.c24.nc4
10230.273,hit,false,0.000,0,209.773,6,GEOSCHEM_RESTARTS/GC_14.7.0/GEOSChem.Restart.TransportTracers.20190101_0000z.c24.nc4
10231.608,hit,false,0.000,0,211.107,6,GEOSCHEM_RESTARTS/GC_14.7.0/GEOSChem.Restart.TransportTracers.20190101_0000z.c24.nc4
10232.995,hit,false,0.000,0,212.495,6,GEOSCHEM_RESTARTS/GC_14.7.0/GEOSChem.Restart.TransportTracers.20190101_0000z.c24.nc4
10234.217,hit,false,0.000,0,213.716,6,GEOSCHEM_RESTARTS/GC_14.7.0/GEOSChem.Restart.TransportTracers.20190101_0000z.c24.nc4
10234.231,hit,false,0.000,0,213.731,6,GEOSCHEM_RESTARTS/GC_14.7.0/GEOSChem.Restart.TransportTracers.20190101_0000z.c24.nc4
10236.884,hit,false,0.000,0,216.381,7,GEOSCHEM_RESTARTS/GC_14.7.0/GEOSChem.Restart.TransportTracers.20190101_0000z.c24.nc4
10237.663,hit,true,0.000,0,217.361,34,GEOSCHEM_RESTARTS/GC_14.7.0/GEOSChem.Restart.TransportTracers.20190101_0000z.c24.nc4
10237.709,hit,true,0.000,0,217.410,33,GEOSCHEM_RESTARTS/GC_14.7.0/GEOSChem.Restart.TransportTracers.20190101_0000z.c24.nc4
10237.988,hit,false,0.000,0,217.688,33,GEOSCHEM_RESTARTS/GC_14.7.0/GEOSChem.Restart.TransportTracers.20190101_0000z.c24.nc4
10238.278,hit,false,0.000,0,217.979,33,GEOSCHEM_RESTARTS/GC_14.7.0/GEOSChem.Restart.TransportTracers.20190101_0000z.c24.nc4
10238.509,hit,false,0.000,0,218.210,33,GEOSCHEM_RESTARTS/GC_14.7.0/GEOSChem.Restart.TransportTracers.20190101_0000z.c24.nc4
10239.722,hit,false,0.000,0,219.423,33,GEOSCHEM_RESTARTS/GC_14.7.0/GEOSChem.Restart.TransportTracers.20190101_0000z.c24.nc4
10240.924,hit,false,0.000,0,220.625,33,GEOSCHEM_RESTARTS/GC_14.7.0/GEOSChem.Restart.TransportTracers.20190101_0000z.c24.nc4
10243.176,hit,false,0.000,0,222.874,34,GEOSCHEM_RESTARTS/GC_14.7.0/GEOSChem.Restart.TransportTracers.20190101_0000z.c24.nc4
10244.267,hit,false,0.000,0,223.965,34,GEOSCHEM_RESTARTS/GC_14.7.0/GEOSChem.Restart.TransportTracers.20190101_0000z.c24.nc4
10245.344,hit,false,0.000,0,225.042,34,GEOSCHEM_RESTARTS/GC_14.7.0/GEOSChem.Restart.TransportTracers.20190101_0000z.c24.nc4
10246.418,hit,false,0.000,0,226.116,34,GEOSCHEM_RESTARTS/GC_14.7.0/GEOSChem.Restart.TransportTracers.20190101_0000z.c24.nc4
10247.460,hit,false,0.000,0,227.158,34,GEOSCHEM_RESTARTS/GC_14.7.0/GEOSChem.Restart.TransportTracers.20190101_0000z.c24.nc4
10248.509,hit,false,0.000,0,228.207,34,GEOSCHEM_RESTARTS/GC_14.7.0/GEOSChem.Restart.TransportTracers.20190101_0000z.c24.nc4
10249.567,hit,false,0.000,0,229.265,34,GEOSCHEM_RESTARTS/GC_14.7.0/GEOSChem.Restart.TransportTracers.20190101_0000z.c24.nc4
10249.574,hit,false,0.000,0,229.272,34,GEOSCHEM_RESTARTS/GC_14.7.0/GEOSChem.Restart.TransportTracers.20190101_0000z.c24.nc4
10251.661,hit,false,0.000,0,231.357,35,GEOSCHEM_RESTARTS/GC_14.7.0/GEOSChem.Restart.TransportTracers.20190101_0000z.c24.nc4
10252.700,hit,false,0.000,0,232.396,35,GEOSCHEM_RESTARTS/GC_14.7.0/GEOSChem.Restart.TransportTracers.20190101_0000z.c24.nc4
10253.047,hit,false,0.000,0,232.748,33,GEOSCHEM_RESTARTS/GC_14.7.0/GEOSChem.Restart.TransportTracers.20190101_0000z.c24.nc4
10253.352,hit,false,0.000,0,-1.000,31,GEOSCHEM_RESTARTS/GC_14.7.0/GEOSChem.Restart.TransportTracers.20190101_0000z.c24.nc4
10255.888,hit,false,0.000,0,235.594,32,GEOSCHEM_RESTARTS/GC_14.7.0/GEOSChem.Restart.TransportTracers.20190101_0000z.c24.nc4
10257.120,hit,false,0.000,0,236.826,32,GEOSCHEM_RESTARTS/GC_14.7.0/GEOSChem.Restart.TransportTracers.20190101_0000z.c24.nc4
10258.257,hit,false,0.000,0,237.963,32,GEOSCHEM_RESTARTS/GC_14.7.0/GEOSChem.Restart.TransportTracers.20190101_0000z.c24.nc4
10259.516,hit,false,0.000,0,239.222,32,GEOSCHEM_RESTARTS/GC_14.7.0/GEOSChem.Restart.TransportTracers.20190101_0000z.c24.nc4
10260.584,hit,false,0.000,0,240.289,32,GEOSCHEM_RESTARTS/GC_14.7.0/GEOSChem.Restart.TransportTracers.20190101_0000z.c24.nc4
10261.657,hit,false,0.000,0,241.363,32,GEOSCHEM_RESTARTS/GC_14.7.0/GEOSChem.Restart.TransportTracers.20190101_0000z.c24.nc4
10262.668,hit,false,0.000,0,242.374,32,GEOSCHEM_RESTARTS/GC_14.7.0/GEOSChem.Restart.TransportTracers.20190101_0000z.c24.nc4
10264.798,hit,false,0.000,0,244.499,33,GEOSCHEM_RESTARTS/GC_14.7.0/GEOSChem.Restart.TransportTracers.20190101_0000z.c24.nc4
10265.846,hit,false,0.000,0,245.547,33,GEOSCHEM_RESTARTS/GC_14.7.0/GEOSChem.Restart.TransportTracers.20190101_0000z.c24.nc4
10266.842,hit,false,0.000,0,246.543,33,GEOSCHEM_RESTARTS/GC_14.7.0/GEOSChem.Restart.TransportTracers.20190101_0000z.c24.nc4
10268.384,hit,false,0.000,0,-1.000,36,GEOSCHEM_RESTARTS/GC_14.7.0/GEOSChem.Restart.TransportTracers.20190101_0000z.c24.nc4
10269.299,hit,false,0.000,0,248.995,35,GEOSCHEM_RESTARTS/GC_14.7.0/GEOSChem.Restart.TransportTracers.20190101_0000z.c24.nc4
10270.323,hit,false,0.000,0,250.019,35,GEOSCHEM_RESTARTS/GC_14.7.0/GEOSChem.Restart.TransportTracers.20190101_0000z.c24.nc4
10271.350,hit,false,0.000,0,251.046,35,GEOSCHEM_RESTARTS/GC_14.7.0/GEOSChem.Restart.TransportTracers.20190101_0000z.c24.nc4
10272.392,hit,false,0.000,0,252.088,35,GEOSCHEM_RESTARTS/GC_14.7.0/GEOSChem.Restart.TransportTracers.20190101_0000z.c24.nc4
10273.418,hit,false,0.000,0,253.114,35,GEOSCHEM_RESTARTS/GC_14.7.0/GEOSChem.Restart.TransportTracers.20190101_0000z.c24.nc4
10275.528,hit,false,0.000,0,-1.000,36,GEOSCHEM_RESTARTS/GC_14.7.0/GEOSChem.Restart.TransportTracers.20190101_0000z.c24.nc4
10276.559,hit,false,0.000,0,-1.000,36,GEOSCHEM_RESTARTS/GC_14.7.0/GEOSChem.Restart.TransportTracers.20190101_0000z.c24.nc4
10277.592,hit,false,0.000,0,-1.000,36,GEOSCHEM_RESTARTS/GC_14.7.0/GEOSChem.Restart.TransportTracers.20190101_0000z.c24.nc4
10278.623,hit,false,0.000,0,-1.000,36,GEOSCHEM_RESTARTS/GC_14.7.0/GEOSChem.Restart.TransportTracers.20190101_0000z.c24.nc4
10279.661,hit,false,0.000,0,-1.000,36,GEOSCHEM_RESTARTS/GC_14.7.0/GEOSChem.Restart.TransportTracers.20190101_0000z.c24.nc4
10280.320,hit,false,0.000,0,-1.000,36,GEOSCHEM_RESTARTS/GC_14.7.0/GEOSChem.Restart.TransportTracers.20190101_0000z.c24.nc4
10280.794,hit,false,0.000,0,-1.000,36,GEOSCHEM_RESTARTS/GC_14.7.0/GEOSChem.Restart.TransportTracers.20190101_0000z.c24.nc4
10280.822,hit,false,0.000,0,-1.000,36,GEOSCHEM_RESTARTS/GC_14.7.0/GEOSChem.Restart.TransportTracers.20190101_0000z.c24.nc4
10281.848,hit,false,0.000,0,-1.000,36,GEOSCHEM_RESTARTS/GC_14.7.0/GEOSChem.Restart.TransportTracers.20190101_0000z.c24.nc4
10283.503,hit,false,0.000,0,263.081,5,GEOSCHEM_RESTARTS/GC_14.7.0/GEOSChem.Restart.TransportTracers.20190101_0000z.c24.nc4
10283.556,hit,false,0.000,0,-1.000,4,GEOSCHEM_RESTARTS/GC_14.7.0/GEOSChem.Restart.TransportTracers.20190101_0000z.c24.nc4
10284.871,hit,false,0.000,0,-1.000,4,GEOSCHEM_RESTARTS/GC_14.7.0/GEOSChem.Restart.TransportTracers.20190101_0000z.c24.nc4
10284.890,hit,false,0.000,0,-1.000,4,GEOSCHEM_RESTARTS/GC_14.7.0/GEOSChem.Restart.TransportTracers.20190101_0000z.c24.nc4
10285.938,hit,false,0.000,0,-1.000,4,GEOSCHEM_RESTARTS/GC_14.7.0/GEOSChem.Restart.TransportTracers.20190101_0000z.c24.nc4
10287.270,hit,false,0.000,0,-1.000,4,GEOSCHEM_RESTARTS/GC_14.7.0/GEOSChem.Restart.TransportTracers.20190101_0000z.c24.nc4
10288.329,hit,false,0.000,0,-1.000,4,GEOSCHEM_RESTARTS/GC_14.7.0/GEOSChem.Restart.TransportTracers.20190101_0000z.c24.nc4
10290.646,hit,false,0.000,0,270.224,5,GEOSCHEM_RESTARTS/GC_14.7.0/GEOSChem.Restart.TransportTracers.20190101_0000z.c24.nc4
10291.705,hit,false,0.000,0,271.284,5,GEOSCHEM_RESTARTS/GC_14.7.0/GEOSChem.Restart.TransportTracers.20190101_0000z.c24.nc4
10292.956,hit,false,0.000,0,272.534,5,GEOSCHEM_RESTARTS/GC_14.7.0/GEOSChem.Restart.TransportTracers.20190101_0000z.c24.nc4
10294.006,hit,false,0.000,0,273.585,5,GEOSCHEM_RESTARTS/GC_14.7.0/GEOSChem.Restart.TransportTracers.20190101_0000z.c24.nc4
10295.037,hit,false,0.000,0,274.616,5,GEOSCHEM_RESTARTS/GC_14.7.0/GEOSChem.Restart.TransportTracers.20190101_0000z.c24.nc4
10295.039,hit,false,0.000,0,274.617,5,GEOSCHEM_RESTARTS/GC_14.7.0/GEOSChem.Restart.TransportTracers.20190101_0000z.c24.nc4
10296.331,hit,false,0.000,0,275.909,5,GEOSCHEM_RESTARTS/GC_14.7.0/GEOSChem.Restart.TransportTracers.20190101_0000z.c24.nc4
10297.349,hit,false,0.000,0,276.927,5,GEOSCHEM_RESTARTS/GC_14.7.0/GEOSChem.Restart.TransportTracers.20190101_0000z.c24.nc4
10298.894,hit,false,0.000,0,-1.000,24,GEOSCHEM_RESTARTS/GC_14.7.0/GEOSChem.Restart.TransportTracers.20190101_0000z.c24.nc4
10298.941,hit,true,0.000,0,278.504,22,GEOSCHEM_RESTARTS/GC_14.7.0/GEOSChem.Restart.TransportTracers.20190101_0000z.c24.nc4
10299.239,hit,false,0.000,0,278.802,22,GEOSCHEM_RESTARTS/GC_14.7.0/GEOSChem.Restart.TransportTracers.20190101_0000z.c24.nc4
10299.512,hit,false,0.000,0,279.075,22,GEOSCHEM_RESTARTS/GC_14.7.0/GEOSChem.Restart.TransportTracers.20190101_0000z.c24.nc4
10300.994,hit,false,0.000,0,280.555,23,GEOSCHEM_RESTARTS/GC_14.7.0/GEOSChem.Restart.TransportTracers.20190101_0000z.c24.nc4
10302.024,hit,false,0.000,0,281.585,23,GEOSCHEM_RESTARTS/GC_14.7.0/GEOSChem.Restart.TransportTracers.20190101_0000z.c24.nc4
10303.081,hit,false,0.000,0,282.642,23,GEOSCHEM_RESTARTS/GC_14.7.0/GEOSChem.Restart.TransportTracers.20190101_0000z.c24.nc4
10304.180,hit,false,0.000,0,283.741,23,GEOSCHEM_RESTARTS/GC_14.7.0/GEOSChem.Restart.TransportTracers.20190101_0000z.c24.nc4
10305.240,hit,false,0.000,0,284.802,23,GEOSCHEM_RESTARTS/GC_14.7.0/GEOSChem.Restart.TransportTracers.20190101_0000z.c24.nc4
10306.288,hit,false,0.000,0,285.850,23,GEOSCHEM_RESTARTS/GC_14.7.0/GEOSChem.Restart.TransportTracers.20190101_0000z.c24.nc4
10307.331,hit,false,0.000,0,286.893,23,GEOSCHEM_RESTARTS/GC_14.7.0/GEOSChem.Restart.TransportTracers.20190101_0000z.c24.nc4
10309.418,hit,false,0.000,0,-1.000,24,GEOSCHEM_RESTARTS/GC_14.7.0/GEOSChem.Restart.TransportTracers.20190101_0000z.c24.nc4
10310.447,hit,false,0.000,0,-1.000,24,GEOSCHEM_RESTARTS/GC_14.7.0/GEOSChem.Restart.TransportTracers.20190101_0000z.c24.nc4
10311.534,hit,false,0.000,0,-1.000,24,GEOSCHEM_RESTARTS/GC_14.7.0/GEOSChem.Restart.TransportTracers.20190101_0000z.c24.nc4
10313.575,hit,false,0.000,0,-1.000,24,GEOSCHEM_RESTARTS/GC_14.7.0/GEOSChem.Restart.TransportTracers.20190101_0000z.c24.nc4
10314.358,hit,false,0.000,0,293.920,22,GEOSCHEM_RESTARTS/GC_14.7.0/GEOSChem.Restart.TransportTracers.20190101_0000z.c24.nc4
10314.698,hit,false,0.000,0,294.266,21,GEOSCHEM_RESTARTS/GC_14.7.0/GEOSChem.Restart.TransportTracers.20190101_0000z.c24.nc4
10314.982,hit,false,0.000,0,294.550,21,GEOSCHEM_RESTARTS/GC_14.7.0/GEOSChem.Restart.TransportTracers.20190101_0000z.c24.nc4
10315.331,hit,false,0.000,0,294.898,21,GEOSCHEM_RESTARTS/GC_14.7.0/GEOSChem.Restart.TransportTracers.20190101_0000z.c24.nc4
10316.613,hit,false,0.000,0,296.181,21,GEOSCHEM_RESTARTS/GC_14.7.0/GEOSChem.Restart.TransportTracers.20190101_0000z.c24.nc4
10317.683,hit,false,0.000,0,297.251,21,GEOSCHEM_RESTARTS/GC_14.7.0/GEOSChem.Restart.TransportTracers.20190101_0000z.c24.nc4
10318.767,hit,false,0.000,0,298.334,21,GEOSCHEM_RESTARTS/GC_14.7.0/GEOSChem.Restart.TransportTracers.20190101_0000z.c24.nc4
10319.871,hit,false,0.000,0,299.439,21,GEOSCHEM_RESTARTS/GC_14.7.0/GEOSChem.Restart.TransportTracers.20190101_0000z.c24.nc4
10320.959,hit,false,0.000,0,300.526,21,GEOSCHEM_RESTARTS/GC_14.7.0/GEOSChem.Restart.TransportTracers.20190101_0000z.c24.nc4
10323.078,hit,false,0.000,0,302.640,22,GEOSCHEM_RESTARTS/GC_14.7.0/GEOSChem.Restart.TransportTracers.20190101_0000z.c24.nc4
10324.170,hit,false,0.000,0,303.733,22,GEOSCHEM_RESTARTS/GC_14.7.0/GEOSChem.Restart.TransportTracers.20190101_0000z.c24.nc4
10325.234,hit,false,0.000,0,304.797,22,GEOSCHEM_RESTARTS/GC_14.7.0/GEOSChem.Restart.TransportTracers.20190101_0000z.c24.nc4
10326.513,hit,false,0.000,0,306.075,22,GEOSCHEM_RESTARTS/GC_14.7.0/GEOSChem.Restart.TransportTracers.20190101_0000z.c24.nc4
10326.937,hit,false,0.000,0,306.499,22,GEOSCHEM_RESTARTS/GC_14.7.0/GEOSChem.Restart.TransportTracers.20190101_0000z.c24.nc4
10326.960,hit,false,0.000,0,306.523,22,GEOSCHEM_RESTARTS/GC_14.7.0/GEOSChem.Restart.TransportTracers.20190101_0000z.c24.nc4
10329.483,hit,false,0.000,0,309.046,22,GEOSCHEM_RESTARTS/GC_14.7.0/GEOSChem.Restart.TransportTracers.20190101_0000z.c24.nc4
10330.269,hit,false,0.000,0,309.839,20,GEOSCHEM_RESTARTS/GC_14.7.0/GEOSChem.Restart.TransportTracers.20190101_0000z.c24.nc4
10330.330,hit,false,0.000,0,-1.000,19,GEOSCHEM_RESTARTS/GC_14.7.0/GEOSChem.Restart.TransportTracers.20190101_0000z.c24.nc4
10331.579,hit,false,0.000,0,-1.000,19,GEOSCHEM_RESTARTS/GC_14.7.0/GEOSChem.Restart.TransportTracers.20190101_0000z.c24.nc4
10332.795,hit,false,0.000,0,-1.000,19,GEOSCHEM_RESTARTS/GC_14.7.0/GEOSChem.Restart.TransportTracers.20190101_0000z.c24.nc4
10333.852,hit,false,0.000,0,-1.000,19,GEOSCHEM_RESTARTS/GC_14.7.0/GEOSChem.Restart.TransportTracers.20190101_0000z.c24.nc4
10335.946,hit,false,0.000,0,315.516,20,GEOSCHEM_RESTARTS/GC_14.7.0/GEOSChem.Restart.TransportTracers.20190101_0000z.c24.nc4
10337.021,hit,false,0.000,0,316.592,20,GEOSCHEM_RESTARTS/GC_14.7.0/GEOSChem.Restart.TransportTracers.20190101_0000z.c24.nc4
10338.093,hit,false,0.000,0,317.663,20,GEOSCHEM_RESTARTS/GC_14.7.0/GEOSChem.Restart.TransportTracers.20190101_0000z.c24.nc4
10339.161,hit,false,0.000,0,318.731,20,GEOSCHEM_RESTARTS/GC_14.7.0/GEOSChem.Restart.TransportTracers.20190101_0000z.c24.nc4
10340.246,hit,false,0.000,0,319.816,20,GEOSCHEM_RESTARTS/GC_14.7.0/GEOSChem.Restart.TransportTracers.20190101_0000z.c24.nc4
10341.489,hit,false,0.000,0,321.059,20,GEOSCHEM_RESTARTS/GC_14.7.0/GEOSChem.Restart.TransportTracers.20190101_0000z.c24.nc4
10342.557,hit,false,0.000,0,322.127,20,GEOSCHEM_RESTARTS/GC_14.7.0/GEOSChem.Restart.TransportTracers.20190101_0000z.c24.nc4
10342.578,hit,false,0.000,0,322.148,20,GEOSCHEM_RESTARTS/GC_14.7.0/GEOSChem.Restart.TransportTracers.20190101_0000z.c24.nc4
10343.589,hit,false,0.000,0,323.159,20,GEOSCHEM_RESTARTS/GC_14.7.0/GEOSChem.Restart.TransportTracers.20190101_0000z.c24.nc4
10345.656,hit,false,0.000,0,325.242,13,GEOSCHEM_RESTARTS/GC_14.7.0/GEOSChem.Restart.TransportTracers.20190101_0000z.c24.nc4
10345.701,hit,true,0.000,0,325.293,12,GEOSCHEM_RESTARTS/GC_14.7.0/GEOSChem.Restart.TransportTracers.20190101_0000z.c24.nc4
10345.995,hit,false,0.000,0,325.587,12,GEOSCHEM_RESTARTS/GC_14.7.0/GEOSChem.Restart.TransportTracers.20190101_0000z.c24.nc4
10346.286,hit,false,0.000,0,325.878,12,GEOSCHEM_RESTARTS/GC_14.7.0/GEOSChem.Restart.TransportTracers.20190101_0000z.c24.nc4
10346.530,hit,false,0.000,0,326.121,12,GEOSCHEM_RESTARTS/GC_14.7.0/GEOSChem.Restart.TransportTracers.20190101_0000z.c24.nc4
10347.582,hit,false,0.000,0,327.174,12,GEOSCHEM_RESTARTS/GC_14.7.0/GEOSChem.Restart.TransportTracers.20190101_0000z.c24.nc4
10348.644,hit,false,0.000,0,328.236,12,GEOSCHEM_RESTARTS/GC_14.7.0/GEOSChem.Restart.TransportTracers.20190101_0000z.c24.nc4
10349.702,hit,false,0.000,0,329.293,12,GEOSCHEM_RESTARTS/GC_14.7.0/GEOSChem.Restart.TransportTracers.20190101_0000z.c24.nc4
10350.762,hit,false,0.000,0,330.353,12,GEOSCHEM_RESTARTS/GC_14.7.0/GEOSChem.Restart.TransportTracers.20190101_0000z.c24.nc4
10351.808,hit,false,0.000,0,331.400,12,GEOSCHEM_RESTARTS/GC_14.7.0/GEOSChem.Restart.TransportTracers.20190101_0000z.c24.nc4
10353.922,hit,false,0.000,0,333.508,13,GEOSCHEM_RESTARTS/GC_14.7.0/GEOSChem.Restart.TransportTracers.20190101_0000z.c24.nc4
10354.960,hit,false,0.000,0,334.546,13,GEOSCHEM_RESTARTS/GC_14.7.0/GEOSChem.Restart.TransportTracers.20190101_0000z.c24.nc4
10356.035,hit,false,0.000,0,335.622,13,GEOSCHEM_RESTARTS/GC_14.7.0/GEOSChem.Restart.TransportTracers.20190101_0000z.c24.nc4
10357.096,hit,false,0.000,0,336.682,13,GEOSCHEM_RESTARTS/GC_14.7.0/GEOSChem.Restart.TransportTracers.20190101_0000z.c24.nc4
10357.941,hit,false,0.000,0,337.527,13,GEOSCHEM_RESTARTS/GC_14.7.0/GEOSChem.Restart.TransportTracers.20190101_0000z.c24.nc4
10358.228,hit,false,0.000,0,337.814,13,GEOSCHEM_RESTARTS/GC_14.7.0/GEOSChem.Restart.TransportTracers.20190101_0000z.c24.nc4
10358.298,hit,false,0.000,0,337.884,13,GEOSCHEM_RESTARTS/GC_14.7.0/GEOSChem.Restart.TransportTracers.20190101_0000z.c24.nc4
10359.520,hit,false,0.000,0,339.107,13,GEOSCHEM_RESTARTS/GC_14.7.0/GEOSChem.Restart.TransportTracers.20190101_0000z.c24.nc4
10361.343,hit,true,0.000,0,340.936,11,GEOSCHEM_RESTARTS/GC_14.7.0/GEOSChem.Restart.TransportTracers.20190101_0000z.c24.nc4
10361.396,hit,true,0.000,0,340.991,10,GEOSCHEM_RESTARTS/GC_14.7.0/GEOSChem.Restart.TransportTracers.20190101_0000z.c24.nc4
10361.681,hit,false,0.000,0,341.276,10,GEOSCHEM_RESTARTS/GC_14.7.0/GEOSChem.Restart.TransportTracers.20190101_0000z.c24.nc4
10361.968,hit,false,0.000,0,341.562,10,GEOSCHEM_RESTARTS/GC_14.7.0/GEOSChem.Restart.TransportTracers.20190101_0000z.c24.nc4
10362.217,hit,false,0.000,0,341.812,10,GEOSCHEM_RESTARTS/GC_14.7.0/GEOSChem.Restart.TransportTracers.20190101_0000z.c24.nc4
10363.297,hit,false,0.000,0,342.891,10,GEOSCHEM_RESTARTS/GC_14.7.0/GEOSChem.Restart.TransportTracers.20190101_0000z.c24.nc4
10364.405,hit,false,0.000,0,343.999,10,GEOSCHEM_RESTARTS/GC_14.7.0/GEOSChem.Restart.TransportTracers.20190101_0000z.c24.nc4
10365.468,hit,false,0.000,0,345.063,10,GEOSCHEM_RESTARTS/GC_14.7.0/GEOSChem.Restart.TransportTracers.20190101_0000z.c24.nc4
10367.552,hit,false,0.000,0,347.144,11,GEOSCHEM_RESTARTS/GC_14.7.0/GEOSChem.Restart.TransportTracers.20190101_0000z.c24.nc4
10368.603,hit,false,0.000,0,348.196,11,GEOSCHEM_RESTARTS/GC_14.7.0/GEOSChem.Restart.TransportTracers.20190101_0000z.c24.nc4
10369.633,hit,false,0.000,0,349.226,11,GEOSCHEM_RESTARTS/GC_14.7.0/GEOSChem.Restart.TransportTracers.20190101_0000z.c24.nc4
10370.703,hit,false,0.000,0,350.296,11,GEOSCHEM_RESTARTS/GC_14.7.0/GEOSChem.Restart.TransportTracers.20190101_0000z.c24.nc4
10371.762,hit,false,0.000,0,351.355,11,GEOSCHEM_RESTARTS/GC_14.7.0/GEOSChem.Restart.TransportTracers.20190101_0000z.c24.nc4
10372.833,hit,false,0.000,0,352.426,11,GEOSCHEM_RESTARTS/GC_14.7.0/GEOSChem.Restart.TransportTracers.20190101_0000z.c24.nc4
10373.685,hit,false,0.000,0,353.278,11,GEOSCHEM_RESTARTS/GC_14.7.0/GEOSChem.Restart.TransportTracers.20190101_0000z.c24.nc4
10374.098,hit,false,0.000,0,353.691,11,GEOSCHEM_RESTARTS/GC_14.7.0/GEOSChem.Restart.TransportTracers.20190101_0000z.c24.nc4
10374.115,hit,false,0.000,0,353.708,11,GEOSCHEM_RESTARTS/GC_14.7.0/GEOSChem.Restart.TransportTracers.20190101_0000z.c24.nc4
10377.168,hit,false,0.000,0,356.762,10,GEOSCHEM_RESTARTS/GC_14.7.0/GEOSChem.Restart.TransportTracers.20190101_0000z.c24.nc4
10377.211,hit,true,0.000,0,356.811,8,GEOSCHEM_RESTARTS/GC_14.7.0/GEOSChem.Restart.TransportTracers.20190101_0000z.c24.nc4
10377.508,hit,false,0.000,0,357.107,8,GEOSCHEM_RESTARTS/GC_14.7.0/GEOSChem.Restart.TransportTracers.20190101_0000z.c24.nc4
10377.794,hit,false,0.000,0,357.394,8,GEOSCHEM_RESTARTS/GC_14.7.0/GEOSChem.Restart.TransportTracers.20190101_0000z.c24.nc4
10378.039,hit,false,0.000,0,357.639,8,GEOSCHEM_RESTARTS/GC_14.7.0/GEOSChem.Restart.TransportTracers.20190101_0000z.c24.nc4
10379.118,hit,false,0.000,0,358.717,8,GEOSCHEM_RESTARTS/GC_14.7.0/GEOSChem.Restart.TransportTracers.20190101_0000z.c24.nc4
10381.314,hit,false,0.000,0,360.911,9,GEOSCHEM_RESTARTS/GC_14.7.0/GEOSChem.Restart.TransportTracers.20190101_0000z.c24.nc4
10382.351,hit,false,0.000,0,361.948,9,GEOSCHEM_RESTARTS/GC_14.7.0/GEOSChem.Restart.TransportTracers.20190101_0000z.c24.nc4
10383.397,hit,false,0.000,0,362.994,9,GEOSCHEM_RESTARTS/GC_14.7.0/GEOSChem.Restart.TransportTracers.20190101_0000z.c24.nc4
10384.523,hit,false,0.000,0,364.120,9,GEOSCHEM_RESTARTS/GC_14.7.0/GEOSChem.Restart.TransportTracers.20190101_0000z.c24.nc4
10385.852,hit,false,0.000,0,365.449,9,GEOSCHEM_RESTARTS/GC_14.7.0/GEOSChem.Restart.TransportTracers.20190101_0000z.c24.nc4
10386.658,hit,false,0.000,0,366.255,9,GEOSCHEM_RESTARTS/GC_14.7.0/GEOSChem.Restart.TransportTracers.20190101_0000z.c24.nc4
10387.731,hit,false,0.000,0,367.328,9,GEOSCHEM_RESTARTS/GC_14.7.0/GEOSChem.Restart.TransportTracers.20190101_0000z.c24.nc4
10389.632,hit,false,0.000,0,369.226,10,GEOSCHEM_RESTARTS/GC_14.7.0/GEOSChem.Restart.TransportTracers.20190101_0000z.c24.nc4
10389.909,hit,false,0.000,0,369.504,10,GEOSCHEM_RESTARTS/GC_14.7.0/GEOSChem.Restart.TransportTracers.20190101_0000z.c24.nc4
10389.924,hit,false,0.000,0,369.519,10,GEOSCHEM_RESTARTS/GC_14.7.0/GEOSChem.Restart.TransportTracers.20190101_0000z.c24.nc4
10391.193,hit,false,0.000,0,370.787,10,GEOSCHEM_RESTARTS/GC_14.7.0/GEOSChem.Restart.TransportTracers.20190101_0000z.c24.nc4
10392.954,hit,false,0.000,0,372.554,8,GEOSCHEM_RESTARTS/GC_14.7.0/GEOSChem.Restart.TransportTracers.20190101_0000z.c24.nc4
10393.002,hit,false,0.000,0,372.499,7,GEOSCHEM_RESTARTS/GC_14.7.0/GEOSChem.Restart.TransportTracers.20190101_0000z.c24.nc4
10393.217,hit,false,0.000,0,372.714,7,GEOSCHEM_RESTARTS/GC_14.7.0/GEOSChem.Restart.TransportTracers.20190101_0000z.c24.nc4
10393.408,hit,false,0.000,0,372.905,7,GEOSCHEM_RESTARTS/GC_14.7.0/GEOSChem.Restart.TransportTracers.20190101_0000z.c24.nc4
10393.577,hit,false,0.000,0,373.074,7,GEOSCHEM_RESTARTS/GC_14.7.0/GEOSChem.Restart.TransportTracers.20190101_0000z.c24.nc4
10394.345,hit,false,0.000,0,373.843,7,GEOSCHEM_RESTARTS/GC_14.7.0/GEOSChem.Restart.TransportTracers.20190101_0000z.c24.nc4
10398.359,hit,false,0.000,0,377.958,8,GEOSCHEM_RESTARTS/GC_14.7.0/GEOSChem.Restart.TransportTracers.20190101_0000z.c24.nc4
10400.082,hit,false,0.000,0,379.681,8,GEOSCHEM_RESTARTS/GC_14.7.0/GEOSChem.Restart.TransportTracers.20190101_0000z.c24.nc4
10400.092,hit,false,0.000,0,379.692,8,GEOSCHEM_RESTARTS/GC_14.7.0/GEOSChem.Restart.TransportTracers.20190101_0000z.c24.nc4
10401.745,hit,false,0.000,0,381.345,8,GEOSCHEM_RESTARTS/GC_14.7.0/GEOSChem.Restart.TransportTracers.20190101_0000z.c24.nc4
10404.107,hit,false,0.000,0,383.605,7,GEOSCHEM_RESTARTS/GC_14.7.0/GEOSChem.Restart.TransportTracers.20190101_0000z.c24.nc4
10405.552,hit,false,0.000,0,385.049,7,GEOSCHEM_RESTARTS/GC_14.7.0/GEOSChem.Restart.TransportTracers.20190101_0000z.c24.nc4
10408.242,hit,false,0.000,0,387.740,7,GEOSCHEM_RESTARTS/GC_14.7.0/GEOSChem.Restart.TransportTracers.20190101_0000z.c24.nc4
10410.341,hit,false,0.000,0,389.839,7,GEOSCHEM_RESTARTS/GC_14.7.0/GEOSChem.Restart.TransportTracers.20190101_0000z.c24.nc4
10411.941,hit,false,0.000,0,391.438,7,GEOSCHEM_RESTARTS/GC_14.7.0/GEOSChem.Restart.TransportTracers.20190101_0000z.c24.nc4
10411.942,hit,false,0.000,0,391.439,7,GEOSCHEM_RESTARTS/GC_14.7.0/GEOSChem.Restart.TransportTracers.20190101_0000z.c24.nc4
