shape,source,rep,utc_start,get,list,s3_bytes,distinct_bytes,amplification_x,kernel_read_bytes,tool_bytes,amp_vs_tool,fill_whole,fill_demand,fill_plan,fill_demand_batch,pf_cold_pct,pf_seq_pct,pf_strided_pct,pf_random_pct,uncovered,pf_used,pf_issued,n_opens,wall_s,ctl_ttfb_p50_ms,ctl_le50_pct,ok,notes
grib_idx,lith,1,2026-10-10T15:05:43Z,75,0,62422091,12320768,5.07,11829248,10221443,6.11,50331648,12090443,0,0,11,14,0,75,69,2,48,2,3.05,24.9,99.3,True,12/12 fields decoded
netcdf4_hyperslab,lith,1,2026-10-10T15:05:49Z,21,0,7862494,5832704,1.35,5586944,131072,59.99,0,7862494,0,0,73,0,0,27,21,0,0,1,1.15,24.1,99.3,True,OR_ABI-L2-CMIPF-M6C01_G19_s20262810000210_e20262810009519_c20262810009578.nc CMI 10848x10848 slab 256x256 int16
mmap_random,lith,1,2026-10-10T15:05:54Z,2413,0,416277499,414056448,1.01,306253824,12288000,33.88,0,416277499,0,0,0,0,0,100,2413,0,0,1,142.025,24.4,99.1,True,3000 random 4 KiB page touches over 892331003 B (checksum 391765)
concurrent_handles,lith,1,2026-10-10T15:08:19Z,128,0,506698297,506658816,1.0,506634240,506632761,1.0,465541689,41156608,0,0,8,92,0,0,65,443,448,8,1.082,24.6,98.9,True,8 handles; contiguous 1/8 shares; 1 MiB reads
cog_overview_window,lith,1,2026-10-10T15:08:24Z,8,0,2818048,1835008,1.54,1695744,524288,5.38,0,2818048,0,0,29,0,0,71,8,0,0,1,1.14,25.4,97.4,True,overview factors [2; 4; 8; 16]; read 1/16 overview + 512x512 window (decoded pixel bytes)
fits_header_cutout,lith,1,2026-10-10T15:08:30Z,14,0,54525952,17170432,3.18,17055744,1051456,51.86,49283072,5242880,0,0,15,85,0,0,8,13,47,1,1.465,23.9,98.2,True,header (6 cards) + 512x512 float32 cutout via .section
webdataset_stream,lith,1,2026-10-10T15:08:35Z,19,0,17008640,17039360,1.0,17010688,17008640,1.0,7571456,9437184,0,0,51,49,0,0,17,8,8,1,1.018,25.3,98.8,True,400 samples; 16392690 payload B
zip_seek_to_end,lith,1,2026-10-10T15:08:41Z,12,0,10291022,3014656,3.41,1966080,409600,25.12,0,10158080,132942,0,100,0,0,0,10,0,0,1,0.518,25.7,98.3,True,central directory (500 entries) + 20 random entries
tinyfiles_random,lith,1,2026-10-10T15:08:46Z,300,0,2457600,19660800,0.12,2457600,2457600,1.0,212992,2244608,0,0,100,0,0,0,274,26,26,300,11.992,25.3,98.6,True,300 x 8 KiB; random order
sqlite_random,lith,1,2026-10-10T15:09:01Z,195,0,17092608,16842752,1.01,5877760,,,0,17092608,0,0,1,0,0,99,195,0,0,1,7.169,24.8,98.6,True,1000 indexed point lookups (316 hits) + 5 range scans (10005 rows)
kerchunk_scan,lith,1,2026-10-10T15:09:10Z,55,0,103743488,3604480,28.78,528384,,,83886080,19857408,0,0,25,0,20,55,45,6,80,1,5.967,24.7,98.8,True,2904 refs from HDF5 metadata walk
kerchunk_read,lith,1,2026-10-10T15:09:19Z,2,0,1179648,851968,1.38,786432,831744,1.42,0,1179648,0,0,100,0,0,0,2,0,0,1,0.919,24.5,99.3,True,U[time=3; lev=30] (361; 576) via kerchunk refs + zarr
hemco_timeslice,lith,1,2026-10-10T15:09:24Z,311,0,137277382,62390272,2.2,54411264,1425600000,0.1,74448896,62828486,0,0,30,12,6,53,302,11,71,3,18.782,24.5,98.2,True,55 vars; one time slice each; 3 HEMCO files
grib_idx,lith,2,2026-10-10T15:09:46Z,75,0,62422091,12320768,5.07,11829248,10221443,6.11,50331648,12090443,0,0,11,14,0,75,69,2,48,2,2.767,25.6,98.0,True,12/12 fields decoded
netcdf4_hyperslab,lith,2,2026-10-10T15:09:51Z,21,0,7862494,5832704,1.35,5586944,131072,59.99,0,7862494,0,0,73,0,0,27,21,0,0,1,1.029,24.1,98.4,True,OR_ABI-L2-CMIPF-M6C01_G19_s20262810000210_e20262810009519_c20262810009578.nc CMI 10848x10848 slab 256x256 int16
mmap_random,lith,2,2026-10-10T15:09:56Z,2413,0,416277499,414056448,1.01,306253824,12288000,33.88,0,416277499,0,0,0,0,0,100,2413,0,0,1,131.123,24.4,98.4,True,3000 random 4 KiB page touches over 892331003 B (checksum 391765)
concurrent_handles,lith,2,2026-10-10T15:12:10Z,137,0,506698297,506658816,1.0,506634240,506632761,1.0,459315769,47382528,0,0,8,92,0,0,76,438,441,8,0.898,24.8,98.6,True,8 handles; contiguous 1/8 shares; 1 MiB reads
cog_overview_window,lith,2,2026-10-10T15:12:15Z,8,0,2818048,1835008,1.54,1695744,524288,5.38,0,2818048,0,0,29,0,0,71,8,0,0,1,1.151,25.2,97.6,True,overview factors [2; 4; 8; 16]; read 1/16 overview + 512x512 window (decoded pixel bytes)
fits_header_cutout,lith,2,2026-10-10T15:12:21Z,14,0,54525952,17170432,3.18,17055744,1051456,51.86,49283072,5242880,0,0,15,85,0,0,8,13,47,1,1.404,25.0,98.8,True,header (6 cards) + 512x512 float32 cutout via .section
webdataset_stream,lith,2,2026-10-10T15:12:26Z,19,0,17008640,17039360,1.0,17010688,17008640,1.0,7571456,9437184,0,0,51,49,0,0,17,8,8,1,1.143,24.1,99.8,True,400 samples; 16392690 payload B
zip_seek_to_end,lith,2,2026-10-10T15:12:32Z,12,0,10291022,3014656,3.41,1966080,409600,25.12,0,10158080,132942,0,100,0,0,0,10,0,0,1,0.425,25.6,99.5,True,central directory (500 entries) + 20 random entries
tinyfiles_random,lith,2,2026-10-10T15:12:37Z,300,0,2457600,19660800,0.12,2457600,2457600,1.0,212992,2244608,0,0,100,0,0,0,274,26,26,300,11.058,25.4,97.1,True,300 x 8 KiB; random order
sqlite_random,lith,2,2026-10-10T15:12:51Z,188,0,17616896,16842752,1.05,5877760,,,0,17616896,0,0,1,0,0,99,188,0,0,1,5.667,24.2,99.8,True,1000 indexed point lookups (316 hits) + 5 range scans (10005 rows)
kerchunk_scan,lith,2,2026-10-10T15:12:59Z,57,0,103743488,3604480,28.78,528384,,,82837504,20905984,0,0,25,0,20,55,46,5,80,1,5.588,24.7,98.8,True,2904 refs from HDF5 metadata walk
kerchunk_read,lith,2,2026-10-10T15:13:07Z,2,0,1179648,851968,1.38,786432,831744,1.42,0,1179648,0,0,100,0,0,0,2,0,0,1,0.898,25.5,98.5,True,U[time=3; lev=30] (361; 576) via kerchunk refs + zarr
hemco_timeslice,lith,2,2026-10-10T15:13:12Z,314,0,137080774,62390272,2.2,54411264,1425600000,0.1,73400320,63680454,0,0,30,11,6,53,305,10,71,3,17.4,25.1,98.8,True,55 vars; one time slice each; 3 HEMCO files
