1791673928.827270093,0.010161039829614048,0,0,48
1791673929.335499571,0.010415065825354399,0,2.85212672e+08,48
1791673929.843186719,0.010542078823224575,0,7.88529152e+08,48
1791673930.350781648,0.011304156810445628,0,1.233125376e+09,48
1791673930.858071654,0.010796104818964926,0,1.610612736e+09,48
1791673931.365624023,0.010288052827484224,0,2.097152e+09,48
1791673931.873508710,0.011050130814705277,0,2.5165824e+09,48
1791673932.381202499,0.010288052827484224,0,2.969567232e+09,48
1791673932.888916113,0.010796104818964926,0,3.338665984e+09,48
1791673933.396497180,0.010288052827484224,0,3.716153344e+09,48
1791673933.903866253,0,0,3.776834855e+09,48
1791673934.410956391,0,0,3.776834855e+09,48
