1791673949.860932377,0,0,0,0
1791673950.368621417,0.4958587436851655,0,1.098907648e+09,8
1791673950.876604995,0.4958587436851655,0,1.781530624e+09,8
1791673951.384795330,0.4992880946276603,0,2.692743168e+09,8
1791673951.892395804,0.5017013415871936,0,3.598712832e+09,8
1791673952.401452350,0.4982719906446989,0,4.622123008e+09,8
1791673952.911801080,0.4987800426361796,0,5.511315456e+09,8
1791673953.421030897,0.4992880946276603,0,6.5011712e+09,8
1791673953.929285727,0.4996691336212708,0,7.440695296e+09,8
1791673954.438332744,0.4990340686319199,0,8.371830784e+09,8
1791673954.946333063,0.49839900364256906,0,9.31135488e+09,8
1791673955.455741200,0.4987800426361796,0,1.0301210624e+10,8
1791673955.964049310,0.4981449776468287,0,1.1232346112e+10,8
1791673956.471888536,0.49954212062340064,0,1.2155092992e+10,8
1791673956.980549832,0.49979614661914096,0,1.3111394304e+10,8
1791673957.488402795,0.4987800426361796,0,1.4059307008e+10,8
1791673957.997517200,0.49941510762553043,0,1.5023996928e+10,8
1791673958.506749390,0.4986530296383094,0,1.5963521024e+10,8
1791673959.017834182,0.49979614661914096,0,1.686110208e+10,8
1791673959.529919735,0.5001771856127515,0,1.7842569216e+10,8
1791673960.040965226,0.5006852376042322,0,1.8773704704e+10,8
1791673960.550436997,0.49839900364256906,0,1.9679674368e+10,8
1791673961.063574005,0.4986530296383094,0,2.063597568e+10,8
1791673961.572071748,0.49954212062340064,0,2.1575499776e+10,8
1791673962.080572201,0.5000501726148814,0,2.2531801088e+10,8
1791673962.590778927,0.49890705563404975,0,2.3479713792e+10,8
1791673963.099246303,0.4987800426361796,0,2.441084928e+10,8
1791673963.607552336,0.49941510762553043,0,2.541748224e+10,8
1791673964.115354290,0.48433959555806305,0,2.625634304e+10,8
1791673964.623936763,0.44302871659982207,0,2.7237810176e+10,8
1791673965.131916080,0.3316707908292522,0,2.8214474452e+10,8
1791673965.641464886,0.21483350006114982,0,2.9163969318e+10,8
1791673966.151805796,0.07739985013683356,0,2.9631550732e+10,8
1791673966.661071992,0,0,2.9945517322e+10,8
1791673967.168362312,0,0,2.9945517322e+10,8
