1791673969.738354413,0,0,0,0
1791673970.246477592,0.5314223830888147,0,1.044381696e+09,8
1791673970.754047061,0.5314223830888147,0,1.563426816e+09,8
1791673971.261685260,0.5372649809908427,0,2.634022912e+09,8
1791673971.769896940,0.533835630048348,0,3.548381184e+09,8
1791673972.278905125,0.5154187453571726,0,4.471128064e+09,8
1791673972.787973277,0.5028444585680252,0,5.4525952e+09,8
1791673973.297766300,0.4985260166404392,0,6.425673728e+09,8
1791673973.805888847,0.4986530296383094,0,7.340032e+09,8
1791673974.314661516,0.4978909516510884,0,8.30472192e+09,8
1791673974.822479784,0.4985260166404392,0,9.202302976e+09,8
1791673975.330974724,0.4992880946276603,0,1.0183770112e+10,8
1791673975.839956694,0.4985260166404392,0,1.1190403072e+10,8
1791673976.348526272,0.4978909516510884,0,1.2062818304e+10,8
1791673976.857042906,0.4972558866617375,0,1.2993953792e+10,8
1791673977.366452209,0.4996691336212708,0,1.3941866496e+10,8
1791673977.876860480,0.49954212062340064,0,1.4948499456e+10,8
1791673978.390567792,0.4972558866617375,0,1.581252608e+10,8
1791673978.898973488,0.4987800426361796,0,1.6802381824e+10,8
1791673979.407452162,0.49839900364256906,0,1.7767071744e+10,8
1791673979.915768889,0.4981449776468287,0,1.86646528e+10,8
1791673980.425169327,0.4981449776468287,0,1.9620954112e+10,8
1791673980.933836145,0.4991610816297901,0,2.0602421248e+10,8
1791673981.442653167,0.49776393865321816,0,2.1533556736e+10,8
1791673981.950476205,0.4978909516510884,0,2.2414360576e+10,8
1791673982.458746175,0.4987800426361796,0,2.3379050496e+10,8
1791673982.968394914,0.49941510762553043,0,2.4427626496e+10,8
1791673983.476837551,0.4986530296383094,0,2.5316818944e+10,8
1791673983.986018529,0.49359443843928685,0,2.6264731648e+10,8
1791673984.496096687,0.46444941539911044,0,2.7204255744e+10,8
1791673985.005336351,0.35797128274511214,0,2.8093448192e+10,8
1791673985.514133604,0.27108012768349066,0,2.902371614e+10,8
1791673986.023437316,0.14299744246413526,0,2.9945517322e+10,8
1791673986.532797809,0,0,2.9945517322e+10,8
1791673987.040078939,0,0,2.9945517322e+10,8
