t,open_handles,streaming_handles,readahead_window_blocks,prefetch_committed_bytes,prefetch_budget_bytes,prefetch_unread_resident_bytes,prefetch_pressure,prefetch_pressure_held_total
0.003,0,0,1024,0,4.9816376832e+10,0,0,0
0.204,0,0,1024,0,4.9816376832e+10,0,0,0
0.405,0,0,1024,0,4.9816376832e+10,0,0,0
0.607,0,0,1024,0,4.9816376832e+10,0,0,0
0.807,0,0,1024,0,4.9816376832e+10,0,0,0
1.009,64,0,1024,0,4.9816376832e+10,0,0,0
1.210,64,0,1024,0,4.9816376832e+10,0,0,0
1.411,64,0,1024,0,4.9816376832e+10,0,0,0
1.612,64,0,1024,0,4.9816376832e+10,0,0,0
1.813,64,0,1024,0,4.9816376832e+10,0,0,0
2.015,64,0,1024,0,4.9816376832e+10,0,0,0
2.216,64,0,1024,0,4.9816376832e+10,0,0,0
2.417,64,0,1024,0,4.9816376832e+10,0,0,0
2.619,64,0,1024,0,4.9816376832e+10,0,0,0
2.820,64,10,593,4.0894464e+08,4.9816376832e+10,1.17440512e+08,0.0041045200996764454,0
3.022,64,30,197,1.22683392e+09,4.9816376832e+10,6.07125504e+08,0.012313560299029335,0
3.224,64,46,129,1.86646528e+09,4.9816376832e+10,1.46276352e+09,0.018733450711343774,0
3.429,64,60,98,5.434769408e+09,4.9816376832e+10,1.341128704e+09,0.05455854409416075,0
3.633,64,62,95,9.761193984e+09,4.9816376832e+10,1.4942208e+09,0.09797173745612316,0
3.835,64,63,94,1.2419334144e+10,4.9816376832e+10,2.083520512e+09,0.12465111810402005,0
4.037,64,63,94,1.5977152512e+10,4.9816376832e+10,2.519728128e+09,0.1603604429712051,0
4.238,64,64,92,2.2249734144e+10,4.9816376832e+10,2.1495808e+09,0.2233174666539346,0
4.440,64,64,92,2.5141706752e+10,4.9816376832e+10,2.740977664e+09,0.25234379084600544,0
4.641,64,64,92,2.9932650496e+10,4.9816376832e+10,2.89931264e+09,0.3004298224752918,0
4.843,64,64,92,3.3959182336e+10,4.9816376832e+10,3.15097088e+09,0.34102247382004064,0
5.044,64,64,92,3.7758173184e+10,4.9816376832e+10,3.515875328e+09,0.3789734981262798,0
5.246,64,64,92,4.2711646208e+10,4.9816376832e+10,3.115319296e+09,0.4286908133849247,0
5.447,64,64,92,4.3623907328e+10,4.9816376832e+10,2.94125568e+09,0.43784705053035683,0
5.649,64,64,92,4.393009152e+10,4.9816376832e+10,3.117416448e+09,0.4409096539893462,0
5.851,64,64,92,4.4101009408e+10,4.9816376832e+10,3.944742912e+09,0.44263565731331267,0
6.053,64,64,92,4.4406145024e+10,4.9816376832e+10,4.703911936e+09,0.445698260772302,0
6.254,64,64,92,4.5108690944e+10,4.9816376832e+10,4.474273792e+09,0.4527601402258479,0
6.456,64,64,92,4.5705330688e+10,4.9816376832e+10,4.441767936e+09,0.4587380053966587,0
6.657,64,64,92,4.6285193216e+10,4.9816376832e+10,4.086300672e+09,0.4645474799992777,0
6.859,64,64,92,4.6664777728e+10,4.9816376832e+10,3.941597184e+09,0.46839941424666637,0
7.061,64,64,92,4.7055896576e+10,4.9816376832e+10,3.80633088e+09,0.47230397054661494,0
7.263,64,64,92,4.7503638528e+10,4.9816376832e+10,3.556769792e+09,0.4767978938352351,0
7.465,64,64,92,4.7777316864e+10,4.9816376832e+10,3.300917248e+09,0.4795342405683527,0
7.667,64,64,92,4.7786754048e+10,4.9816376832e+10,4.158652416e+09,0.47962896026296065,0
7.868,64,64,92,4.7791996928e+10,4.9816376832e+10,4.609540096e+09,0.47968158231552055,0
8.070,64,64,92,4.7787802624e+10,4.9816376832e+10,5.007998976e+09,0.4796394846734726,0
8.271,64,64,92,4.7861202944e+10,4.9816376832e+10,5.12753664e+09,0.48038671781982395,0
8.473,64,64,92,4.7958720512e+10,4.9816376832e+10,5.160042496e+09,0.4813654879974391,0
8.675,64,64,92,4.8033169408e+10,4.9816376832e+10,5.312086016e+09,0.48211272114379045,0
8.878,64,64,92,4.8175775744e+10,4.9816376832e+10,5.470420992e+09,0.4835335165629092,0
9.080,64,64,92,4.8135929856e+10,4.9816376832e+10,5.600444416e+09,0.4830493936793577,0
9.282,64,64,92,4.829216768e+10,4.9816376832e+10,5.88251136e+09,0.48471225054025224,0
9.484,64,64,92,4.8350887936e+10,4.9816376832e+10,5.954863104e+09,0.48529109311841173,0
9.686,64,64,92,4.8361373696e+10,4.9816376832e+10,6.11319808e+09,0.4854068616340436,0
9.887,64,64,92,4.8387588096e+10,4.9816376832e+10,6.484393984e+09,0.4856594474863314,0
10.089,64,64,92,4.8368713728e+10,4.9816376832e+10,7.026507776e+09,0.48547000809711555,0
10.291,64,64,92,4.8382345216e+10,4.9816376832e+10,7.398752256e+09,0.48561734984428345,0
10.493,64,64,92,4.8384442368e+10,4.9816376832e+10,7.779385344e+09,0.4856278742547954,0
10.695,64,64,92,4.8380248064e+10,4.9816376832e+10,7.960788992e+09,0.48559630102325946,0
10.896,64,64,92,4.8447356928e+10,4.9816376832e+10,7.847542784e+09,0.4862382900644909,0
11.098,64,64,92,4.8536485888e+10,4.9816376832e+10,7.702839296e+09,0.4871539137790341,0
11.300,64,64,92,4.8679092224e+10,4.9816376832e+10,7.347372032e+09,0.48858523360866485,0
11.501,64,64,92,4.8783949824e+10,4.9816376832e+10,7.120879616e+09,0.48963767465986396,0
11.703,64,64,92,4.8912924672e+10,4.9816376832e+10,6.890192896e+09,0.4909847992053988,0
11.905,64,64,92,4.89947136e+10,4.9816376832e+10,6.589251584e+09,0.4917530811727741,0
12.107,64,64,92,4.8985276416e+10,4.9816376832e+10,6.341787648e+09,0.4916478370676542,0
12.309,64,64,92,4.9043996672e+10,4.9816376832e+10,5.822742528e+09,0.4922582528773497,0
12.510,64,64,92,4.8985276416e+10,4.9816376832e+10,5.27958016e+09,0.4916583614781662,0
12.712,64,64,92,4.899995648e+10,4.9816376832e+10,4.654628864e+09,0.4917951788148221,0
12.913,64,64,92,4.901044224e+10,4.9816376832e+10,4.05798912e+09,0.49192147174096595,0
13.115,64,64,92,4.9006247936e+10,4.9816376832e+10,3.522166784e+09,0.491868849688406,0
13.316,64,64,92,4.9013587968e+10,4.9816376832e+10,3.059744768e+09,0.49194252056198995,0
13.518,64,64,92,4.9011490816e+10,4.9816376832e+10,2.99892736e+09,0.491931996151478,0
13.719,64,64,92,4.899995648e+10,4.9816376832e+10,3.096444928e+09,0.49180570322533407,0
13.921,64,64,92,4.9074405376e+10,4.9816376832e+10,3.16145664e+09,0.49254241196117343,0
14.122,64,64,92,4.9128931328e+10,4.9816376832e+10,3.36068608e+09,0.49311073012882095,0
14.324,64,64,92,4.9181360128e+10,4.9816376832e+10,3.58612992e+09,0.4936264262439085,0
14.526,64,64,92,4.923588608e+10,4.9816376832e+10,3.600809984e+09,0.49416317118002,0
14.728,64,64,92,4.9333403648e+10,4.9816376832e+10,3.572498432e+09,0.4950682704840512,0
14.932,64,64,92,4.939841536e+10,4.9816376832e+10,3.47078656e+09,0.4958049792198906,0
15.135,64,64,92,4.9533681664e+10,4.9816376832e+10,3.426746368e+09,0.4971626281759374,0
15.336,64,64,92,4.9619664896e+10,4.9816376832e+10,3.149922304e+09,0.4980256298379207,0
15.538,64,64,92,4.9631199232e+10,4.9816376832e+10,3.105882112e+09,0.4981413983535526,0
15.740,64,64,92,4.9627004928e+10,4.9816376832e+10,3.037724672e+09,0.4980993007115046,0
15.941,64,64,92,4.9606033408e+10,4.9816376832e+10,2.833252352e+09,0.4978993369117768,0
16.143,64,64,92,4.9599741952e+10,4.9816376832e+10,2.695888896e+09,0.49783619044870486,0
16.344,64,64,92,4.9619664896e+10,4.9816376832e+10,2.5427968e+09,0.4980256298379207,0
16.546,64,64,92,4.9633296384e+10,4.9816376832e+10,2.349858816e+09,0.4981624471745766,0
16.748,64,64,92,4.9620713472e+10,4.9816376832e+10,2.247098368e+09,0.49803615424843267,0
16.950,64,64,92,4.9612324864e+10,4.9816376832e+10,2.00278016e+09,0.49795195896433675,0
17.152,64,64,92,4.9609179136e+10,4.9816376832e+10,1.837105152e+09,0.4979203857328008,0
17.353,64,64,92,4.9590304768e+10,4.9816376832e+10,1.858076672e+09,0.4977414707540969,0
17.555,64,64,92,4.9589256192e+10,4.9816376832e+10,1.74063616e+09,0.4977414707540969,0
17.757,64,64,92,4.9664753664e+10,4.9816376832e+10,1.752170496e+09,0.4984781794899363,0
17.959,64,64,92,4.9609179136e+10,4.9816376832e+10,1.589641216e+09,0.4979203857328008,0
18.160,64,64,92,4.9606033408e+10,4.9816376832e+10,1.636827136e+09,0.4978888125012648,0
18.363,64,64,92,4.9598693376e+10,4.9816376832e+10,1.485832192e+09,0.49781514162768087,0
18.565,64,64,92,4.9591353344e+10,4.9816376832e+10,1.463812096e+09,0.4977414707540969,0
18.766,64,64,92,4.9584013312e+10,4.9816376832e+10,1.449132032e+09,0.497667799880513,0
18.968,64,64,92,4.9628053504e+10,4.9816376832e+10,1.466957824e+09,0.4981098251220166,0
19.169,64,64,92,4.960813056e+10,4.9816376832e+10,1.397751808e+09,0.49790986132228876,0
19.371,64,64,92,4.9575624704e+10,4.9816376832e+10,1.401946112e+09,0.4975836045964171,0
19.573,64,64,92,4.9588207616e+10,4.9816376832e+10,1.285554176e+09,0.497720421933073,0
19.775,64,64,92,4.9595547648e+10,4.9816376832e+10,1.197473792e+09,0.4977835683961449,0
19.976,64,64,92,4.9609179136e+10,4.9816376832e+10,1.06430464e+09,0.49790986132228876,0
20.178,64,64,92,4.9580867584e+10,4.9816376832e+10,1.125122048e+09,0.49762570223846503,0
20.380,64,64,92,4.9586110464e+10,4.9816376832e+10,1.05906176e+09,0.49768884870153696,0
20.581,64,64,92,4.961337344e+10,4.9816376832e+10,9.8041856e+08,0.4979624833748487,0
20.783,64,64,92,4.9599741952e+10,4.9816376832e+10,9.2798976e+08,0.49781514162768087,0
20.985,64,64,92,4.9607081984e+10,4.9816376832e+10,9.78321408e+08,0.4978782880907528,0
21.187,64,64,92,4.961337344e+10,4.9816376832e+10,8.71366656e+08,0.4979624833748487,0
21.389,64,64,92,4.9606033408e+10,4.9816376832e+10,8.9653248e+08,0.4978888125012648,0
21.591,64,64,92,4.9584013312e+10,4.9816376832e+10,9.05969664e+08,0.497667799880513,0
21.792,64,64,92,4.9577721856e+10,4.9816376832e+10,1.031798784e+09,0.49760465341744103,0
21.994,64,64,92,4.9627004928e+10,4.9816376832e+10,1.09576192e+09,0.4981098251220166,0
22.197,64,64,92,4.9584013312e+10,4.9816376832e+10,1.14294784e+09,0.497667799880513,0
22.399,64,64,92,4.9616519168e+10,4.9816376832e+10,1.166016512e+09,0.4980151054274087,0
22.601,64,64,92,4.9594499072e+10,4.9816376832e+10,1.159725056e+09,0.4977940928066569,0
22.802,64,64,92,4.962910208e+10,4.9816376832e+10,1.210056704e+09,0.4981203495325286,0
23.005,64,64,92,4.9609179136e+10,4.9816376832e+10,1.199570944e+09,0.4979203857328008,0
23.207,64,64,92,4.9620713472e+10,4.9816376832e+10,1.15867648e+09,0.49803615424843267,0
23.409,64,64,92,4.9595547648e+10,4.9816376832e+10,1.037041664e+09,0.4977940928066569,0
23.612,64,64,92,4.9596596224e+10,4.9816376832e+10,1.031798784e+09,0.4977940928066569,0
23.814,64,64,92,4.9601839104e+10,4.9816376832e+10,8.52492288e+08,0.49784671485921683,0
24.015,64,64,92,4.9621762048e+10,4.9816376832e+10,9.45815552e+08,0.49805720306945667,0
24.217,64,64,92,4.9595547648e+10,4.9816376832e+10,1.115684864e+09,0.4977835683961449,0
24.418,64,64,92,4.9594499072e+10,4.9816376832e+10,9.5420416e+08,0.4977835683961449,0
24.621,64,64,92,4.960288768e+10,4.9816376832e+10,1.070596096e+09,0.4978677636802408,0
24.823,64,64,92,4.9627004928e+10,4.9816376832e+10,9.63641344e+08,0.4981098251220166,0
25.024,64,64,92,4.9591353344e+10,4.9816376832e+10,9.56301312e+08,0.4977414707540969,0
25.226,64,64,92,4.9617567744e+10,4.9816376832e+10,9.58398464e+08,0.4980151054274087,0
25.428,64,64,92,4.9606033408e+10,4.9816376832e+10,7.7070336e+08,0.4978888125012648,0
25.630,64,64,92,4.95976448e+10,4.9816376832e+10,8.83949568e+08,0.49782566603819284,0
25.832,64,64,92,4.9627004928e+10,4.9816376832e+10,1.063256064e+09,0.4980993007115046,0
26.033,64,64,92,4.9607081984e+10,4.9816376832e+10,1.266679808e+09,0.4979203857328008,0
26.235,64,64,92,4.9614422016e+10,4.9816376832e+10,1.327497216e+09,0.4979835321958727,0
26.436,64,64,92,4.9568284672e+10,4.9816376832e+10,1.261436928e+09,0.49750993372283314,0
26.638,64,64,92,4.960288768e+10,4.9816376832e+10,1.168113664e+09,0.49785723926972886,0
26.840,64,64,92,4.961337344e+10,4.9816376832e+10,1.314914304e+09,0.4979624833748487,0
27.043,64,64,92,4.9633296384e+10,4.9816376832e+10,1.17440512e+09,0.4981624471745766,0
27.245,64,64,92,4.9548361728e+10,4.9816376832e+10,9.65738496e+08,0.49730996992310533,0
27.447,64,64,92,4.9604984832e+10,4.9816376832e+10,1.055916032e+09,0.4978888125012648,0
27.648,64,64,92,4.9600790528e+10,4.9816376832e+10,1.09051904e+09,0.49784671485921683,0
27.850,64,64,92,4.9609179136e+10,4.9816376832e+10,8.24180736e+08,0.49795195896433675,0
28.053,64,64,92,4.9596596224e+10,4.9816376832e+10,8.15792128e+08,0.4977940928066569,0
28.255,64,64,92,4.9599741952e+10,4.9816376832e+10,7.50780416e+08,0.49782566603819284,0
28.457,64,64,92,4.961337344e+10,4.9816376832e+10,8.4934656e+08,0.4978782880907528,0
28.659,64,64,92,4.9617567744e+10,4.9816376832e+10,8.388608e+08,0.4980045810168967,0
28.862,64,64,92,4.9600790528e+10,4.9816376832e+10,7.68606208e+08,0.4978993369117768,0
29.064,64,64,92,4.96238592e+10,4.9816376832e+10,7.64411904e+08,0.49806772747996864,0
29.266,64,64,92,4.9594499072e+10,4.9816376832e+10,7.21420288e+08,0.4977835683961449,0
29.468,64,64,92,4.9590304768e+10,4.9816376832e+10,8.27326464e+08,0.497657275470001,0
29.670,64,64,92,4.9594499072e+10,4.9816376832e+10,6.94157312e+08,0.4977730439856329,0
29.872,64,64,92,4.9595547648e+10,4.9816376832e+10,7.1303168e+08,0.4977940928066569,0
30.074,64,64,92,4.9604984832e+10,4.9816376832e+10,7.63363328e+08,0.4978782880907528,0
30.276,64,64,92,4.9628053504e+10,4.9816376832e+10,7.76994816e+08,0.4981098251220166,0
30.477,64,64,92,4.9609179136e+10,4.9816376832e+10,6.5536e+08,0.49793091014331275,0
30.680,64,64,92,4.960813056e+10,4.9816376832e+10,6.38582784e+08,0.49793091014331275,0
30.881,64,64,92,4.9598693376e+10,4.9816376832e+10,6.49068544e+08,0.49781514162768087,0
31.084,64,64,92,4.9557959613e+10,4.9816376832e+10,7.10934528e+08,0.4974063025511522,0
31.285,64,64,92,4.9562153917e+10,4.9816376832e+10,8.84998144e+08,0.49744840019320014,0
31.487,64,64,92,4.9551717836e+10,4.9816376832e+10,7.90626304e+08,0.4973436547092482,0
31.689,64,64,92,4.9433556756e+10,4.9816376832e+10,8.39909376e+08,0.4961682129022803,0
31.890,64,64,92,4.9258021338e+10,4.9816376832e+10,9.24844032e+08,0.4943958640761552,0
32.092,64,64,92,4.9008551312e+10,4.9816376832e+10,1.092616192e+09,0.49189196835084675,0
32.294,64,64,92,4.8466787115e+10,4.9816376832e+10,1.071644672e+09,0.4864543569522194,0
32.496,64,64,92,4.7736639079e+10,4.9816376832e+10,1.002438656e+09,0.47910491451414916,0
32.698,64,64,92,4.6822578461e+10,4.9816376832e+10,9.67835648e+08,0.4699516648802437,0
32.900,64,64,92,4.5832953503e+10,4.9816376832e+10,8.24180736e+08,0.4600189377236964,0
33.102,64,64,92,4.4776428708e+10,4.9816376832e+10,7.57071872e+08,0.44941474626911704,0
33.304,64,64,92,4.3718415524e+10,4.9816376832e+10,6.815744e+08,0.4387956160625182,0
33.506,64,64,92,4.2847100992e+10,4.9816376832e+10,7.6546048e+08,0.43005035408834447,0
33.708,64,64,92,4.1934200962e+10,4.9816376832e+10,8.13694976e+08,0.4208877042926894,0
33.910,64,64,92,4.1116311682e+10,4.9816376832e+10,1.05381888e+09,0.41267866409333653,0
34.112,64,64,92,4.0144448446e+10,4.9816376832e+10,1.06430464e+09,0.4029242088538728,0
34.314,64,64,92,3.9188147134e+10,4.9816376832e+10,1.06954752e+09,0.39332594646693714,0
34.515,64,64,92,3.8230797246e+10,4.9816376832e+10,1.155530752e+09,0.3836540132064175,0
34.717,64,64,92,3.724408723e+10,4.9816376832e+10,1.202716672e+09,0.37381368937770604,0
34.919,64,64,92,3.6269941747e+10,4.9816376832e+10,1.228931072e+09,0.3640258031341046,0
35.120,64,64,92,3.5332587537e+10,4.9816376832e+10,1.356857344e+09,0.354628234567872,0
35.322,64,64,92,3.4129870865e+10,4.9816376832e+10,1.185939456e+09,0.34255673571061845,0
35.523,64,64,92,3.3065566225e+10,4.9816376832e+10,1.21634816e+09,0.33186393463043573,0
35.725,64,64,92,3.1929958417e+10,4.9816376832e+10,1.11149056e+09,0.3204765224564616,0
35.927,64,64,92,3.0874042385e+10,4.9816376832e+10,1.089470464e+09,0.30987844107088675,0
36.129,64,64,92,2.9807640593e+10,4.9816376832e+10,1.030750208e+09,0.299185639990704,0
36.331,64,64,92,2.8946759697e+10,4.9816376832e+10,1.172307968e+09,0.2905345745498475,0
36.533,64,64,92,2.7918106641e+10,4.9816376832e+10,1.202716672e+09,0.2802311766586084,0
36.735,64,64,92,2.6894696465e+10,4.9816376832e+10,1.25304832e+09,0.26993830317788137,0
36.937,64,64,92,2.5803128849e+10,4.9816376832e+10,1.173356544e+09,0.25898239183489885,0
37.139,64,64,92,2.4517574673e+10,4.9816376832e+10,9.10163968e+08,0.246079464547198,0
37.340,64,64,92,2.3359883545e+10,4.9816376832e+10,7.89577728e+08,0.23447040518203538,0
37.542,64,64,92,2.2364784921e+10,4.9816376832e+10,8.13694976e+08,0.22447221519564403,0
37.744,64,64,92,2.1190379801e+10,4.9816376832e+10,6.89963008e+08,0.21268487542221426,0
37.946,64,64,92,2.0101957913e+10,4.9816376832e+10,6.58505728e+08,0.2017710617212797,0
38.147,64,64,92,1.8995710233e+10,4.9816376832e+10,6.36485632e+08,0.1906572842206173,0
38.349,64,64,92,1.8085095477e+10,4.9816376832e+10,8.45152256e+08,0.18151757140016328,0
38.551,64,64,92,1.6834144309e+10,4.9816376832e+10,6.0817408e+08,0.16896194965935815,0
38.754,64,64,92,1.5735236661e+10,4.9816376832e+10,6.6584576e+08,0.1579323674427917,0
38.956,64,64,92,1.4745380917e+10,4.9816376832e+10,7.88689853e+08,0.14799732391947232,0
39.158,63,63,94,1.3829220635e+10,4.9816376832e+10,8.7031808e+08,0.13880195143092658,0
39.359,63,63,94,1.24637741e+10,4.9816376832e+10,6.96174857e+08,0.12509715572082494,0
39.561,61,61,97,1.1358950127e+10,4.9816376832e+10,5.86622066e+08,0.11400819217851543,0
39.763,52,52,114,1.0595305671e+10,4.9816376832e+10,5.8720256e+08,0.10634359968340783,0
39.964,41,41,144,9.583884225e+09,4.9816376832e+10,3.92064343e+08,0.09619210422829973,0
40.166,25,25,237,9.346225097e+09,4.9816376832e+10,5.33688709e+08,0.09379677524035636,0
40.368,16,16,371,8.113744959e+09,4.9816376832e+10,5.23129788e+08,0.08143652223407045,0
40.569,13,13,456,7.049307005e+09,4.9816376832e+10,7.10125402e+08,0.07075290751044558,0
40.771,11,11,539,5.843205155e+09,4.9816376832e+10,8.04239413e+08,0.0586684809165529,0
40.972,10,10,593,4.273505262e+09,4.9816376832e+10,5.27433728e+08,0.04291362284755249,0
41.174,8,8,742,3.029801928e+09,4.9816376832e+10,5.58127168e+08,0.03040969778088899,0
41.376,5,5,1024,1.959071463e+09,4.9816376832e+10,7.69217929e+08,0.019662926005304872,0
41.578,3,3,1024,9.84332638e+08,4.9816376832e+10,9.2351523e+08,0.009879608881628912,0
41.779,0,0,1024,0,4.9816376832e+10,0,0,0
41.980,0,0,1024,0,4.9816376832e+10,0,0,0
42.181,0,0,1024,0,4.9816376832e+10,0,0,0
42.382,0,0,1024,0,4.9816376832e+10,0,0,0
42.583,0,0,1024,0,4.9816376832e+10,0,0,0
42.784,0,0,1024,0,4.9816376832e+10,0,0,0
42.985,0,0,1024,0,4.9816376832e+10,0,0,0
43.186,0,0,1024,0,4.9816376832e+10,0,0,0
43.387,0,0,1024,0,4.9816376832e+10,0,0,0
43.587,0,0,1024,0,4.9816376832e+10,0,0,0
43.788,0,0,1024,0,4.9816376832e+10,0,0,0
43.989,0,0,1024,0,4.9816376832e+10,0,0,0
44.190,0,0,1024,0,4.9816376832e+10,0,0,0
44.391,0,0,1024,0,4.9816376832e+10,0,0,0
44.591,0,0,1024,0,4.9816376832e+10,0,0,0
