shape,source,run,utc_start,ct_get,lith_get,ct_bytes,lith_bytes,verdict
cog_overview_window,cloudtrail,v112-r1,2026-10-10T15:08:24Z,8,8,2818048,2818048,MATCH
fits_header_cutout,cloudtrail,v112-r1,2026-10-10T15:08:30Z,14,14,54525952,54525952,MATCH
webdataset_stream,cloudtrail,v112-r1,2026-10-10T15:08:35Z,19,19,17008640,17008640,MATCH
zip_seek_to_end,cloudtrail,v112-r1,2026-10-10T15:08:41Z,12,12,10291022,10291022,MATCH
tinyfiles_random,cloudtrail,v112-r1,2026-10-10T15:08:46Z,300,300,2457600,2457600,MATCH
sqlite_random,cloudtrail,v112-r1,2026-10-10T15:09:01Z,195,195,17092608,17092608,MATCH
cog_overview_window,cloudtrail,v112-r2,2026-10-10T15:12:15Z,8,8,2818048,2818048,MATCH
fits_header_cutout,cloudtrail,v112-r2,2026-10-10T15:12:21Z,14,14,54525952,54525952,MATCH
webdataset_stream,cloudtrail,v112-r2,2026-10-10T15:12:26Z,19,19,17008640,17008640,MATCH
zip_seek_to_end,cloudtrail,v112-r2,2026-10-10T15:12:32Z,12,12,10291022,10291022,MATCH
tinyfiles_random,cloudtrail,v112-r2,2026-10-10T15:12:37Z,300,300,2457600,2457600,MATCH
sqlite_random,cloudtrail,v112-r2,2026-10-10T15:12:51Z,188,188,17616896,17616896,MATCH
cog_overview_window,cloudtrail,main-r1,2026-10-10T15:15:52Z,8,8,2818048,2818048,MATCH
fits_header_cutout,cloudtrail,main-r1,2026-10-10T15:15:58Z,14,14,54525952,54525952,MATCH
webdataset_stream,cloudtrail,main-r1,2026-10-10T15:16:03Z,19,19,17008640,17008640,MATCH
zip_seek_to_end,cloudtrail,main-r1,2026-10-10T15:16:09Z,12,12,10291022,10291022,MATCH
tinyfiles_random,cloudtrail,main-r1,2026-10-10T15:16:14Z,300,300,2457600,2457600,MATCH
sqlite_random,cloudtrail,main-r1,2026-10-10T15:16:27Z,195,195,17092608,17092608,MATCH
cog_overview_window,cloudtrail,main-r2,2026-10-10T15:19:25Z,8,8,2818048,2818048,MATCH
fits_header_cutout,cloudtrail,main-r2,2026-10-10T15:19:31Z,14,14,54525952,54525952,MATCH
webdataset_stream,cloudtrail,main-r2,2026-10-10T15:19:36Z,19,19,17008640,17008640,MATCH
zip_seek_to_end,cloudtrail,main-r2,2026-10-10T15:19:42Z,12,12,10291022,10291022,MATCH
tinyfiles_random,cloudtrail,main-r2,2026-10-10T15:19:47Z,300,300,2457600,2457600,MATCH
sqlite_random,cloudtrail,main-r2,2026-10-10T15:20:00Z,188,188,17616896,17616896,MATCH
