1791616884.482331341,0,0,0,0
1791616884.992344577,0,0,0,0
1791616885.499659543,0.18353378192240374,0,0,1.51519232e+09
1791616886.007479534,0.28323898525049157,0,0,2.33832448e+09
1791616886.515081836,0.30673638985647406,0,0,2.53231104e+09
1791616887.022896461,0.31931067664562146,0,0,2.636120064e+09
1791616887.532073202,0.49179432775331994,0,0,4.060086272e+09
1791616888.039875988,0.49687484766812695,0,0,4.102029312e+09
1791616888.547347892,0.4934454967256322,0,0,4.07371776e+09
1791616889.054649501,0.49217536674693046,0,0,4.063232e+09
1791616889.562040994,0.4930644577320217,0,0,4.070572032e+09
1791616890.070706735,0.4934454967256322,0,0,4.07371776e+09
1791616890.579295467,0.4952236786958147,0,0,4.088397824e+09
1791616891.086584524,0.49420757471285326,0,0,4.080009216e+09
1791616891.595037040,0.4929374447341515,0,0,4.069523456e+09
1791616892.103589705,0.4939535487171129,0,0,4.077912064e+09
1791616892.611542622,0.49535069169368484,0,0,4.0894464e+09
1791616893.119778474,0.495477704691555,0,0,4.090494976e+09
1791616893.627941308,0.4934454967256322,0,0,4.07371776e+09
1791616894.136819557,0.4952236786958147,0,0,4.088397824e+09
1791616894.644697923,0.4958587436851655,0,0,4.093640704e+09
1791616895.153950636,0.4943345877107234,0,0,4.081057792e+09
1791616895.662175532,0.49179432775331994,0,0,4.060086272e+09
1791616896.170579700,0.49446160070859363,0,0,4.082106368e+09
1791616896.679116634,0.4958587436851655,0,0,4.093640704e+09
1791616897.186577622,0.4945886137064638,0,0,4.083154944e+09
1791616897.695519603,0.49319147072989183,0,0,4.071620608e+09
1791616898.205347982,0.4949696527000743,0,0,4.086300672e+09
1791616898.713027471,0.4943345877107234,0,0,4.081057792e+09
1791616899.222044412,0.49217536674693046,0,0,4.063232e+09
1791616899.730400378,0.4956047176894252,0,0,4.091543552e+09
1791616900.238288748,0.49484263970220416,0,0,4.085252096e+09
1791616900.746742343,0.4943345877107234,0,0,4.081057792e+09
1791616901.254526618,0.4928104317362813,0,0,4.06847488e+09
1791616901.763320830,0.4928104317362813,0,0,4.06847488e+09
1791616902.271186134,0.49598575668303574,0,0,4.09468928e+09
1791616902.779163733,0.4961127696809059,0,0,4.095737856e+09
1791616903.287439055,0.49382653571924273,0,0,4.076863488e+09
1791616903.795769561,0.49357250972350236,0,0,4.074766336e+09
1791616904.304092496,0.4930644577320217,0,0,4.070572032e+09
1791616904.812016755,0.49420757471285326,0,0,4.080009216e+09
1791616905.320707835,0.4956047176894252,0,0,4.091543552e+09
1791616905.828639764,0.49446160070859363,0,0,4.082106368e+09
1791616906.336422689,0.4961127696809059,0,0,4.095737856e+09
1791616906.844384357,0.49357250972350236,0,0,4.074766336e+09
1791616907.352472484,0.4943345877107234,0,0,4.081057792e+09
1791616907.861071527,0.4934454967256322,0,0,4.07371776e+09
1791616908.370608273,0.49420757471285326,0,0,4.080009216e+09
1791616908.878058652,0.4936995227213726,0,0,4.075814912e+09
1791616909.385906247,0.49598575668303574,0,0,4.09468928e+09
1791616909.895049130,0.49484263970220416,0,0,4.085252096e+09
1791616910.404240834,0.49331848372776205,0,0,4.072669184e+09
1791616910.913048116,0.49446160070859363,0,0,4.082106368e+09
1791616911.420531695,0.4945886137064638,0,0,4.083154944e+09
1791616911.928592735,0.4928104317362813,0,0,4.06847488e+09
1791616912.437374807,0.49382653571924273,0,0,4.076863488e+09
1791616912.945537900,0.4940805617149831,0,0,4.07896064e+09
1791616913.452907855,0.4782259489126419,0,0,3.948070363e+09
1791616913.960734354,0.4612595063955432,0,0,3.808001199e+09
1791616914.468450196,0.4520990684551297,0,0,3.732375747e+09
1791616914.976506146,0.45135579841526324,0,0,3.726239563e+09
1791616915.484348508,0.42015644743063496,0,0,3.46866836e+09
1791616915.992937866,0.3952302451976466,0,0,3.262886134e+09
1791616916.500962249,0.36959455411654524,0,0,3.05124661e+09
1791616917.008567364,0.35002698042636987,0,0,2.889703394e+09
1791616917.516346150,0.044705906172039414,0,0,3.69076717e+08
1791616918.023830013,0,0,0,0
1791616918.530792146,0,0,0,0
