1791616921.977084160,0,0,0,0
1791616922.484514006,0,0,0,0
1791616922.991854472,0.8518761767152677,511,0,7.032799232e+09
1791616923.499951898,0.8517491637173976,542,0,7.031750656e+09
1791616924.007702083,0.8513681247237871,542,0,7.028604928e+09
1791616924.515668497,0.849843968749345,543,0,7.016022016e+09
1791616925.022909598,0.8456525398196292,543,0,6.981419008e+09
1791616925.530760031,0.8389208509325098,543,0,6.92584448e+09
1791616926.038667122,0.825330460160401,543,0,6.813646848e+09
1791616926.547338511,0.8005629255757168,543,0,6.609174528e+09
1791616927.056144784,0.5607623855968252,543,0,4.62946304e+09
1791616927.563770785,0.3665595118533268,543,0,3.026190336e+09
1791616928.072043788,0.28196885527178983,543,0,2.32783872e+09
1791616928.579811306,0.21109560246023185,543,0,1.742733312e+09
1791616929.088629760,0.17616702804593357,543,0,1.454374912e+09
1791616929.596938131,0.17959637898842828,543,0,1.482686464e+09
1791616930.105101461,0.18340676892453356,543,0,1.514143744e+09
1791616930.613225193,0.18556598988832654,543,0,1.531969536e+09
1791616931.121522511,0.18874131483508094,543,0,1.558183936e+09
1791616931.629051840,0.19318676976053709,543,0,1.594884096e+09
1791616932.136704537,0.19648910770516165,543,0,1.622147072e+09
1791616932.644272003,0.20106157562848798,543,0,1.659895808e+09
1791616933.152279549,0.2081743035092178,543,0,1.718616064e+09
1791616933.659481530,0.21007949847727045,543,0,1.734344704e+09
1791616934.167345700,0.21592209637929852,543,0,1.7825792e+09
1791616934.676344181,0.21909742132605292,543,0,1.8087936e+09
1791616935.183911046,0.20343482529650528,543,0,1.679488548e+09
1791616935.693100834,0.13481708085586666,543,0,1.113003848e+09
1791616936.200753257,0.18391482091601427,543,0,1.518338048e+09
1791616936.708376956,0.20525300455820378,543,0,1.694498816e+09
1791616937.215646528,0.21643014837077923,543,0,1.786773504e+09
1791616937.722952032,0.22659118820039326,543,0,1.870659584e+09
1791616938.230217973,0.23980053997889153,543,0,1.979711488e+09
1791616938.737569969,0.24996157980850559,543,0,2.063597568e+09
1791616939.244661638,0.26215482760404246,543,0,2.164260864e+09
1791616939.751812340,0.2753641793825407,543,0,2.273312768e+09
1791616940.259004146,0.28552521921215473,543,0,2.357198848e+09
1791616940.766648180,0.2967023630247302,543,0,2.449473536e+09
1791616941.274254886,0.30673638985647406,543,0,2.53231104e+09
1791616941.781648183,0.31562729970738634,543,0,2.60571136e+09
1791616942.288837045,0.32464522255616884,543,0,2.680160256e+09
1791616942.796482447,0.33442522339217234,543,0,2.760900608e+09
1791616943.304123630,0.33963275630484957,543,0,2.803892224e+09
1791616943.811472016,0.346491458189839,543,0,2.860515328e+09
1791616944.319288674,0.35322314707695834,543,0,2.916089856e+09
1791616944.826756586,0.35741457600667415,543,0,2.950692864e+09
1791616945.334816725,0.36300314791296184,543,0,2.996830208e+09
1791616945.842142648,0.3659244468639759,543,0,3.020947456e+09
1791616946.349880106,0.37341821373831624,543,0,3.08281344e+09
1791616946.857845815,0.3765935386850707,543,0,3.10902784e+09
1791616947.365583196,0.3375564038315474,543,0,2.786750566e+09
1791616947.874316695,0.35830366699176536,543,0,2.958032896e+09
1791616948.381651671,0.3747103556484488,543,0,3.093480923e+09
1791616948.889087902,0.3771236026079821,543,0,3.113403867e+09
1791616949.398197745,0.3909460074444005,543,0,3.227516928e+09
1791616949.906030615,0.4022501642548461,543,0,3.320840192e+09
1791616950.413413786,0.41317328207168125,543,0,3.411017728e+09
1791616950.921915002,0.3846633240208557,543,0,3.175649236e+09
1791616951.429425141,0.387076570980389,543,0,3.19557218e+09
1791616951.937250122,0.3554319904875606,543,0,2.934325314e+09
1791616952.444520320,0.36940342025327993,543,0,3.049668674e+09
1791616952.952237652,0.37270575819790447,543,0,3.07693165e+09
1791616953.461112432,0.40161509926549527,543,0,3.315597312e+09
1791616953.968493559,0.387612014849342,543,0,3.199992622e+09
1791616954.476231848,0.37506938271062856,543,0,3.096444928e+09
1791616954.983756619,0.41406237305677246,543,0,3.41835776e+09
1791616955.491322607,0.4423862715818216,543,0,3.652190208e+09
1791616955.998631520,0.39285120241245314,543,0,3.243245568e+09
1791616956.507745830,0.4440374405541339,543,0,3.665821696e+09
1791616957.016908356,0.46347042922827075,543,0,3.826253824e+09
1791616957.525185595,0.4555556509002558,543,0,3.760912113e+09
1791616958.033205928,0.4213021139353725,543,0,3.478126592e+09
1791616958.542054170,0.47452056004297605,543,0,3.917479936e+09
1791616959.049895578,0.4670800923661405,543,0,3.856053972e+09
1791616959.559298866,0.4296112579944387,543,0,3.546724052e+09
1791616960.067736418,0.4065874141297867,543,0,3.356647048e+09
1791616960.575260732,0.44900975541842536,543,0,3.706871432e+09
1791616961.083619741,0.33063364140342166,543,0,2.7295986e+09
1791616961.591090362,0.3759584736957198,543,0,3.10378496e+09
1791616962.098212724,0.4379408166563655,543,0,3.615490048e+09
1791616962.605518278,0.44111614160311985,543,0,3.641704448e+09
1791616963.113088553,0.3765393642091667,543,0,3.108580594e+09
1791616963.620512175,0.24469987241992444,543,0,2.020158706e+09
1791616964.127769731,0.21744625235374063,543,0,1.795162112e+09
1791616964.634694839,0.21846235633670202,543,0,1.80355072e+09
1791616965.141792244,0.22049456430262485,543,0,1.820327936e+09
1791616965.648887501,0.22151066828558624,543,0,1.828716544e+09
1791616966.156183300,0.22252677226854764,543,0,1.837105152e+09
1791616966.663087575,0.22455898023447046,543,0,1.853882368e+09
1791616967.169981407,0.22557508421743186,543,0,1.862270976e+09
1791616967.677207022,0.22659118820039326,543,0,1.870659584e+09
1791616968.185604903,0.1320537759545991,543,0,1.090190945e+09
1791616968.693742077,0,543,0,0
1791616969.200620872,0,543,0,0
