1791616674.800666240,0,0,0,0
1791616675.308491844,0,0,0,0
1791616675.816443007,0.29131540869959344,0,0,2.405000678e+09
1791616676.324192253,0.745979922381988,0,0,6.158555866e+09
1791616676.832738470,0.7442017404118055,0,0,6.143875802e+09
1791616677.340898973,0.7425505714394932,0,0,6.130244314e+09
1791616677.850151812,0.7416614804544021,0,0,6.122904282e+09
1791616678.358628755,0.7407723894693108,0,0,6.11556425e+09
1791616678.866244247,0.7843874356638156,0,0,6.475635199e+09
1791616679.374302678,0.8446723668265151,0,0,6.973327034e+09
1791616679.881504882,0.8441643148350344,0,0,6.96913273e+09
1791616680.388316914,0.8441643148350344,0,0,6.96913273e+09
