1791616681.928485754,0,0,0,0
1791616682.435567054,0,0,0,0
1791616682.943161297,0,0,0,0
1791616683.451006907,0.7467377762364092,0,0,6.164812449e+09
1791616683.959913115,0.7445785552726162,0,0,6.146986657e+09
1791616684.469920295,0.7438164772853951,0,0,6.140695201e+09
1791616684.977359391,0.7430543992981741,0,0,6.134403745e+09
1791616685.486837408,0.7421653083130829,0,0,6.127063713e+09
1791616685.995237453,0.7402601133450303,0,0,6.111335073e+09
1791616686.503117110,0.8444268820023435,0,0,6.971300395e+09
1791616687.011728425,0.8439188300108628,0,3,6.967106091e+09
1791616687.518753916,0.8439188300108628,0,3,6.967106091e+09
