1791617573.941825074,,0,,0
1791617574.449004497,,0,,1.92937984e+08
1791617574.956198999,,0,,4.194304e+08
1791617575.463466616,,0,,7.1303168e+08
1791617575.970929873,,0,,1.00663296e+09
1791617576.478430953,,0,,1.30023424e+09
1791617576.985740362,,0,,1.535115264e+09
1791617577.493060874,,0,,1.786773504e+09
1791617578.000412377,,0,,2.05520896e+09
1791617578.507839573,,0,,2.323644416e+09
1791617579.015236038,,0,,2.592079872e+09
1791617579.522774414,,0,,2.919235584e+09
1791617580.030533220,,0,,3.179282432e+09
1791617580.537648679,,0,,3.472883712e+09
1791617581.045109730,,0,,3.716153344e+09
1791617581.552160739,,0,,3.776834855e+09
1791617582.059228044,,0,,3.776834855e+09
