# lith prefetch trace; block_size=8388608 max_readahead=67 parts_max=67108864 small_file=4194304 coverage_window=16 coverage_min=0.5 evidence_ratio=0
seq,fh,pid,key,size,off,len,blk,gap,path,state_before,state_after,max_window,window,dispatched,peak_window
1,1,3083302,gfs.20261009/00/atmos/gfs.t00z.pgrb2.0p25.f000.idx,31819,0,31819,0,0,window,cold,cold,67,0,0,0
2,2,3083302,gfs.20261009/00/atmos/gfs.t00z.pgrb2.0p25.f000,506632761,0,131072,0,0,window,cold,cold,67,0,0,0
3,2,3083302,gfs.20261009/00/atmos/gfs.t00z.pgrb2.0p25.f000,506632761,131072,131072,0,0,window,cold,cold,67,0,0,0
4,2,3083302,gfs.20261009/00/atmos/gfs.t00z.pgrb2.0p25.f000,506632761,262144,131072,0,0,window,cold,cold,67,0,0,0
5,2,3083302,gfs.20261009/00/atmos/gfs.t00z.pgrb2.0p25.f000,506632761,393216,131072,0,0,window,cold,cold,67,0,0,0
6,2,3083302,gfs.20261009/00/atmos/gfs.t00z.pgrb2.0p25.f000,506632761,524288,131072,0,0,window,cold,cold,67,0,0,0
7,2,3083302,gfs.20261009/00/atmos/gfs.t00z.pgrb2.0p25.f000,506632761,655360,131072,0,0,window,cold,cold,67,0,0,0
8,2,3083302,gfs.20261009/00/atmos/gfs.t00z.pgrb2.0p25.f000,506632761,786432,131072,0,0,window,cold,cold,67,0,0,0
9,2,3083302,gfs.20261009/00/atmos/gfs.t00z.pgrb2.0p25.f000,506632761,917504,131072,0,0,window,cold,cold,67,0,0,0
10,2,3083302,gfs.20261009/00/atmos/gfs.t00z.pgrb2.0p25.f000,506632761,1048576,131072,0,0,window,cold,cold,67,0,0,0
11,2,3083302,gfs.20261009/00/atmos/gfs.t00z.pgrb2.0p25.f000,506632761,260411392,131072,31,259231744,window,cold,random,67,0,0,0
12,2,3083302,gfs.20261009/00/atmos/gfs.t00z.pgrb2.0p25.f000,506632761,260542464,131072,31,0,window,random,random,67,0,0,0
13,2,3083302,gfs.20261009/00/atmos/gfs.t00z.pgrb2.0p25.f000,506632761,260673536,131072,31,0,window,random,random,67,0,0,0
14,2,3083302,gfs.20261009/00/atmos/gfs.t00z.pgrb2.0p25.f000,506632761,260935680,131072,31,131072,window,random,random,67,0,0,0
15,2,3083302,gfs.20261009/00/atmos/gfs.t00z.pgrb2.0p25.f000,506632761,260804608,131072,31,-262144,window,random,random,67,0,0,0
16,2,3083302,gfs.20261009/00/atmos/gfs.t00z.pgrb2.0p25.f000,506632761,261066752,131072,31,131072,window,random,random,67,0,0,0
17,2,3083302,gfs.20261009/00/atmos/gfs.t00z.pgrb2.0p25.f000,506632761,261197824,131072,31,0,window,random,random,67,0,0,0
18,2,3083302,gfs.20261009/00/atmos/gfs.t00z.pgrb2.0p25.f000,506632761,261328896,131072,31,0,window,random,random,67,0,0,0
19,2,3083302,gfs.20261009/00/atmos/gfs.t00z.pgrb2.0p25.f000,506632761,261459968,131072,31,0,window,random,random,67,0,0,0
20,2,3083302,gfs.20261009/00/atmos/gfs.t00z.pgrb2.0p25.f000,506632761,261591040,131072,31,0,window,random,random,67,0,0,0
21,2,3083302,gfs.20261009/00/atmos/gfs.t00z.pgrb2.0p25.f000,506632761,261722112,131072,31,0,window,random,random,67,0,0,0
22,2,3083302,gfs.20261009/00/atmos/gfs.t00z.pgrb2.0p25.f000,506632761,261853184,131072,31,0,window,random,random,67,0,0,0
23,2,3083302,gfs.20261009/00/atmos/gfs.t00z.pgrb2.0p25.f000,506632761,261984256,131072,31,0,window,random,random,67,0,0,0
24,2,3083302,gfs.20261009/00/atmos/gfs.t00z.pgrb2.0p25.f000,506632761,266571776,131072,31,4456448,window,random,random,67,0,0,0
25,2,3083302,gfs.20261009/00/atmos/gfs.t00z.pgrb2.0p25.f000,506632761,266702848,131072,31,0,window,random,random,67,0,0,0
26,2,3083302,gfs.20261009/00/atmos/gfs.t00z.pgrb2.0p25.f000,506632761,266833920,131072,31,0,window,random,random,67,0,0,0
27,2,3083302,gfs.20261009/00/atmos/gfs.t00z.pgrb2.0p25.f000,506632761,266964992,131072,31,0,window,random,random,67,0,0,0
28,2,3083302,gfs.20261009/00/atmos/gfs.t00z.pgrb2.0p25.f000,506632761,267096064,131072,31,0,window,random,random,67,0,0,0
29,2,3083302,gfs.20261009/00/atmos/gfs.t00z.pgrb2.0p25.f000,506632761,267227136,131072,31,0,window,random,random,67,0,0,0
30,2,3083302,gfs.20261009/00/atmos/gfs.t00z.pgrb2.0p25.f000,506632761,267358208,131072,31,0,window,random,random,67,0,0,0
31,2,3083302,gfs.20261009/00/atmos/gfs.t00z.pgrb2.0p25.f000,506632761,267489280,131072,31,0,window,random,random,67,0,0,0
32,2,3083302,gfs.20261009/00/atmos/gfs.t00z.pgrb2.0p25.f000,506632761,267620352,131072,31,0,window,random,random,67,0,0,0
33,2,3083302,gfs.20261009/00/atmos/gfs.t00z.pgrb2.0p25.f000,506632761,267751424,131072,31,0,window,random,random,67,0,0,0
34,2,3083302,gfs.20261009/00/atmos/gfs.t00z.pgrb2.0p25.f000,506632761,267882496,131072,31,0,window,random,random,67,0,0,0
35,2,3083302,gfs.20261009/00/atmos/gfs.t00z.pgrb2.0p25.f000,506632761,268013568,131072,31,0,window,random,random,67,0,0,0
36,2,3083302,gfs.20261009/00/atmos/gfs.t00z.pgrb2.0p25.f000,506632761,268144640,131072,31,0,window,random,random,67,0,0,0
37,2,3083302,gfs.20261009/00/atmos/gfs.t00z.pgrb2.0p25.f000,506632761,268275712,131072,31,0,window,random,random,67,0,0,0
38,2,3083302,gfs.20261009/00/atmos/gfs.t00z.pgrb2.0p25.f000,506632761,268406784,131072,31,0,window,random,random,67,0,0,0
39,2,3083302,gfs.20261009/00/atmos/gfs.t00z.pgrb2.0p25.f000,506632761,337113088,131072,40,68575232,window,random,random,67,0,0,0
40,2,3083302,gfs.20261009/00/atmos/gfs.t00z.pgrb2.0p25.f000,506632761,337244160,131072,40,0,window,random,random,67,0,0,0
41,2,3083302,gfs.20261009/00/atmos/gfs.t00z.pgrb2.0p25.f000,506632761,337375232,131072,40,0,window,random,random,67,0,0,0
42,2,3083302,gfs.20261009/00/atmos/gfs.t00z.pgrb2.0p25.f000,506632761,337506304,131072,40,0,window,random,random,67,0,0,0
43,2,3083302,gfs.20261009/00/atmos/gfs.t00z.pgrb2.0p25.f000,506632761,337637376,131072,40,0,window,random,random,67,0,0,0
44,2,3083302,gfs.20261009/00/atmos/gfs.t00z.pgrb2.0p25.f000,506632761,337768448,131072,40,0,window,random,random,67,0,0,0
45,2,3083302,gfs.20261009/00/atmos/gfs.t00z.pgrb2.0p25.f000,506632761,337899520,131072,40,0,window,random,random,67,0,0,0
46,2,3083302,gfs.20261009/00/atmos/gfs.t00z.pgrb2.0p25.f000,506632761,338030592,131072,40,0,window,random,random,67,0,0,0
47,2,3083302,gfs.20261009/00/atmos/gfs.t00z.pgrb2.0p25.f000,506632761,338161664,131072,40,0,window,random,random,67,0,0,0
48,2,3083302,gfs.20261009/00/atmos/gfs.t00z.pgrb2.0p25.f000,506632761,338292736,131072,40,0,window,random,random,67,0,0,0
49,2,3083302,gfs.20261009/00/atmos/gfs.t00z.pgrb2.0p25.f000,506632761,338423808,131072,40,0,window,random,random,67,0,0,0
50,2,3083302,gfs.20261009/00/atmos/gfs.t00z.pgrb2.0p25.f000,506632761,338554880,131072,40,0,window,random,random,67,0,0,0
51,2,3083302,gfs.20261009/00/atmos/gfs.t00z.pgrb2.0p25.f000,506632761,338685952,131072,40,0,window,random,random,67,0,0,0
52,2,3083302,gfs.20261009/00/atmos/gfs.t00z.pgrb2.0p25.f000,506632761,338817024,131072,40,0,window,random,random,67,0,0,0
53,2,3083302,gfs.20261009/00/atmos/gfs.t00z.pgrb2.0p25.f000,506632761,338948096,131072,40,0,window,random,random,67,0,0,0
54,2,3083302,gfs.20261009/00/atmos/gfs.t00z.pgrb2.0p25.f000,506632761,405233664,131072,48,66154496,window,random,random,67,0,0,0
55,2,3083302,gfs.20261009/00/atmos/gfs.t00z.pgrb2.0p25.f000,506632761,405364736,131072,48,0,window,random,random,67,0,0,0
56,2,3083302,gfs.20261009/00/atmos/gfs.t00z.pgrb2.0p25.f000,506632761,405495808,131072,48,0,window,random,random,67,0,0,0
57,2,3083302,gfs.20261009/00/atmos/gfs.t00z.pgrb2.0p25.f000,506632761,405626880,131072,48,0,window,random,random,67,0,0,0
58,2,3083302,gfs.20261009/00/atmos/gfs.t00z.pgrb2.0p25.f000,506632761,405757952,131072,48,0,window,random,random,67,0,0,0
59,2,3083302,gfs.20261009/00/atmos/gfs.t00z.pgrb2.0p25.f000,506632761,405889024,131072,48,0,window,random,random,67,0,0,0
60,2,3083302,gfs.20261009/00/atmos/gfs.t00z.pgrb2.0p25.f000,506632761,406020096,131072,48,0,window,random,random,67,0,0,0
61,2,3083302,gfs.20261009/00/atmos/gfs.t00z.pgrb2.0p25.f000,506632761,406151168,131072,48,0,window,random,random,67,0,0,0
62,2,3083302,gfs.20261009/00/atmos/gfs.t00z.pgrb2.0p25.f000,506632761,406282240,131072,48,0,window,random,random,67,0,0,0
63,2,3083302,gfs.20261009/00/atmos/gfs.t00z.pgrb2.0p25.f000,506632761,415318016,131072,49,8904704,window,random,random,67,0,0,0
64,2,3083302,gfs.20261009/00/atmos/gfs.t00z.pgrb2.0p25.f000,506632761,415449088,131072,49,0,window,random,random,67,0,0,0
65,2,3083302,gfs.20261009/00/atmos/gfs.t00z.pgrb2.0p25.f000,506632761,415580160,131072,49,0,window,random,random,67,0,0,0
66,2,3083302,gfs.20261009/00/atmos/gfs.t00z.pgrb2.0p25.f000,506632761,415711232,131072,49,0,window,random,random,67,0,0,0
67,2,3083302,gfs.20261009/00/atmos/gfs.t00z.pgrb2.0p25.f000,506632761,415842304,131072,49,0,window,random,random,67,0,0,0
68,2,3083302,gfs.20261009/00/atmos/gfs.t00z.pgrb2.0p25.f000,506632761,417579008,131072,49,1605632,window,random,random,67,0,0,0
69,2,3083302,gfs.20261009/00/atmos/gfs.t00z.pgrb2.0p25.f000,506632761,417710080,131072,49,0,window,random,random,67,0,0,0
70,2,3083302,gfs.20261009/00/atmos/gfs.t00z.pgrb2.0p25.f000,506632761,417841152,131072,49,0,window,random,random,67,0,0,0
71,2,3083302,gfs.20261009/00/atmos/gfs.t00z.pgrb2.0p25.f000,506632761,417972224,131072,49,0,window,random,random,67,0,0,0
72,2,3083302,gfs.20261009/00/atmos/gfs.t00z.pgrb2.0p25.f000,506632761,418103296,131072,49,0,window,random,random,67,0,0,0
73,2,3083302,gfs.20261009/00/atmos/gfs.t00z.pgrb2.0p25.f000,506632761,418234368,131072,49,0,window,random,random,67,0,0,0
74,2,3083302,gfs.20261009/00/atmos/gfs.t00z.pgrb2.0p25.f000,506632761,418365440,131072,49,0,window,random,random,67,0,0,0
75,2,3083302,gfs.20261009/00/atmos/gfs.t00z.pgrb2.0p25.f000,506632761,418496512,131072,49,0,window,random,random,67,0,0,0
76,2,3083302,gfs.20261009/00/atmos/gfs.t00z.pgrb2.0p25.f000,506632761,418922496,131072,49,294912,window,random,random,67,0,0,0
77,2,3083302,gfs.20261009/00/atmos/gfs.t00z.pgrb2.0p25.f000,506632761,419053568,131072,49,0,window,random,random,67,0,0,0
78,2,3083302,gfs.20261009/00/atmos/gfs.t00z.pgrb2.0p25.f000,506632761,419184640,131072,49,0,window,random,random,67,0,0,0
79,2,3083302,gfs.20261009/00/atmos/gfs.t00z.pgrb2.0p25.f000,506632761,419446784,131072,50,131072,window,random,sequential,67,4,5,4
80,2,3083302,gfs.20261009/00/atmos/gfs.t00z.pgrb2.0p25.f000,506632761,419315712,131072,49,-262144,window,sequential,sequential,67,4,0,4
81,2,3083302,gfs.20261009/00/atmos/gfs.t00z.pgrb2.0p25.f000,506632761,419708928,131072,50,262144,window,sequential,sequential,67,5,1,5
82,2,3083302,gfs.20261009/00/atmos/gfs.t00z.pgrb2.0p25.f000,506632761,419577856,131072,50,-262144,window,sequential,sequential,67,5,0,5
83,2,3083302,gfs.20261009/00/atmos/gfs.t00z.pgrb2.0p25.f000,506632761,419840000,131072,50,131072,window,sequential,sequential,67,5,0,5
84,2,3083302,gfs.20261009/00/atmos/gfs.t00z.pgrb2.0p25.f000,506632761,419971072,131072,50,0,window,sequential,sequential,67,5,0,5
85,2,3083302,gfs.20261009/00/atmos/gfs.t00z.pgrb2.0p25.f000,506632761,420102144,131072,50,0,window,sequential,sequential,67,5,0,5
86,2,3083302,gfs.20261009/00/atmos/gfs.t00z.pgrb2.0p25.f000,506632761,420233216,131072,50,0,window,sequential,sequential,67,5,0,5
87,2,3083302,gfs.20261009/00/atmos/gfs.t00z.pgrb2.0p25.f000,506632761,420364288,131072,50,0,window,sequential,sequential,67,5,0,5
88,2,3083302,gfs.20261009/00/atmos/gfs.t00z.pgrb2.0p25.f000,506632761,420495360,131072,50,0,window,sequential,sequential,67,5,0,5
89,2,3083302,gfs.20261009/00/atmos/gfs.t00z.pgrb2.0p25.f000,506632761,420626432,131072,50,0,window,sequential,sequential,67,5,0,5
90,2,3083302,gfs.20261009/00/atmos/gfs.t00z.pgrb2.0p25.f000,506632761,420757504,131072,50,0,window,sequential,sequential,67,5,0,5
91,2,3083302,gfs.20261009/00/atmos/gfs.t00z.pgrb2.0p25.f000,506632761,420888576,131072,50,0,window,sequential,sequential,67,5,0,5
