t,mount,le025,le060,count,median,measured,gauge,inflight,s3bytes,open
0.00,merra2-201901,0,0,0,0,0,0,0,0,0
0.00,merra2-201501,0,0,0,0,0,0,0,0,0
0.01,hemco,0,0,0,0,0,0,0,0,0
0.01,cheminputs,0,0,0,0,0,0,0,0,0
0.01,restarts,0,0,0,0,0,0,0,0,0
0.51,merra2-201901,0,0,0,0,0,0,0,0,0
0.51,merra2-201501,0,0,0,0,0,0,0,0,0
0.51,hemco,0,0,0,0,0,0,0,0,0
0.51,cheminputs,0,0,0,0,0,0,0,0,0
0.51,restarts,0,0,0,0,0,0,0,0,0
1.01,merra2-201901,0,0,0,0,0,0,0,0,0
1.01,merra2-201501,0,0,0,0,0,0,0,0,0
1.01,hemco,0,0,0,0,0,0,0,0,0
1.02,cheminputs,0,0,0,0,0,0,0,0,0
1.02,restarts,1,2,3,0.029572388,1,4,1,2.097152e+06,12
1.52,merra2-201901,0,0,0,0,0,0,0,0,0
1.52,merra2-201501,0,0,0,0,0,0,0,0,0
1.52,hemco,0,0,0,0,0,0,0,0,0
1.52,cheminputs,0,0,0,0,0,0,0,0,0
1.52,restarts,4,7,11,0.050647605,1,0,1,8.328258e+06,1
2.02,merra2-201901,0,0,0,0,0,0,0,0,0
2.02,merra2-201501,0,0,0,0,0,0,0,0,0
2.02,hemco,0,0,0,0,0,0,0,0,0
2.02,cheminputs,0,0,0,0,0,0,0,0,0
2.03,restarts,11,19,24,0.024471008,1,4,1,1.599597e+07,1
2.53,merra2-201901,0,0,0,0,0,0,0,0,0
2.53,merra2-201501,0,0,0,0,0,0,0,0,0
2.53,hemco,0,0,0,0,0,0,0,0,0
2.53,cheminputs,0,0,0,0,0,0,0,0,0
2.53,restarts,19,34,40,0.025376147,1,4,1,1.7896514e+07,1
3.03,merra2-201901,0,0,0,0,0,0,0,0,0
3.03,merra2-201501,0,0,0,0,0,0,0,0,0
3.03,hemco,0,0,0,0,0,0,0,0,0
3.03,cheminputs,0,0,0,0,0,0,0,0,0
3.03,restarts,28,53,60,0.030359204,1,4,0,3.926125e+07,1
3.54,merra2-201901,0,0,0,0,0,0,0,0,0
3.54,merra2-201501,0,0,0,0,0,0,0,0,0
3.54,hemco,0,0,0,0,0,0,0,0,0
3.54,cheminputs,0,0,0,0,0,0,0,0,0
3.54,restarts,28,53,60,0.030359204,1,4,0,3.926125e+07,0
4.04,merra2-201901,0,0,0,0,0,0,0,0,0
4.04,merra2-201501,0,0,0,0,0,0,0,0,0
4.04,hemco,0,0,0,0,0,0,0,0,0
4.04,cheminputs,0,0,1,0.126662339,1,0,0,3912,0
4.04,restarts,28,53,60,0.030359204,1,4,0,3.926125e+07,0
4.55,merra2-201901,0,0,0,0,0,0,0,0,0
4.55,merra2-201501,0,0,0,0,0,0,0,0,0
4.55,hemco,0,0,0,0,0,0,0,0,0
4.55,cheminputs,0,0,1,0.126662339,1,0,0,3912,0
4.55,restarts,28,53,60,0.030359204,1,4,0,3.926125e+07,0
5.05,merra2-201901,0,0,0,0,0,0,1,0,12
5.05,merra2-201501,0,0,0,0,0,0,0,0,0
5.05,hemco,0,0,0,0,0,0,0,0,0
5.05,cheminputs,0,0,1,0.126662339,1,0,0,3912,0
5.05,restarts,28,53,60,0.030359204,1,4,0,3.926125e+07,0
5.55,merra2-201901,1,5,8,0.041921504,1,4,0,7.405568e+06,12
5.56,merra2-201501,0,0,0,0,0,0,0,0,0
5.56,hemco,0,0,0,0,0,0,0,0,0
5.56,cheminputs,0,0,1,0.126662339,1,0,0,3912,0
5.56,restarts,28,53,60,0.030359204,1,4,0,3.926125e+07,0
6.06,merra2-201901,7,13,18,0.02762637,1,4,1,1.376256e+07,12
6.06,merra2-201501,0,0,0,0,0,0,0,0,0
6.06,hemco,0,0,0,0,0,0,0,0,0
6.06,cheminputs,0,0,1,0.126662339,1,0,0,3912,0
6.06,restarts,28,53,60,0.030359204,1,4,0,3.926125e+07,0
6.56,merra2-201901,12,22,29,0.026624554,1,4,1,2.0078926e+07,12
6.57,merra2-201501,0,0,0,0,0,0,0,0,0
6.57,hemco,0,0,0,0,0,0,0,0,0
6.57,cheminputs,0,0,1,0.126662339,1,0,0,3912,0
6.57,restarts,28,53,60,0.030359204,1,4,0,3.926125e+07,0
7.07,merra2-201901,17,32,41,0.026934273,1,4,1,2.7499155e+07,13
7.07,merra2-201501,0,0,0,0,0,0,0,0,0
7.07,hemco,0,0,0,0,0,0,0,0,0
7.07,cheminputs,0,0,1,0.126662339,1,0,0,3912,0
7.07,restarts,28,53,60,0.030359204,1,4,0,3.926125e+07,0
7.57,merra2-201901,17,33,44,0.026934273,1,4,0,2.9772065e+07,0
7.58,merra2-201501,0,0,1,0.114099901,1,0,0,809084,0
7.58,hemco,0,0,0,0,0,0,0,0,0
7.58,cheminputs,0,0,3,0.077926835,1,0,1,196346,12
7.58,restarts,28,53,60,0.030359204,1,4,0,3.926125e+07,0
8.08,merra2-201901,17,33,44,0.026934273,1,4,0,2.9772065e+07,0
8.08,merra2-201501,0,0,1,0.114099901,1,0,0,809084,0
8.08,hemco,2,8,9,0.026827249,1,4,1,5.24288e+06,12
8.08,cheminputs,0,0,4,0.126662339,1,0,0,387496,0
8.08,restarts,28,53,60,0.030359204,1,4,0,3.926125e+07,0
8.58,merra2-201901,17,33,44,0.026934273,1,4,1,2.9772065e+07,12
8.59,merra2-201501,0,0,1,0.114099901,1,0,0,809084,0
8.59,hemco,9,16,18,0.022418178,1,4,0,9.521716e+06,0
8.59,cheminputs,0,0,4,0.126662339,1,0,0,387496,0
8.59,restarts,28,53,60,0.030359204,1,4,0,3.926125e+07,0
9.09,merra2-201901,17,37,50,0.083850009,1,0,0,3.6063521e+07,0
9.09,merra2-201501,0,0,1,0.114099901,1,0,0,809084,0
9.09,hemco,11,19,22,0.022972291,1,4,1,1.1684404e+07,12
9.09,cheminputs,0,0,4,0.126662339,1,0,0,387496,0
9.09,restarts,28,53,60,0.030359204,1,4,0,3.926125e+07,0
9.59,merra2-201901,17,37,50,0.083850009,1,0,0,3.6063521e+07,0
9.59,merra2-201501,0,0,1,0.114099901,1,0,0,809084,0
9.60,hemco,20,30,35,0.023025457,1,4,0,2.0863438e+07,12
9.60,cheminputs,0,0,4,0.126662339,1,0,0,387496,0
9.60,restarts,28,53,60,0.030359204,1,4,0,3.926125e+07,0
10.10,merra2-201901,17,37,50,0.083850009,1,0,0,3.6063521e+07,0
10.10,merra2-201501,0,0,1,0.114099901,1,0,0,809084,0
10.10,hemco,23,37,44,0.026345414,1,4,1,2.6106318e+07,13
10.10,cheminputs,0,0,4,0.126662339,1,0,0,387496,0
10.10,restarts,28,53,60,0.030359204,1,4,0,3.926125e+07,0
10.60,merra2-201901,17,37,50,0.083850009,1,0,0,3.6063521e+07,0
10.60,merra2-201501,0,0,1,0.114099901,1,0,0,809084,0
10.61,hemco,28,45,54,0.024760354,1,4,0,3.0947957e+07,0
10.61,cheminputs,0,0,4,0.126662339,1,0,0,387496,0
10.61,restarts,28,53,60,0.030359204,1,4,0,3.926125e+07,0
11.11,merra2-201901,17,37,50,0.083850009,1,0,0,3.6063521e+07,0
11.11,merra2-201501,0,0,1,0.114099901,1,0,0,809084,0
11.11,hemco,28,45,54,0.024760354,1,4,0,3.0947957e+07,0
11.11,cheminputs,0,0,4,0.126662339,1,0,0,387496,0
11.11,restarts,28,53,60,0.030359204,1,4,0,3.926125e+07,0
11.61,merra2-201901,17,37,50,0.083850009,1,0,0,3.6063521e+07,0
11.61,merra2-201501,0,0,1,0.114099901,1,0,0,809084,0
11.62,hemco,28,45,54,0.024760354,1,4,0,3.0947957e+07,0
11.62,cheminputs,0,0,4,0.126662339,1,0,0,387496,0
11.62,restarts,28,53,60,0.030359204,1,4,0,3.926125e+07,0
12.12,merra2-201901,17,37,50,0.083850009,1,0,0,3.6063521e+07,0
12.12,merra2-201501,0,0,1,0.114099901,1,0,0,809084,0
12.12,hemco,28,45,54,0.024760354,1,4,0,3.0947957e+07,0
12.12,cheminputs,0,0,4,0.126662339,1,0,0,387496,0
12.12,restarts,28,53,60,0.030359204,1,4,0,3.926125e+07,0
12.62,merra2-201901,17,37,50,0.083850009,1,0,0,3.6063521e+07,0
12.62,merra2-201501,0,0,1,0.114099901,1,0,0,809084,0
12.63,hemco,28,45,54,0.024760354,1,4,0,3.0947957e+07,0
12.63,cheminputs,0,0,4,0.126662339,1,0,0,387496,0
12.63,restarts,28,53,60,0.030359204,1,4,0,3.926125e+07,0
13.13,merra2-201901,17,37,50,0.083850009,1,0,0,3.6063521e+07,0
13.13,merra2-201501,0,0,1,0.114099901,1,0,0,809084,0
13.13,hemco,28,45,54,0.024760354,1,4,0,3.0947957e+07,0
13.13,cheminputs,0,0,4,0.126662339,1,0,0,387496,0
13.13,restarts,28,53,60,0.030359204,1,4,0,3.926125e+07,0
13.63,merra2-201901,17,37,50,0.083850009,1,0,0,3.6063521e+07,0
13.63,merra2-201501,0,0,1,0.114099901,1,0,0,809084,0
13.63,hemco,28,45,54,0.024760354,1,4,0,3.0947957e+07,0
13.64,cheminputs,0,0,4,0.126662339,1,0,0,387496,0
13.64,restarts,28,53,60,0.030359204,1,4,0,3.926125e+07,0
14.14,merra2-201901,17,37,50,0.083850009,1,0,0,3.6063521e+07,0
14.14,merra2-201501,0,0,1,0.114099901,1,0,0,809084,0
14.14,hemco,28,45,54,0.024760354,1,4,0,3.0947957e+07,0
14.14,cheminputs,0,0,4,0.126662339,1,0,0,387496,0
14.14,restarts,28,53,60,0.030359204,1,4,0,3.926125e+07,0
14.64,merra2-201901,17,37,50,0.083850009,1,0,0,3.6063521e+07,0
14.65,merra2-201501,0,0,1,0.114099901,1,0,0,809084,0
14.65,hemco,28,45,54,0.024760354,1,4,0,3.0947957e+07,0
14.65,cheminputs,0,0,4,0.126662339,1,0,0,387496,0
14.65,restarts,28,53,60,0.030359204,1,4,0,3.926125e+07,0
15.15,merra2-201901,17,37,50,0.083850009,1,0,0,3.6063521e+07,0
15.15,merra2-201501,0,0,1,0.114099901,1,0,0,809084,0
15.15,hemco,28,45,54,0.024760354,1,4,0,3.0947957e+07,0
15.15,cheminputs,0,0,4,0.126662339,1,0,0,387496,0
15.15,restarts,28,53,60,0.030359204,1,4,0,3.926125e+07,0
15.65,merra2-201901,17,37,50,0.083850009,1,0,0,3.6063521e+07,0
15.66,merra2-201501,0,0,1,0.114099901,1,0,0,809084,0
15.66,hemco,28,45,54,0.024760354,1,4,0,3.0947957e+07,0
15.66,cheminputs,0,0,4,0.126662339,1,0,0,387496,0
15.66,restarts,28,53,60,0.030359204,1,4,0,3.926125e+07,0
16.16,merra2-201901,17,37,50,0.083850009,1,0,0,3.6063521e+07,0
16.16,merra2-201501,0,0,1,0.114099901,1,0,0,809084,0
16.16,hemco,28,45,54,0.024760354,1,4,0,3.0947957e+07,0
16.16,cheminputs,0,0,4,0.126662339,1,0,0,387496,0
16.16,restarts,28,53,60,0.030359204,1,4,0,3.926125e+07,0
16.66,merra2-201901,17,37,50,0.083850009,1,0,0,3.6063521e+07,0
16.67,merra2-201501,0,0,1,0.114099901,1,0,0,809084,0
16.67,hemco,28,45,54,0.024760354,1,4,0,3.0947957e+07,0
16.67,cheminputs,0,0,4,0.126662339,1,0,0,387496,0
16.67,restarts,28,53,60,0.030359204,1,4,0,3.926125e+07,0
17.17,merra2-201901,17,37,50,0.083850009,1,0,0,3.6063521e+07,0
17.17,merra2-201501,0,0,1,0.114099901,1,0,0,809084,0
17.17,hemco,28,45,54,0.024760354,1,4,0,3.0947957e+07,0
17.17,cheminputs,0,0,4,0.126662339,1,0,0,387496,0
17.17,restarts,28,53,60,0.030359204,1,4,0,3.926125e+07,0
17.67,merra2-201901,17,37,50,0.083850009,1,0,0,3.6063521e+07,0
17.68,merra2-201501,0,0,1,0.114099901,1,0,0,809084,0
17.68,hemco,28,45,54,0.024760354,1,4,0,3.0947957e+07,0
17.68,cheminputs,0,0,4,0.126662339,1,0,0,387496,0
17.68,restarts,28,53,60,0.030359204,1,4,0,3.926125e+07,0
18.18,merra2-201901,17,37,50,0.083850009,1,0,0,3.6063521e+07,0
18.18,merra2-201501,0,0,1,0.114099901,1,0,0,809084,0
18.18,hemco,28,45,54,0.024760354,1,4,0,3.0947957e+07,0
18.18,cheminputs,0,0,4,0.126662339,1,0,0,387496,0
18.18,restarts,28,53,60,0.030359204,1,4,0,3.926125e+07,0
18.68,merra2-201901,17,37,50,0.083850009,1,0,0,3.6063521e+07,0
18.69,merra2-201501,0,0,1,0.114099901,1,0,0,809084,0
18.69,hemco,28,45,54,0.024760354,1,4,0,3.0947957e+07,0
18.69,cheminputs,0,0,4,0.126662339,1,0,0,387496,0
18.69,restarts,28,53,60,0.030359204,1,4,0,3.926125e+07,0
19.19,merra2-201901,17,37,50,0.083850009,1,0,0,3.6063521e+07,0
19.19,merra2-201501,0,0,1,0.114099901,1,0,0,809084,0
19.19,hemco,28,45,54,0.024760354,1,4,0,3.0947957e+07,0
19.19,cheminputs,0,0,4,0.126662339,1,0,0,387496,0
19.19,restarts,28,53,60,0.030359204,1,4,0,3.926125e+07,0
19.70,merra2-201901,17,37,50,0.083850009,1,0,0,3.6063521e+07,0
19.70,merra2-201501,0,0,1,0.114099901,1,0,0,809084,0
19.70,hemco,28,45,54,0.024760354,1,4,0,3.0947957e+07,0
19.70,cheminputs,0,0,4,0.126662339,1,0,0,387496,0
19.70,restarts,28,53,60,0.030359204,1,4,0,3.926125e+07,0
20.20,merra2-201901,17,37,50,0.083850009,1,0,0,3.6063521e+07,0
20.20,merra2-201501,0,0,1,0.114099901,1,0,0,809084,0
20.20,hemco,28,45,54,0.024760354,1,4,0,3.0947957e+07,0
20.20,cheminputs,0,0,4,0.126662339,1,0,0,387496,0
20.20,restarts,28,53,60,0.030359204,1,4,0,3.926125e+07,0
20.71,merra2-201901,17,37,50,0.083850009,1,0,0,3.6063521e+07,0
20.71,merra2-201501,0,0,1,0.114099901,1,0,0,809084,0
20.71,hemco,28,45,54,0.024760354,1,4,0,3.0947957e+07,0
20.71,cheminputs,0,0,4,0.126662339,1,0,0,387496,0
20.71,restarts,28,53,60,0.030359204,1,4,0,3.926125e+07,0
21.21,merra2-201901,17,37,50,0.083850009,1,0,0,3.6063521e+07,0
21.21,merra2-201501,0,0,1,0.114099901,1,0,0,809084,0
21.21,hemco,28,45,54,0.024760354,1,4,0,3.0947957e+07,0
21.21,cheminputs,0,0,4,0.126662339,1,0,0,387496,0
21.21,restarts,28,53,60,0.030359204,1,4,0,3.926125e+07,0
21.72,merra2-201901,17,37,50,0.083850009,1,0,0,3.6063521e+07,0
21.72,merra2-201501,0,0,1,0.114099901,1,0,0,809084,0
21.72,hemco,28,45,54,0.024760354,1,4,0,3.0947957e+07,0
21.72,cheminputs,0,0,4,0.126662339,1,0,0,387496,0
21.72,restarts,28,53,60,0.030359204,1,4,0,3.926125e+07,0
22.22,merra2-201901,17,37,50,0.083850009,1,0,0,3.6063521e+07,0
22.22,merra2-201501,0,0,1,0.114099901,1,0,0,809084,0
22.22,hemco,28,45,54,0.024760354,1,4,0,3.0947957e+07,0
22.22,cheminputs,0,0,4,0.126662339,1,0,0,387496,0
22.22,restarts,28,53,60,0.030359204,1,4,0,3.926125e+07,0
22.73,merra2-201901,17,37,50,0.083850009,1,0,0,3.6063521e+07,0
22.73,merra2-201501,0,0,1,0.114099901,1,0,0,809084,0
22.73,hemco,28,45,54,0.024760354,1,4,0,3.0947957e+07,0
22.73,cheminputs,0,0,4,0.126662339,1,0,0,387496,0
22.73,restarts,28,53,60,0.030359204,1,4,0,3.926125e+07,0
23.23,merra2-201901,17,37,50,0.083850009,1,0,0,3.6063521e+07,0
23.23,merra2-201501,0,0,1,0.114099901,1,0,0,809084,0
23.23,hemco,28,45,54,0.024760354,1,4,0,3.0947957e+07,0
23.23,cheminputs,0,0,4,0.126662339,1,0,0,387496,0
23.23,restarts,28,53,60,0.030359204,1,4,0,3.926125e+07,0
23.74,merra2-201901,17,37,50,0.083850009,1,0,0,3.6063521e+07,0
23.74,merra2-201501,0,0,1,0.114099901,1,0,0,809084,0
23.74,hemco,28,45,54,0.024760354,1,4,0,3.0947957e+07,0
23.74,cheminputs,0,0,4,0.126662339,1,0,0,387496,0
23.74,restarts,28,53,60,0.030359204,1,4,0,3.926125e+07,0
24.24,merra2-201901,17,37,50,0.083850009,1,0,0,3.6063521e+07,0
24.24,merra2-201501,0,0,1,0.114099901,1,0,0,809084,0
24.24,hemco,28,45,54,0.024760354,1,4,0,3.0947957e+07,0
24.24,cheminputs,0,0,4,0.126662339,1,0,0,387496,0
24.24,restarts,28,53,60,0.030359204,1,4,0,3.926125e+07,0
24.74,merra2-201901,17,37,50,0.083850009,1,0,0,3.6063521e+07,0
24.75,merra2-201501,0,0,1,0.114099901,1,0,0,809084,0
24.75,hemco,28,45,54,0.024760354,1,4,0,3.0947957e+07,0
24.75,cheminputs,0,0,4,0.126662339,1,0,0,387496,0
24.75,restarts,28,53,60,0.030359204,1,4,0,3.926125e+07,0
25.25,merra2-201901,17,37,50,0.083850009,1,0,0,3.6063521e+07,0
25.25,merra2-201501,0,0,1,0.114099901,1,0,0,809084,0
25.25,hemco,28,45,54,0.024760354,1,4,0,3.0947957e+07,0
25.25,cheminputs,0,0,4,0.126662339,1,0,0,387496,0
25.25,restarts,28,53,60,0.030359204,1,4,0,3.926125e+07,0
25.75,merra2-201901,17,37,50,0.083850009,1,0,0,3.6063521e+07,0
25.76,merra2-201501,0,0,1,0.114099901,1,0,0,809084,0
25.76,hemco,28,45,54,0.024760354,1,4,0,3.0947957e+07,0
25.76,cheminputs,0,0,4,0.126662339,1,0,0,387496,0
25.76,restarts,28,53,60,0.030359204,1,4,0,3.926125e+07,0
26.26,merra2-201901,17,37,50,0.083850009,1,0,0,3.6063521e+07,0
26.26,merra2-201501,0,0,1,0.114099901,1,0,0,809084,0
26.26,hemco,28,45,54,0.024760354,1,4,0,3.0947957e+07,0
26.26,cheminputs,0,0,4,0.126662339,1,0,0,387496,0
26.26,restarts,28,53,60,0.030359204,1,4,0,3.926125e+07,0
26.76,merra2-201901,17,37,50,0.083850009,1,0,0,3.6063521e+07,0
26.77,merra2-201501,0,0,1,0.114099901,1,0,0,809084,0
26.77,hemco,28,45,54,0.024760354,1,4,0,3.0947957e+07,0
26.77,cheminputs,0,0,4,0.126662339,1,0,0,387496,0
26.77,restarts,28,53,60,0.030359204,1,4,0,3.926125e+07,0
27.27,merra2-201901,17,37,50,0.083850009,1,0,0,3.6063521e+07,0
27.27,merra2-201501,0,0,1,0.114099901,1,0,0,809084,0
27.27,hemco,28,45,54,0.024760354,1,4,0,3.0947957e+07,0
27.27,cheminputs,0,0,4,0.126662339,1,0,0,387496,0
27.27,restarts,28,53,60,0.030359204,1,4,0,3.926125e+07,0
27.77,merra2-201901,17,37,50,0.083850009,1,0,0,3.6063521e+07,0
27.78,merra2-201501,0,0,1,0.114099901,1,0,0,809084,0
27.78,hemco,28,45,54,0.024760354,1,4,0,3.0947957e+07,0
27.78,cheminputs,0,0,4,0.126662339,1,0,0,387496,0
27.78,restarts,28,53,60,0.030359204,1,4,0,3.926125e+07,0
28.28,merra2-201901,17,37,50,0.083850009,1,0,0,3.6063521e+07,0
28.28,merra2-201501,0,0,1,0.114099901,1,0,0,809084,0
28.28,hemco,28,45,54,0.024760354,1,4,0,3.0947957e+07,0
28.28,cheminputs,0,0,4,0.126662339,1,0,0,387496,0
28.28,restarts,28,53,60,0.030359204,1,4,0,3.926125e+07,0
28.78,merra2-201901,17,37,50,0.083850009,1,0,0,3.6063521e+07,0
28.79,merra2-201501,0,0,1,0.114099901,1,0,0,809084,0
28.79,hemco,28,45,54,0.024760354,1,4,0,3.0947957e+07,0
28.79,cheminputs,0,0,4,0.126662339,1,0,0,387496,0
28.79,restarts,28,53,60,0.030359204,1,4,0,3.926125e+07,0
29.29,merra2-201901,17,37,50,0.083850009,1,0,0,3.6063521e+07,0
29.29,merra2-201501,0,0,1,0.114099901,1,0,0,809084,0
29.29,hemco,28,45,54,0.024760354,1,4,0,3.0947957e+07,0
29.29,cheminputs,0,0,4,0.126662339,1,0,0,387496,0
29.29,restarts,28,53,60,0.030359204,1,4,0,3.926125e+07,0
29.79,merra2-201901,17,37,50,0.083850009,1,0,0,3.6063521e+07,0
29.79,merra2-201501,0,0,1,0.114099901,1,0,0,809084,0
29.80,hemco,28,45,54,0.024760354,1,4,0,3.0947957e+07,0
29.80,cheminputs,0,0,4,0.126662339,1,0,0,387496,0
29.80,restarts,28,53,60,0.030359204,1,4,0,3.926125e+07,0
30.30,merra2-201901,17,37,50,0.083850009,1,0,0,3.6063521e+07,0
30.30,merra2-201501,0,0,1,0.114099901,1,0,0,809084,0
30.30,hemco,28,45,54,0.024760354,1,4,0,3.0947957e+07,0
30.30,cheminputs,0,0,4,0.126662339,1,0,0,387496,0
30.30,restarts,28,53,60,0.030359204,1,4,0,3.926125e+07,0
30.80,merra2-201901,17,37,50,0.083850009,1,0,0,3.6063521e+07,0
30.80,merra2-201501,0,0,1,0.114099901,1,0,0,809084,0
30.81,hemco,28,45,54,0.024760354,1,4,0,3.0947957e+07,0
30.81,cheminputs,0,0,4,0.126662339,1,0,0,387496,0
30.81,restarts,28,53,60,0.030359204,1,4,0,3.926125e+07,0
31.31,merra2-201901,17,37,50,0.083850009,1,0,0,3.6063521e+07,0
31.31,merra2-201501,0,0,1,0.114099901,1,0,0,809084,0
31.31,hemco,28,45,54,0.024760354,1,4,0,3.0947957e+07,0
31.31,cheminputs,0,0,4,0.126662339,1,0,0,387496,0
31.31,restarts,28,53,60,0.030359204,1,4,0,3.926125e+07,0
31.81,merra2-201901,17,37,50,0.083850009,1,0,0,3.6063521e+07,0
31.81,merra2-201501,0,0,1,0.114099901,1,0,0,809084,0
31.82,hemco,28,45,54,0.024760354,1,4,0,3.0947957e+07,0
31.82,cheminputs,0,0,4,0.126662339,1,0,0,387496,0
31.82,restarts,28,53,60,0.030359204,1,4,0,3.926125e+07,0
32.32,merra2-201901,17,37,50,0.083850009,1,0,0,3.6063521e+07,0
32.32,merra2-201501,0,0,1,0.114099901,1,0,0,809084,0
32.32,hemco,28,45,54,0.024760354,1,4,0,3.0947957e+07,0
32.32,cheminputs,0,0,4,0.126662339,1,0,0,387496,0
32.32,restarts,28,53,60,0.030359204,1,4,0,3.926125e+07,0
32.82,merra2-201901,17,37,50,0.083850009,1,0,0,3.6063521e+07,0
32.82,merra2-201501,0,0,1,0.114099901,1,0,0,809084,0
32.83,hemco,28,45,54,0.024760354,1,4,0,3.0947957e+07,0
32.83,cheminputs,0,0,4,0.126662339,1,0,0,387496,0
32.83,restarts,28,53,60,0.030359204,1,4,0,3.926125e+07,0
33.33,merra2-201901,17,37,50,0.083850009,1,0,0,3.6063521e+07,0
33.33,merra2-201501,0,0,1,0.114099901,1,0,0,809084,0
33.33,hemco,28,45,54,0.024760354,1,4,0,3.0947957e+07,0
33.33,cheminputs,0,0,4,0.126662339,1,0,0,387496,0
33.33,restarts,28,53,60,0.030359204,1,4,0,3.926125e+07,0
33.83,merra2-201901,17,37,50,0.083850009,1,0,0,3.6063521e+07,0
33.83,merra2-201501,0,0,1,0.114099901,1,0,0,809084,0
33.84,hemco,28,45,54,0.024760354,1,4,0,3.0947957e+07,0
33.84,cheminputs,0,0,4,0.126662339,1,0,0,387496,0
33.84,restarts,28,53,60,0.030359204,1,4,0,3.926125e+07,0
34.34,merra2-201901,17,37,50,0.083850009,1,0,0,3.6063521e+07,0
34.34,merra2-201501,0,0,1,0.114099901,1,0,0,809084,0
34.34,hemco,28,45,54,0.024760354,1,4,0,3.0947957e+07,0
34.34,cheminputs,0,0,4,0.126662339,1,0,0,387496,0
34.34,restarts,28,53,60,0.030359204,1,4,0,3.926125e+07,0
34.84,merra2-201901,17,37,50,0.083850009,1,0,0,3.6063521e+07,0
34.84,merra2-201501,0,0,1,0.114099901,1,0,0,809084,0
34.85,hemco,28,45,54,0.024760354,1,4,0,3.0947957e+07,0
34.85,cheminputs,0,0,4,0.126662339,1,0,0,387496,0
34.85,restarts,28,53,60,0.030359204,1,4,0,3.926125e+07,0
35.35,merra2-201901,17,37,50,0.083850009,1,0,0,3.6063521e+07,0
35.35,merra2-201501,0,0,1,0.114099901,1,0,0,809084,0
35.35,hemco,28,45,54,0.024760354,1,4,0,3.0947957e+07,0
35.35,cheminputs,0,0,4,0.126662339,1,0,0,387496,0
35.35,restarts,28,53,60,0.030359204,1,4,0,3.926125e+07,0
35.85,merra2-201901,17,37,50,0.083850009,1,0,0,3.6063521e+07,0
35.85,merra2-201501,0,0,1,0.114099901,1,0,0,809084,0
35.85,hemco,28,45,54,0.024760354,1,4,0,3.0947957e+07,0
35.86,cheminputs,0,0,4,0.126662339,1,0,0,387496,0
35.86,restarts,28,53,60,0.030359204,1,4,0,3.926125e+07,0
36.36,merra2-201901,17,37,50,0.083850009,1,0,0,3.6063521e+07,0
36.36,merra2-201501,0,0,1,0.114099901,1,0,0,809084,0
36.36,hemco,28,45,54,0.024760354,1,4,0,3.0947957e+07,0
36.36,cheminputs,0,0,4,0.126662339,1,0,0,387496,0
36.36,restarts,28,53,60,0.030359204,1,4,0,3.926125e+07,0
36.86,merra2-201901,17,37,50,0.083850009,1,0,0,3.6063521e+07,0
36.86,merra2-201501,0,0,1,0.114099901,1,0,0,809084,0
36.86,hemco,28,45,54,0.024760354,1,4,0,3.0947957e+07,0
36.87,cheminputs,0,0,4,0.126662339,1,0,0,387496,0
36.87,restarts,28,53,60,0.030359204,1,4,0,3.926125e+07,0
37.37,merra2-201901,17,37,50,0.083850009,1,0,0,3.6063521e+07,0
37.37,merra2-201501,0,0,1,0.114099901,1,0,0,809084,0
37.37,hemco,28,45,54,0.024760354,1,4,0,3.0947957e+07,0
37.37,cheminputs,0,0,4,0.126662339,1,0,0,387496,0
37.37,restarts,28,53,60,0.030359204,1,4,0,3.926125e+07,0
37.87,merra2-201901,17,37,50,0.083850009,1,0,0,3.6063521e+07,0
37.87,merra2-201501,0,0,1,0.114099901,1,0,0,809084,0
37.87,hemco,28,45,54,0.024760354,1,4,0,3.0947957e+07,0
37.87,cheminputs,0,0,4,0.126662339,1,0,0,387496,0
37.88,restarts,28,53,60,0.030359204,1,4,0,3.926125e+07,0
38.38,merra2-201901,17,37,50,0.083850009,1,0,0,3.6063521e+07,0
38.38,merra2-201501,0,0,1,0.114099901,1,0,0,809084,0
38.38,hemco,28,45,54,0.024760354,1,4,0,3.0947957e+07,0
38.38,cheminputs,0,0,4,0.126662339,1,0,0,387496,0
38.38,restarts,28,53,60,0.030359204,1,4,0,3.926125e+07,0
38.88,merra2-201901,17,37,50,0.083850009,1,0,0,3.6063521e+07,0
38.88,merra2-201501,0,0,1,0.114099901,1,0,0,809084,0
38.88,hemco,28,45,54,0.024760354,1,4,0,3.0947957e+07,0
38.88,cheminputs,0,0,4,0.126662339,1,0,0,387496,0
38.88,restarts,28,53,60,0.030359204,1,4,0,3.926125e+07,0
39.39,merra2-201901,17,37,50,0.083850009,1,0,0,3.6063521e+07,0
39.39,merra2-201501,0,0,1,0.114099901,1,0,0,809084,0
39.39,hemco,28,45,54,0.024760354,1,4,0,3.0947957e+07,0
39.39,cheminputs,0,0,4,0.126662339,1,0,0,387496,0
39.39,restarts,28,53,60,0.030359204,1,4,0,3.926125e+07,0
39.89,merra2-201901,17,37,50,0.083850009,1,0,0,3.6063521e+07,0
39.89,merra2-201501,0,0,1,0.114099901,1,0,0,809084,0
39.89,hemco,28,45,54,0.024760354,1,4,0,3.0947957e+07,0
39.89,cheminputs,0,0,4,0.126662339,1,0,0,387496,0
39.89,restarts,28,53,60,0.030359204,1,4,0,3.926125e+07,0
40.40,merra2-201901,17,37,50,0.083850009,1,0,0,3.6063521e+07,0
40.40,merra2-201501,0,0,1,0.114099901,1,0,0,809084,0
40.40,hemco,28,45,54,0.024760354,1,4,0,3.0947957e+07,0
40.40,cheminputs,0,0,4,0.126662339,1,0,0,387496,0
40.40,restarts,28,53,60,0.030359204,1,4,0,3.926125e+07,0
40.90,merra2-201901,17,37,50,0.083850009,1,0,0,3.6063521e+07,0
40.90,merra2-201501,0,0,1,0.114099901,1,0,0,809084,0
40.90,hemco,28,45,54,0.024760354,1,4,0,3.0947957e+07,0
40.90,cheminputs,0,0,4,0.126662339,1,0,0,387496,0
40.90,restarts,28,53,60,0.030359204,1,4,0,3.926125e+07,0
41.41,merra2-201901,17,37,50,0.083850009,1,0,0,3.6063521e+07,0
41.41,merra2-201501,0,0,1,0.114099901,1,0,0,809084,0
41.41,hemco,28,45,54,0.024760354,1,4,0,3.0947957e+07,0
41.41,cheminputs,0,0,4,0.126662339,1,0,0,387496,0
41.41,restarts,28,53,60,0.030359204,1,4,0,3.926125e+07,0
41.91,merra2-201901,17,37,50,0.083850009,1,0,0,3.6063521e+07,0
41.91,merra2-201501,0,0,1,0.114099901,1,0,0,809084,0
41.91,hemco,28,45,54,0.024760354,1,4,0,3.0947957e+07,0
41.91,cheminputs,0,0,4,0.126662339,1,0,0,387496,0
41.92,restarts,28,53,60,0.030359204,1,4,0,3.926125e+07,0
42.42,merra2-201901,17,37,50,0.083850009,1,0,0,3.6063521e+07,0
42.42,merra2-201501,0,0,1,0.114099901,1,0,0,809084,0
42.42,hemco,28,45,54,0.024760354,1,4,0,3.0947957e+07,0
42.42,cheminputs,0,0,4,0.126662339,1,0,0,387496,0
42.42,restarts,28,53,60,0.030359204,1,4,0,3.926125e+07,0
42.92,merra2-201901,17,37,50,0.083850009,1,0,0,3.6063521e+07,0
42.92,merra2-201501,0,0,1,0.114099901,1,0,0,809084,0
42.92,hemco,28,45,54,0.024760354,1,4,0,3.0947957e+07,0
42.92,cheminputs,0,0,4,0.126662339,1,0,0,387496,0
42.92,restarts,28,53,60,0.030359204,1,4,0,3.926125e+07,0
43.43,merra2-201901,17,37,50,0.083850009,1,0,0,3.6063521e+07,0
43.43,merra2-201501,0,0,1,0.114099901,1,0,0,809084,0
43.43,hemco,28,45,54,0.024760354,1,4,0,3.0947957e+07,0
43.43,cheminputs,0,0,4,0.126662339,1,0,0,387496,0
43.43,restarts,28,53,60,0.030359204,1,4,0,3.926125e+07,0
43.93,merra2-201901,17,37,50,0.083850009,1,0,0,3.6063521e+07,0
43.93,merra2-201501,0,0,1,0.114099901,1,0,0,809084,0
43.93,hemco,28,45,54,0.024760354,1,4,0,3.0947957e+07,0
43.93,cheminputs,0,0,4,0.126662339,1,0,0,387496,0
43.93,restarts,28,53,60,0.030359204,1,4,0,3.926125e+07,0
44.44,merra2-201901,17,37,50,0.083850009,1,0,0,3.6063521e+07,0
44.44,merra2-201501,0,0,1,0.114099901,1,0,0,809084,0
44.44,hemco,28,45,54,0.024760354,1,4,0,3.0947957e+07,0
44.44,cheminputs,0,0,4,0.126662339,1,0,0,387496,0
44.44,restarts,28,53,60,0.030359204,1,4,0,3.926125e+07,0
44.94,merra2-201901,17,37,50,0.083850009,1,0,0,3.6063521e+07,0
44.94,merra2-201501,0,0,1,0.114099901,1,0,0,809084,0
44.94,hemco,28,45,54,0.024760354,1,4,0,3.0947957e+07,0
44.94,cheminputs,0,0,4,0.126662339,1,0,0,387496,0
44.94,restarts,28,53,60,0.030359204,1,4,0,3.926125e+07,0
45.45,merra2-201901,17,37,50,0.083850009,1,0,0,3.6063521e+07,0
45.45,merra2-201501,0,0,1,0.114099901,1,0,0,809084,0
45.45,hemco,28,45,54,0.024760354,1,4,0,3.0947957e+07,0
45.45,cheminputs,0,0,4,0.126662339,1,0,0,387496,0
45.45,restarts,28,53,60,0.030359204,1,4,0,3.926125e+07,0
45.95,merra2-201901,17,37,50,0.083850009,1,0,0,3.6063521e+07,0
45.95,merra2-201501,0,0,1,0.114099901,1,0,0,809084,0
45.95,hemco,28,45,54,0.024760354,1,4,0,3.0947957e+07,0
45.95,cheminputs,0,0,4,0.126662339,1,0,0,387496,0
45.95,restarts,28,53,60,0.030359204,1,4,0,3.926125e+07,0
46.45,merra2-201901,17,37,50,0.083850009,1,0,0,3.6063521e+07,0
46.46,merra2-201501,0,0,1,0.114099901,1,0,0,809084,0
46.46,hemco,28,45,54,0.024760354,1,4,0,3.0947957e+07,0
46.46,cheminputs,0,0,4,0.126662339,1,0,0,387496,0
46.46,restarts,28,53,60,0.030359204,1,4,0,3.926125e+07,0
46.96,merra2-201901,17,37,50,0.083850009,1,0,0,3.6063521e+07,0
46.96,merra2-201501,0,0,1,0.114099901,1,0,0,809084,0
46.96,hemco,28,45,54,0.024760354,1,4,0,3.0947957e+07,0
46.96,cheminputs,0,0,4,0.126662339,1,0,0,387496,0
46.96,restarts,28,53,60,0.030359204,1,4,0,3.926125e+07,0
47.46,merra2-201901,17,37,50,0.083850009,1,0,0,3.6063521e+07,0
47.46,merra2-201501,0,0,1,0.114099901,1,0,0,809084,0
47.47,hemco,28,45,54,0.024760354,1,4,0,3.0947957e+07,0
47.47,cheminputs,0,0,4,0.126662339,1,0,0,387496,0
47.47,restarts,28,53,60,0.030359204,1,4,0,3.926125e+07,0
47.97,merra2-201901,17,37,50,0.083850009,1,0,0,3.6063521e+07,0
47.97,merra2-201501,0,0,1,0.114099901,1,0,0,809084,0
47.97,hemco,28,45,54,0.024760354,1,4,0,3.0947957e+07,0
47.97,cheminputs,0,0,4,0.126662339,1,0,0,387496,0
47.97,restarts,28,53,60,0.030359204,1,4,0,3.926125e+07,0
48.47,merra2-201901,17,37,50,0.083850009,1,0,0,3.6063521e+07,0
48.47,merra2-201501,0,0,1,0.114099901,1,0,0,809084,0
48.48,hemco,28,45,54,0.024760354,1,4,0,3.0947957e+07,0
48.48,cheminputs,0,0,4,0.126662339,1,0,0,387496,0
48.48,restarts,28,53,60,0.030359204,1,4,0,3.926125e+07,0
48.98,merra2-201901,17,37,50,0.083850009,1,0,0,3.6063521e+07,0
48.98,merra2-201501,0,0,1,0.114099901,1,0,0,809084,0
48.98,hemco,28,45,54,0.024760354,1,4,0,3.0947957e+07,0
48.98,cheminputs,0,0,4,0.126662339,1,0,0,387496,0
48.98,restarts,28,53,60,0.030359204,1,4,0,3.926125e+07,0
49.48,merra2-201901,17,37,50,0.083850009,1,0,0,3.6063521e+07,0
49.48,merra2-201501,0,0,1,0.114099901,1,0,0,809084,0
49.49,hemco,28,45,54,0.024760354,1,4,0,3.0947957e+07,0
49.49,cheminputs,0,0,4,0.126662339,1,0,0,387496,0
49.49,restarts,28,53,60,0.030359204,1,4,0,3.926125e+07,0
49.99,merra2-201901,17,37,50,0.083850009,1,0,0,3.6063521e+07,0
49.99,merra2-201501,0,0,1,0.114099901,1,0,0,809084,0
49.99,hemco,28,45,54,0.024760354,1,4,0,3.0947957e+07,0
49.99,cheminputs,0,0,4,0.126662339,1,0,0,387496,0
49.99,restarts,28,53,60,0.030359204,1,4,0,3.926125e+07,0
50.49,merra2-201901,17,37,50,0.083850009,1,0,0,3.6063521e+07,0
50.49,merra2-201501,0,0,1,0.114099901,1,0,0,809084,0
50.49,hemco,28,45,54,0.024760354,1,4,0,3.0947957e+07,0
50.50,cheminputs,0,0,4,0.126662339,1,0,0,387496,0
50.50,restarts,28,53,60,0.030359204,1,4,0,3.926125e+07,0
51.00,merra2-201901,17,37,50,0.083850009,1,0,0,3.6063521e+07,0
51.00,merra2-201501,0,0,1,0.114099901,1,0,0,809084,0
51.00,hemco,28,45,54,0.024760354,1,4,0,3.0947957e+07,0
51.00,cheminputs,0,0,4,0.126662339,1,0,0,387496,0
51.00,restarts,28,53,60,0.030359204,1,4,0,3.926125e+07,0
51.50,merra2-201901,17,37,50,0.083850009,1,0,0,3.6063521e+07,0
51.50,merra2-201501,0,0,1,0.114099901,1,0,0,809084,0
51.50,hemco,28,45,54,0.024760354,1,4,0,3.0947957e+07,0
51.50,cheminputs,0,0,4,0.126662339,1,0,0,387496,0
51.50,restarts,28,53,60,0.030359204,1,4,0,3.926125e+07,0
52.01,merra2-201901,17,37,50,0.083850009,1,0,0,3.6063521e+07,0
52.01,merra2-201501,0,0,1,0.114099901,1,0,0,809084,0
52.01,hemco,28,45,54,0.024760354,1,4,0,3.0947957e+07,0
52.01,cheminputs,0,0,4,0.126662339,1,0,0,387496,0
52.01,restarts,28,53,60,0.030359204,1,4,0,3.926125e+07,0
52.51,merra2-201901,17,37,50,0.083850009,1,0,0,3.6063521e+07,0
52.51,merra2-201501,0,0,1,0.114099901,1,0,0,809084,0
52.51,hemco,28,45,54,0.024760354,1,4,0,3.0947957e+07,0
52.51,cheminputs,0,0,4,0.126662339,1,0,0,387496,0
52.52,restarts,28,53,60,0.030359204,1,4,0,3.926125e+07,0
53.02,merra2-201901,17,37,50,0.083850009,1,0,0,3.6063521e+07,0
53.02,merra2-201501,0,0,1,0.114099901,1,0,0,809084,0
53.02,hemco,28,45,54,0.024760354,1,4,0,3.0947957e+07,0
53.02,cheminputs,0,0,4,0.126662339,1,0,0,387496,0
53.02,restarts,28,53,60,0.030359204,1,4,0,3.926125e+07,0
53.52,merra2-201901,17,37,50,0.083850009,1,0,0,3.6063521e+07,0
53.52,merra2-201501,0,0,1,0.114099901,1,0,0,809084,0
53.52,hemco,28,45,54,0.024760354,1,4,0,3.0947957e+07,0
53.52,cheminputs,0,0,4,0.126662339,1,0,0,387496,0
53.53,restarts,28,53,60,0.030359204,1,4,0,3.926125e+07,0
54.03,merra2-201901,17,37,50,0.083850009,1,0,0,3.6063521e+07,0
54.03,merra2-201501,0,0,1,0.114099901,1,0,0,809084,0
54.03,hemco,28,45,54,0.024760354,1,4,0,3.0947957e+07,0
54.03,cheminputs,0,0,4,0.126662339,1,0,0,387496,0
54.03,restarts,28,53,60,0.030359204,1,4,0,3.926125e+07,0
54.53,merra2-201901,17,37,50,0.083850009,1,0,0,3.6063521e+07,0
54.53,merra2-201501,0,0,1,0.114099901,1,0,0,809084,0
54.53,hemco,28,45,54,0.024760354,1,4,0,3.0947957e+07,0
54.53,cheminputs,0,0,4,0.126662339,1,0,0,387496,0
54.54,restarts,28,53,60,0.030359204,1,4,0,3.926125e+07,0
55.04,merra2-201901,27,56,79,0.026964192,1,4,7,5.0678049e+07,16
55.04,merra2-201501,0,0,1,0.114099901,1,0,0,809084,0
55.04,hemco,28,45,54,0.024760354,1,4,0,3.0947957e+07,0
55.04,cheminputs,0,0,4,0.126662339,1,0,0,387496,0
55.04,restarts,28,53,60,0.030359204,1,4,0,3.926125e+07,0
55.54,merra2-201901,86,161,193,0.029511602,1,4,4,7.6040481e+07,16
55.54,merra2-201501,0,0,1,0.114099901,1,0,0,809084,0
55.54,hemco,28,45,54,0.024760354,1,4,0,3.0947957e+07,0
55.54,cheminputs,0,0,4,0.126662339,1,0,0,387496,0
55.54,restarts,28,53,60,0.030359204,1,4,0,3.926125e+07,0
56.10,merra2-201901,128,247,317,0.122550746,1,0,31,3.97232417e+08,21
56.10,merra2-201501,0,0,1,0.114099901,1,0,0,809084,0
56.10,hemco,28,45,54,0.024760354,1,4,0,3.0947957e+07,0
56.11,cheminputs,0,0,4,0.126662339,1,0,0,387496,0
56.11,restarts,28,53,60,0.030359204,1,4,0,3.926125e+07,0
56.61,merra2-201901,164,319,446,0.021998747,1,4,11,8.07356705e+08,28
56.61,merra2-201501,0,0,1,0.114099901,1,0,0,809084,0
56.61,hemco,28,45,54,0.024760354,1,4,0,3.0947957e+07,0
56.61,cheminputs,0,0,4,0.126662339,1,0,0,387496,0
56.61,restarts,28,53,60,0.030359204,1,4,0,3.926125e+07,0
57.11,merra2-201901,200,391,541,0.026528045,1,4,9,9.39346209e+08,36
57.11,merra2-201501,0,0,1,0.114099901,1,0,0,809084,0
57.11,hemco,28,45,54,0.024760354,1,4,0,3.0947957e+07,0
57.11,cheminputs,0,0,4,0.126662339,1,0,0,387496,0
57.12,restarts,28,53,60,0.030359204,1,4,0,3.926125e+07,0
57.62,merra2-201901,258,488,652,0.024087833,1,4,9,1.008093473e+09,38
57.62,merra2-201501,0,0,1,0.114099901,1,0,0,809084,0
57.62,hemco,28,45,54,0.024760354,1,4,0,3.0947957e+07,0
57.62,cheminputs,0,0,4,0.126662339,1,0,0,387496,0
57.62,restarts,28,53,60,0.030359204,1,4,0,3.926125e+07,0
58.12,merra2-201901,332,602,789,0.027375444,1,4,14,1.225738529e+09,43
58.12,merra2-201501,0,0,1,0.114099901,1,0,0,809084,0
58.12,hemco,28,45,54,0.024760354,1,4,0,3.0947957e+07,0
58.12,cheminputs,0,0,4,0.126662339,1,0,0,387496,0
58.13,restarts,28,53,60,0.030359204,1,4,0,3.926125e+07,0
58.63,merra2-201901,380,692,913,0.027766918,1,4,7,1.464813857e+09,49
58.63,merra2-201501,0,0,1,0.114099901,1,0,0,809084,1
58.63,hemco,28,46,59,0.065946203,1,0,1,4.8773749e+07,2
58.63,cheminputs,0,0,4,0.126662339,1,0,0,387496,1
58.63,restarts,28,53,60,0.030359204,1,4,0,3.926125e+07,0
59.13,merra2-201901,438,789,1025,0.026885163,1,4,7,1.603488033e+09,54
59.13,merra2-201501,0,0,1,0.114099901,1,0,0,809084,3
59.13,hemco,32,52,69,0.025360017,1,4,2,6.3453813e+07,6
59.13,cheminputs,0,0,4,0.126662339,1,0,0,387496,4
59.13,restarts,28,53,60,0.030359204,1,4,0,3.926125e+07,0
59.64,merra2-201901,485,867,1108,0.022403665,1,4,4,1.635076385e+09,57
59.64,merra2-201501,0,0,1,0.114099901,1,0,0,809084,4
59.64,hemco,38,63,84,0.037858266,1,4,2,8.5260153e+07,11
59.64,cheminputs,0,0,4,0.126662339,1,0,0,387496,6
59.64,restarts,28,53,60,0.030359204,1,4,0,3.926125e+07,0
60.14,merra2-201901,539,957,1204,0.026625531,1,4,2,1.703954721e+09,57
60.14,merra2-201501,0,0,1,0.114099901,1,0,0,809084,6
60.14,hemco,54,85,107,0.024724148,1,4,2,9.0699641e+07,13
60.14,cheminputs,0,0,4,0.126662339,1,0,0,387496,8
60.14,restarts,28,53,60,0.030359204,1,4,0,3.926125e+07,0
60.65,merra2-201901,559,998,1247,0.029902058,1,4,2,1.727023393e+09,58
60.65,merra2-201501,0,0,1,0.114099901,1,0,0,809084,6
60.65,hemco,78,134,160,0.024939433,1,4,1,1.24843897e+08,16
60.65,cheminputs,0,0,4,0.126662339,1,0,0,387496,10
60.65,restarts,28,53,60,0.030359204,1,4,0,3.926125e+07,0
61.15,merra2-201901,580,1035,1284,0.028739478,1,4,2,1.731807521e+09,58
61.15,merra2-201501,0,0,1,0.114099901,1,0,0,809084,6
61.15,hemco,86,148,174,0.020887247,1,4,0,1.26613369e+08,16
61.15,cheminputs,0,0,4,0.126662339,1,0,0,387496,10
61.15,restarts,28,53,60,0.030359204,1,4,0,3.926125e+07,0
61.65,merra2-201901,594,1058,1313,0.02380025,1,4,1,1.779452193e+09,59
61.66,merra2-201501,0,0,1,0.114099901,1,0,0,809084,6
61.66,hemco,86,148,174,0.020887247,1,4,0,1.26613369e+08,16
61.66,cheminputs,0,0,4,0.126662339,1,0,0,387496,10
61.66,restarts,28,53,60,0.030359204,1,4,0,3.926125e+07,0
62.16,merra2-201901,604,1073,1328,0.021321473,1,4,1,1.782204705e+09,60
62.16,merra2-201501,0,0,1,0.114099901,1,0,0,809084,6
62.16,hemco,86,148,174,0.020887247,1,4,0,1.26613369e+08,18
62.16,cheminputs,0,0,4,0.126662339,1,0,0,387496,11
62.16,restarts,28,53,60,0.030359204,1,4,0,3.926125e+07,0
62.66,merra2-201901,605,1075,1330,0.023328071,1,4,0,1.783253281e+09,60
62.66,merra2-201501,0,0,1,0.114099901,1,0,0,809084,6
62.67,hemco,86,149,175,0.022193321,1,4,0,1.26620183e+08,19
62.67,cheminputs,0,0,4,0.126662339,1,0,0,387496,12
62.67,restarts,28,53,60,0.030359204,1,4,0,3.926125e+07,0
63.17,merra2-201901,605,1075,1330,0.023328071,1,4,0,1.783253281e+09,60
63.17,merra2-201501,0,0,1,0.114099901,1,0,0,809084,6
63.17,hemco,89,153,182,0.045365363,1,4,0,1.52834583e+08,20
63.17,cheminputs,0,0,4,0.126662339,1,0,0,387496,12
63.18,restarts,28,53,60,0.030359204,1,4,0,3.926125e+07,0
63.68,merra2-201901,605,1075,1330,0.023328071,1,4,0,1.783253281e+09,60
63.68,merra2-201501,0,0,1,0.114099901,1,0,0,809084,6
63.68,hemco,89,153,182,0.045365363,1,4,0,1.52834583e+08,20
63.68,cheminputs,0,0,4,0.126662339,1,0,0,387496,12
63.68,restarts,28,53,60,0.030359204,1,4,0,3.926125e+07,0
64.19,merra2-201901,605,1075,1330,0.023328071,1,4,0,1.783253281e+09,60
64.19,merra2-201501,0,0,1,0.114099901,1,0,0,809084,6
64.19,hemco,89,153,182,0.045365363,1,4,0,1.52834583e+08,20
64.19,cheminputs,0,0,4,0.126662339,1,0,0,387496,12
64.19,restarts,28,53,60,0.030359204,1,4,0,3.926125e+07,0
64.69,merra2-201901,605,1075,1330,0.023328071,1,4,0,1.783253281e+09,60
64.69,merra2-201501,0,0,1,0.114099901,1,0,0,809084,6
64.69,hemco,89,153,182,0.045365363,1,4,0,1.52834583e+08,20
64.69,cheminputs,0,0,4,0.126662339,1,0,0,387496,12
64.69,restarts,28,53,60,0.030359204,1,4,0,3.926125e+07,0
65.20,merra2-201901,605,1075,1330,0.023328071,1,4,0,1.783253281e+09,60
65.20,merra2-201501,0,0,1,0.114099901,1,0,0,809084,6
65.20,hemco,89,153,182,0.045365363,1,4,0,1.52834583e+08,20
65.20,cheminputs,0,0,4,0.126662339,1,0,0,387496,12
65.20,restarts,28,53,60,0.030359204,1,4,0,3.926125e+07,0
65.70,merra2-201901,605,1075,1330,0.023328071,1,4,0,1.783253281e+09,60
65.70,merra2-201501,0,0,1,0.114099901,1,0,0,809084,6
65.70,hemco,89,153,182,0.045365363,1,4,0,1.52834583e+08,20
65.70,cheminputs,0,0,4,0.126662339,1,0,0,387496,12
65.71,restarts,28,53,60,0.030359204,1,4,0,3.926125e+07,0
66.21,merra2-201901,605,1075,1330,0.023328071,1,4,0,1.783253281e+09,60
66.21,merra2-201501,0,0,1,0.114099901,1,0,0,809084,6
66.21,hemco,89,153,182,0.045365363,1,4,0,1.52834583e+08,20
66.21,cheminputs,0,0,4,0.126662339,1,0,0,387496,12
66.21,restarts,28,53,60,0.030359204,1,4,0,3.926125e+07,0
66.72,merra2-201901,605,1075,1330,0.023328071,1,4,0,1.783253281e+09,60
66.72,merra2-201501,0,0,1,0.114099901,1,0,0,809084,6
66.73,hemco,89,153,182,0.045365363,1,4,0,1.52834583e+08,20
66.73,cheminputs,0,0,4,0.126662339,1,0,0,387496,12
66.73,restarts,28,53,60,0.030359204,1,4,0,3.926125e+07,0
67.23,merra2-201901,605,1075,1330,0.023328071,1,4,0,1.783253281e+09,60
67.23,merra2-201501,0,0,1,0.114099901,1,0,0,809084,6
67.23,hemco,89,153,182,0.045365363,1,4,0,1.52834583e+08,20
67.23,cheminputs,0,0,4,0.126662339,1,0,0,387496,12
67.23,restarts,28,53,60,0.030359204,1,4,0,3.926125e+07,0
67.74,merra2-201901,630,1132,1392,0.023864913,1,4,3,1.791904033e+09,60
67.74,merra2-201501,0,0,1,0.114099901,1,0,0,809084,6
67.74,hemco,89,153,182,0.045365363,1,4,0,1.52834583e+08,20
67.74,cheminputs,0,0,4,0.126662339,1,0,0,387496,12
67.74,restarts,28,53,60,0.030359204,1,4,0,3.926125e+07,0
68.24,merra2-201901,633,1141,1401,0.029427067,1,4,0,1.793149217e+09,60
68.24,merra2-201501,0,0,1,0.114099901,1,0,0,809084,6
68.24,hemco,89,153,182,0.045365363,1,4,0,1.52834583e+08,20
68.24,cheminputs,0,0,4,0.126662339,1,0,0,387496,12
68.24,restarts,28,53,60,0.030359204,1,4,0,3.926125e+07,0
68.75,merra2-201901,650,1171,1432,0.025703679,1,4,8,1.797277985e+09,60
68.75,merra2-201501,0,0,1,0.114099901,1,0,0,809084,6
68.75,hemco,89,153,182,0.045365363,1,4,0,1.52834583e+08,20
68.75,cheminputs,0,0,4,0.126662339,1,0,0,387496,12
68.75,restarts,28,53,60,0.030359204,1,4,0,3.926125e+07,0
69.25,merra2-201901,669,1205,1467,0.025622492,1,4,0,1.801865505e+09,60
69.25,merra2-201501,0,0,1,0.114099901,1,0,0,809084,6
69.25,hemco,89,153,182,0.045365363,1,4,0,1.52834583e+08,20
69.28,cheminputs,0,0,4,0.126662339,1,0,0,387496,12
69.28,restarts,28,53,60,0.030359204,1,4,0,3.926125e+07,0
69.78,merra2-201901,669,1205,1467,0.025622492,1,4,0,1.801865505e+09,60
69.78,merra2-201501,0,0,1,0.114099901,1,0,0,809084,6
69.78,hemco,89,153,182,0.045365363,1,4,0,1.52834583e+08,20
69.78,cheminputs,0,0,4,0.126662339,1,0,0,387496,12
69.78,restarts,28,53,60,0.030359204,1,4,0,3.926125e+07,0
70.28,merra2-201901,692,1242,1505,0.02293056,1,4,7,1.808746785e+09,62
70.29,merra2-201501,0,0,1,0.114099901,1,0,0,809084,6
70.29,hemco,89,153,182,0.045365363,1,4,0,1.52834583e+08,20
70.29,cheminputs,0,0,4,0.126662339,1,0,0,387496,12
70.29,restarts,28,53,60,0.030359204,1,4,0,3.926125e+07,0
70.79,merra2-201901,739,1327,1599,0.025774556,1,4,9,1.858160929e+09,65
70.79,merra2-201501,0,0,1,0.114099901,1,0,0,809084,6
70.79,hemco,89,153,182,0.045365363,1,4,0,1.52834583e+08,20
70.79,cheminputs,0,0,4,0.126662339,1,0,0,387496,12
70.79,restarts,28,53,60,0.030359204,1,4,0,3.926125e+07,0
71.29,merra2-201901,767,1367,1645,0.023763001,1,4,1,1.932085537e+09,65
71.29,merra2-201501,0,0,1,0.114099901,1,0,0,809084,6
71.30,hemco,89,153,182,0.045365363,1,4,0,1.52834583e+08,20
71.30,cheminputs,0,0,4,0.126662339,1,0,0,387496,12
71.30,restarts,28,53,60,0.030359204,1,4,0,3.926125e+07,0
71.80,merra2-201901,768,1370,1648,0.02432281,1,4,0,1.932347681e+09,65
71.80,merra2-201501,0,0,1,0.114099901,1,0,0,809084,6
71.80,hemco,89,153,182,0.045365363,1,4,0,1.52834583e+08,20
71.80,cheminputs,0,0,4,0.126662339,1,0,0,387496,12
71.80,restarts,28,53,60,0.030359204,1,4,0,3.926125e+07,0
72.30,merra2-201901,768,1370,1648,0.02432281,1,4,0,1.932347681e+09,65
72.30,merra2-201501,0,0,1,0.114099901,1,0,0,809084,6
72.31,hemco,89,153,182,0.045365363,1,4,0,1.52834583e+08,20
72.31,cheminputs,0,0,4,0.126662339,1,0,0,387496,12
72.31,restarts,28,53,60,0.030359204,1,4,0,3.926125e+07,0
72.82,merra2-201901,768,1370,1648,0.02432281,1,4,0,1.932347681e+09,65
72.83,merra2-201501,0,0,1,0.114099901,1,0,0,809084,6
72.83,hemco,89,153,182,0.045365363,1,4,0,1.52834583e+08,20
72.83,cheminputs,0,0,4,0.126662339,1,0,0,387496,12
72.83,restarts,28,53,60,0.030359204,1,4,0,3.926125e+07,0
73.34,merra2-201901,792,1406,1685,0.027047225,1,4,7,1.937262881e+09,65
73.34,merra2-201501,0,0,1,0.114099901,1,0,0,809084,6
73.34,hemco,89,153,182,0.045365363,1,4,0,1.52834583e+08,20
73.34,cheminputs,0,0,4,0.126662339,1,0,0,387496,12
73.34,restarts,28,53,60,0.030359204,1,4,0,3.926125e+07,0
73.84,merra2-201901,808,1440,1720,0.029690498,1,4,0,1.941784865e+09,65
73.87,merra2-201501,0,0,1,0.114099901,1,0,0,809084,6
73.87,hemco,89,153,182,0.045365363,1,4,0,1.52834583e+08,20
73.87,cheminputs,0,0,4,0.126662339,1,0,0,387496,12
73.87,restarts,28,53,60,0.030359204,1,4,0,3.926125e+07,0
74.37,merra2-201901,815,1450,1730,0.024842803,1,4,12,1.943095585e+09,65
74.38,merra2-201501,0,0,1,0.114099901,1,0,0,809084,6
74.38,hemco,89,153,182,0.045365363,1,4,0,1.52834583e+08,20
74.38,cheminputs,0,0,4,0.126662339,1,0,0,387496,12
74.38,restarts,28,53,60,0.030359204,1,4,0,3.926125e+07,0
74.88,merra2-201901,845,1513,1794,0.025643639,1,4,0,1.951484193e+09,65
74.88,merra2-201501,0,0,1,0.114099901,1,0,0,809084,6
74.88,hemco,89,153,182,0.045365363,1,4,0,1.52834583e+08,20
74.88,cheminputs,0,0,4,0.126662339,1,0,0,387496,12
74.88,restarts,28,53,60,0.030359204,1,4,0,3.926125e+07,0
75.39,merra2-201901,845,1513,1794,0.025643639,1,4,0,1.951484193e+09,65
75.39,merra2-201501,0,0,1,0.114099901,1,0,0,809084,6
75.39,hemco,89,153,182,0.045365363,1,4,0,1.52834583e+08,20
75.39,cheminputs,0,0,4,0.126662339,1,0,0,387496,12
75.39,restarts,28,53,60,0.030359204,1,4,0,3.926125e+07,0
75.90,merra2-201901,845,1513,1795,0.032350336,1,4,0,1.959872801e+09,66
75.90,merra2-201501,0,0,1,0.114099901,1,0,0,809084,6
75.90,hemco,89,153,182,0.045365363,1,4,0,1.52834583e+08,20
75.90,cheminputs,0,0,4,0.126662339,1,0,0,387496,12
75.90,restarts,28,53,60,0.030359204,1,4,0,3.926125e+07,0
76.40,merra2-201901,892,1597,1885,0.026254391,1,4,7,2.013415713e+09,69
76.40,merra2-201501,0,0,1,0.114099901,1,0,0,809084,6
76.40,hemco,89,153,182,0.045365363,1,4,0,1.52834583e+08,20
76.40,cheminputs,0,0,4,0.126662339,1,0,0,387496,12
76.41,restarts,28,53,60,0.030359204,1,4,0,3.926125e+07,0
76.91,merra2-201901,905,1615,1916,0.088232104,1,0,0,2.122271009e+09,70
76.91,merra2-201501,0,0,1,0.114099901,1,0,0,809084,6
76.91,hemco,89,153,182,0.045365363,1,4,0,1.52834583e+08,20
76.91,cheminputs,0,0,4,0.126662339,1,0,0,387496,12
76.91,restarts,28,53,60,0.030359204,1,4,0,3.926125e+07,0
77.41,merra2-201901,905,1615,1916,0.088232104,1,0,0,2.122271009e+09,70
77.41,merra2-201501,0,0,1,0.114099901,1,0,0,809084,6
77.41,hemco,89,153,182,0.045365363,1,4,0,1.52834583e+08,20
77.41,cheminputs,0,0,4,0.126662339,1,0,0,387496,12
77.41,restarts,28,53,60,0.030359204,1,4,0,3.926125e+07,0
77.92,merra2-201901,905,1615,1916,0.088232104,1,0,0,2.122271009e+09,70
77.92,merra2-201501,0,0,1,0.114099901,1,0,0,809084,6
77.92,hemco,89,153,182,0.045365363,1,4,0,1.52834583e+08,20
77.92,cheminputs,0,0,4,0.126662339,1,0,0,387496,12
77.92,restarts,28,53,60,0.030359204,1,4,0,3.926125e+07,0
78.43,merra2-201901,905,1615,1916,0.088232104,1,0,0,2.122271009e+09,70
78.43,merra2-201501,0,0,1,0.114099901,1,0,0,809084,6
78.43,hemco,89,153,182,0.045365363,1,4,0,1.52834583e+08,20
78.43,cheminputs,0,0,4,0.126662339,1,0,0,387496,12
78.43,restarts,28,53,60,0.030359204,1,4,0,3.926125e+07,0
78.93,merra2-201901,940,1680,1982,0.026639736,1,4,3,2.130856225e+09,70
78.93,merra2-201501,0,0,1,0.114099901,1,0,0,809084,6
78.93,hemco,89,153,182,0.045365363,1,4,0,1.52834583e+08,20
78.94,cheminputs,0,0,4,0.126662339,1,0,0,387496,12
78.94,restarts,28,53,60,0.030359204,1,4,0,3.926125e+07,0
79.44,merra2-201901,944,1690,1992,0.027090261,1,4,0,2.132232481e+09,70
79.47,merra2-201501,0,0,1,0.114099901,1,0,0,809084,6
79.47,hemco,89,153,182,0.045365363,1,4,0,1.52834583e+08,20
79.47,cheminputs,0,0,4,0.126662339,1,0,0,387496,12
79.47,restarts,28,53,60,0.030359204,1,4,0,3.926125e+07,0
79.98,merra2-201901,978,1747,2049,0.025646113,1,4,5,2.139900193e+09,70
79.98,merra2-201501,0,0,1,0.114099901,1,0,0,809084,6
79.98,hemco,89,153,182,0.045365363,1,4,0,1.52834583e+08,20
79.98,cheminputs,0,0,4,0.126662339,1,0,0,387496,12
79.98,restarts,28,53,60,0.030359204,1,4,0,3.926125e+07,0
80.48,merra2-201901,988,1764,2066,0.02309207,1,4,0,2.142128417e+09,70
80.48,merra2-201501,0,0,1,0.114099901,1,0,0,809084,6
80.48,hemco,89,153,182,0.045365363,1,4,0,1.52834583e+08,20
80.48,cheminputs,0,0,4,0.126662339,1,0,0,387496,12
80.48,restarts,28,53,60,0.030359204,1,4,0,3.926125e+07,0
80.99,merra2-201901,989,1765,2071,0.092750357,1,0,1,2.161002785e+09,70
80.99,merra2-201501,0,0,1,0.114099901,1,0,0,809084,6
80.99,hemco,89,153,182,0.045365363,1,4,0,1.52834583e+08,20
80.99,cheminputs,0,0,4,0.126662339,1,0,0,387496,12
80.99,restarts,28,53,60,0.030359204,1,4,0,3.926125e+07,0
81.49,merra2-201901,1011,1801,2110,0.023512437,1,4,5,2.183678241e+09,70
81.49,merra2-201501,0,0,1,0.114099901,1,0,0,809084,6
81.49,hemco,89,153,182,0.045365363,1,4,0,1.52834583e+08,20
81.49,cheminputs,0,0,4,0.126662339,1,0,0,387496,12
81.49,restarts,28,53,60,0.030359204,1,4,0,3.926125e+07,0
82.00,merra2-201901,1041,1869,2185,0.041529096,1,4,4,2.251245857e+09,71
82.00,merra2-201501,0,0,1,0.114099901,1,0,0,809084,6
82.00,hemco,89,153,182,0.045365363,1,4,0,1.52834583e+08,20
82.00,cheminputs,0,0,4,0.126662339,1,0,0,387496,12
82.00,restarts,28,53,60,0.030359204,1,4,0,3.926125e+07,0
82.50,merra2-201901,1056,1894,2215,0.023966738,1,4,0,2.292271393e+09,71
82.50,merra2-201501,0,0,1,0.114099901,1,0,0,809084,6
82.50,hemco,89,153,182,0.045365363,1,4,0,1.52834583e+08,20
82.50,cheminputs,0,0,4,0.126662339,1,0,0,387496,12
82.50,restarts,28,53,60,0.030359204,1,4,0,3.926125e+07,0
83.01,merra2-201901,1056,1894,2216,0.023966738,1,4,0,2.300660001e+09,71
83.01,merra2-201501,0,0,1,0.114099901,1,0,0,809084,6
83.01,hemco,89,153,182,0.045365363,1,4,0,1.52834583e+08,20
83.01,cheminputs,0,0,4,0.126662339,1,0,0,387496,12
83.01,restarts,28,53,60,0.030359204,1,4,0,3.926125e+07,0
83.51,merra2-201901,1056,1894,2216,0.023966738,1,4,0,2.300660001e+09,71
83.51,merra2-201501,0,0,1,0.114099901,1,0,0,809084,6
83.51,hemco,89,153,182,0.045365363,1,4,0,1.52834583e+08,20
83.51,cheminputs,0,0,4,0.126662339,1,0,0,387496,12
83.51,restarts,28,53,60,0.030359204,1,4,0,3.926125e+07,0
84.02,merra2-201901,1056,1894,2216,0.023966738,1,4,0,2.300660001e+09,71
84.02,merra2-201501,0,0,1,0.114099901,1,0,0,809084,6
84.02,hemco,89,153,182,0.045365363,1,4,0,1.52834583e+08,20
84.02,cheminputs,0,0,4,0.126662339,1,0,0,387496,12
84.02,restarts,28,53,60,0.030359204,1,4,0,3.926125e+07,0
84.52,merra2-201901,1065,1906,2228,0.024354254,1,4,11,2.302298401e+09,71
84.52,merra2-201501,0,0,1,0.114099901,1,0,0,809084,6
84.52,hemco,89,153,182,0.045365363,1,4,0,1.52834583e+08,20
84.52,cheminputs,0,0,4,0.126662339,1,0,0,387496,12
84.52,restarts,28,53,60,0.030359204,1,4,0,3.926125e+07,0
85.03,merra2-201901,1097,1975,2297,0.027995302,1,4,0,2.311276833e+09,71
85.03,merra2-201501,0,0,1,0.114099901,1,0,0,809084,6
85.03,hemco,89,153,182,0.045365363,1,4,0,1.52834583e+08,20
85.03,cheminputs,0,0,4,0.126662339,1,0,0,387496,12
85.03,restarts,28,53,60,0.030359204,1,4,0,3.926125e+07,0
85.54,merra2-201901,1097,1975,2297,0.027995302,1,4,0,2.311276833e+09,71
85.54,merra2-201501,0,0,1,0.114099901,1,0,0,809084,6
85.54,hemco,89,153,182,0.045365363,1,4,0,1.52834583e+08,20
85.54,cheminputs,0,0,4,0.126662339,1,0,0,387496,12
85.54,restarts,28,53,60,0.030359204,1,4,0,3.926125e+07,0
86.05,merra2-201901,1145,2054,2377,0.025667388,1,4,0,2.321697057e+09,71
86.05,merra2-201501,0,0,1,0.114099901,1,0,0,809084,6
86.05,hemco,89,153,182,0.045365363,1,4,0,1.52834583e+08,20
86.05,cheminputs,0,0,4,0.126662339,1,0,0,387496,12
86.05,restarts,28,53,60,0.030359204,1,4,0,3.926125e+07,0
86.55,merra2-201901,1145,2054,2377,0.025667388,1,4,0,2.321697057e+09,71
86.55,merra2-201501,0,0,1,0.114099901,1,0,0,809084,6
86.55,hemco,89,153,182,0.045365363,1,4,0,1.52834583e+08,20
86.56,cheminputs,0,0,4,0.126662339,1,0,0,387496,12
86.56,restarts,28,53,60,0.030359204,1,4,0,3.926125e+07,0
87.06,merra2-201901,1145,2054,2383,0.112007685,1,0,0,2.372028705e+09,71
87.09,merra2-201501,0,0,1,0.114099901,1,0,0,809084,6
87.09,hemco,89,153,182,0.045365363,1,4,0,1.52834583e+08,20
87.09,cheminputs,0,0,4,0.126662339,1,0,0,387496,12
87.09,restarts,28,53,60,0.030359204,1,4,0,3.926125e+07,0
87.59,merra2-201901,1184,2131,2464,0.030064617,1,4,7,2.408204577e+09,72
87.59,merra2-201501,0,0,1,0.114099901,1,0,0,809084,6
87.60,hemco,89,153,182,0.045365363,1,4,0,1.52834583e+08,20
87.60,cheminputs,0,0,4,0.126662339,1,0,0,387496,12
87.60,restarts,28,53,60,0.030359204,1,4,0,3.926125e+07,0
88.10,merra2-201901,1192,2152,2499,0.041074091,1,4,0,2.509366196e+09,72
88.10,merra2-201501,0,0,1,0.114099901,1,0,0,809084,6
88.10,hemco,89,153,182,0.045365363,1,4,0,1.52834583e+08,20
88.10,cheminputs,0,0,4,0.126662339,1,0,0,387496,12
88.10,restarts,28,53,60,0.030359204,1,4,0,3.926125e+07,0
88.60,merra2-201901,1192,2152,2499,0.041074091,1,4,0,2.509366196e+09,72
88.60,merra2-201501,0,0,1,0.114099901,1,0,0,809084,6
88.60,hemco,89,153,182,0.045365363,1,4,0,1.52834583e+08,20
88.61,cheminputs,0,0,4,0.126662339,1,0,0,387496,12
88.61,restarts,28,53,60,0.030359204,1,4,0,3.926125e+07,0
89.11,merra2-201901,1192,2152,2499,0.041074091,1,4,0,2.509366196e+09,72
89.11,merra2-201501,0,0,1,0.114099901,1,0,0,809084,6
89.11,hemco,89,153,182,0.045365363,1,4,0,1.52834583e+08,20
89.11,cheminputs,0,0,4,0.126662339,1,0,0,387496,12
89.11,restarts,28,53,60,0.030359204,1,4,0,3.926125e+07,0
89.61,merra2-201901,1192,2152,2499,0.041074091,1,4,0,2.509366196e+09,72
89.62,merra2-201501,0,0,1,0.114099901,1,0,0,809084,6
89.62,hemco,89,153,182,0.045365363,1,4,0,1.52834583e+08,20
89.62,cheminputs,0,0,4,0.126662339,1,0,0,387496,12
89.62,restarts,28,53,60,0.030359204,1,4,0,3.926125e+07,0
90.12,merra2-201901,1229,2209,2556,0.025719192,1,4,7,2.5168373e+09,72
90.12,merra2-201501,0,0,1,0.114099901,1,0,0,809084,6
90.12,hemco,89,153,182,0.045365363,1,4,0,1.52834583e+08,20
90.12,cheminputs,0,0,4,0.126662339,1,0,0,387496,12
90.12,restarts,28,53,60,0.030359204,1,4,0,3.926125e+07,0
90.63,merra2-201901,1244,2230,2577,0.022159092,1,4,0,2.519589812e+09,72
90.63,merra2-201501,0,0,1,0.114099901,1,0,0,809084,6
90.63,hemco,89,153,182,0.045365363,1,4,0,1.52834583e+08,20
90.63,cheminputs,0,0,4,0.126662339,1,0,0,387496,12
90.63,restarts,28,53,60,0.030359204,1,4,0,3.926125e+07,0
91.13,merra2-201901,1258,2250,2597,0.023178566,1,4,10,2.522145716e+09,72
91.13,merra2-201501,0,0,1,0.114099901,1,0,0,809084,6
91.13,hemco,89,153,182,0.045365363,1,4,0,1.52834583e+08,20
91.13,cheminputs,0,0,4,0.126662339,1,0,0,387496,12
91.13,restarts,28,53,60,0.030359204,1,4,0,3.926125e+07,0
91.64,merra2-201901,1290,2307,2654,0.021475511,1,4,0,2.529682356e+09,72
91.64,merra2-201501,0,0,1,0.114099901,1,0,0,809084,6
91.64,hemco,89,153,182,0.045365363,1,4,0,1.52834583e+08,20
91.64,cheminputs,0,0,4,0.126662339,1,0,0,387496,12
91.64,restarts,28,53,60,0.030359204,1,4,0,3.926125e+07,0
92.14,merra2-201901,1290,2307,2654,0.021475511,1,4,2,2.529682356e+09,72
92.14,merra2-201501,0,0,1,0.114099901,1,0,0,809084,6
92.14,hemco,89,153,182,0.045365363,1,4,0,1.52834583e+08,20
92.14,cheminputs,0,0,4,0.126662339,1,0,0,387496,12
92.14,restarts,28,53,60,0.030359204,1,4,0,3.926125e+07,0
92.65,merra2-201901,1306,2331,2686,0.025083134,1,4,8,2.59744658e+09,72
92.65,merra2-201501,0,0,1,0.114099901,1,0,0,809084,6
92.65,hemco,89,153,182,0.045365363,1,4,0,1.52834583e+08,20
92.65,cheminputs,0,0,4,0.126662339,1,0,0,387496,12
92.65,restarts,28,53,60,0.030359204,1,4,0,3.926125e+07,0
93.15,merra2-201901,1341,2407,2778,0.03067753,1,4,5,2.753815476e+09,72
93.15,merra2-201501,0,0,1,0.114099901,1,0,0,809084,6
93.15,hemco,89,153,182,0.045365363,1,4,0,1.52834583e+08,20
93.15,cheminputs,0,0,4,0.126662339,1,0,0,387496,12
93.15,restarts,28,53,60,0.030359204,1,4,0,3.926125e+07,0
93.66,merra2-201901,1344,2418,2793,0.041918007,1,4,0,2.785317442e+09,72
93.66,merra2-201501,0,0,1,0.114099901,1,0,0,809084,6
93.66,hemco,89,153,182,0.045365363,1,4,0,1.52834583e+08,20
93.66,cheminputs,0,0,4,0.126662339,1,0,0,387496,12
93.66,restarts,28,53,60,0.030359204,1,4,0,3.926125e+07,0
94.16,merra2-201901,1344,2418,2793,0.041918007,1,4,0,2.785317442e+09,72
94.17,merra2-201501,0,0,1,0.114099901,1,0,0,809084,6
94.17,hemco,89,153,182,0.045365363,1,4,0,1.52834583e+08,20
94.17,cheminputs,0,0,4,0.126662339,1,0,0,387496,12
94.17,restarts,28,53,60,0.030359204,1,4,0,3.926125e+07,0
94.67,merra2-201901,1344,2418,2793,0.041918007,1,4,0,2.785317442e+09,72
94.68,merra2-201501,0,0,1,0.114099901,1,0,0,809084,6
94.68,hemco,89,153,182,0.045365363,1,4,0,1.52834583e+08,20
94.68,cheminputs,0,0,4,0.126662339,1,0,0,387496,12
94.68,restarts,28,53,60,0.030359204,1,4,0,3.926125e+07,0
95.18,merra2-201901,1344,2418,2793,0.041918007,1,4,0,2.785317442e+09,72
95.18,merra2-201501,0,0,1,0.114099901,1,0,0,809084,6
95.18,hemco,89,153,182,0.045365363,1,4,0,1.52834583e+08,20
95.18,cheminputs,0,0,4,0.126662339,1,0,0,387496,12
95.19,restarts,28,53,60,0.030359204,1,4,0,3.926125e+07,0
95.69,merra2-201901,1387,2493,2869,0.024733473,1,4,1,2.795409986e+09,72
95.69,merra2-201501,0,0,1,0.114099901,1,0,0,809084,6
95.69,hemco,89,153,182,0.045365363,1,4,0,1.52834583e+08,20
95.69,cheminputs,0,0,4,0.126662339,1,0,0,387496,12
95.69,restarts,28,53,60,0.030359204,1,4,0,3.926125e+07,0
96.21,merra2-201901,1390,2496,2872,0.02444602,1,4,0,2.795803202e+09,72
96.21,merra2-201501,0,0,1,0.114099901,1,0,0,809084,6
96.21,hemco,89,153,182,0.045365363,1,4,0,1.52834583e+08,20
96.21,cheminputs,0,0,4,0.126662339,1,0,0,387496,12
96.22,restarts,28,53,60,0.030359204,1,4,0,3.926125e+07,0
96.72,merra2-201901,1419,2548,2924,0.028758766,1,4,6,2.80189805e+09,72
96.72,merra2-201501,0,0,1,0.114099901,1,0,0,809084,6
96.72,hemco,89,153,182,0.045365363,1,4,0,1.52834583e+08,20
96.72,cheminputs,0,0,4,0.126662339,1,0,0,387496,12
96.72,restarts,28,53,60,0.030359204,1,4,0,3.926125e+07,0
97.22,merra2-201901,1431,2568,2945,0.02491819,1,4,0,2.804322882e+09,72
97.22,merra2-201501,0,0,1,0.114099901,1,0,0,809084,6
97.22,hemco,89,153,182,0.045365363,1,4,0,1.52834583e+08,20
97.23,cheminputs,0,0,4,0.126662339,1,0,0,387496,12
97.23,restarts,28,53,60,0.030359204,1,4,0,3.926125e+07,0
97.73,merra2-201901,1431,2568,2946,0.02491819,1,4,2,2.807034923e+09,72
97.73,merra2-201501,0,0,1,0.114099901,1,0,0,809084,6
97.73,hemco,89,153,182,0.045365363,1,4,0,1.52834583e+08,20
97.73,cheminputs,0,0,4,0.126662339,1,0,0,387496,12
97.73,restarts,28,53,60,0.030359204,1,4,0,3.926125e+07,0
98.23,merra2-201901,1436,2585,2977,0.029616087,1,4,10,2.835543083e+09,72
98.24,merra2-201501,0,0,1,0.114099901,1,0,0,809084,6
98.24,hemco,89,153,182,0.045365363,1,4,0,1.52834583e+08,20
98.24,cheminputs,0,0,4,0.126662339,1,0,0,387496,12
98.24,restarts,28,53,60,0.030359204,1,4,0,3.926125e+07,0
98.74,merra2-201901,1476,2670,3080,0.027717326,1,4,9,2.920828406e+09,72
98.74,merra2-201501,0,0,1,0.114099901,1,0,0,809084,6
98.74,hemco,89,153,182,0.045365363,1,4,0,1.52834583e+08,20
98.74,cheminputs,0,0,4,0.126662339,1,0,0,387496,12
98.74,restarts,28,53,60,0.030359204,1,4,0,3.926125e+07,0
99.24,merra2-201901,1484,2689,3106,0.027692954,1,4,0,2.960674294e+09,72
99.25,merra2-201501,0,0,1,0.114099901,1,0,0,809084,6
99.25,hemco,89,153,182,0.045365363,1,4,0,1.52834583e+08,20
99.25,cheminputs,0,0,4,0.126662339,1,0,0,387496,12
99.25,restarts,28,53,60,0.030359204,1,4,0,3.926125e+07,0
99.75,merra2-201901,1484,2689,3106,0.027692954,1,4,0,2.960674294e+09,72
99.75,merra2-201501,0,0,1,0.114099901,1,0,0,809084,6
99.75,hemco,89,153,182,0.045365363,1,4,0,1.52834583e+08,20
99.75,cheminputs,0,0,4,0.126662339,1,0,0,387496,12
99.75,restarts,28,53,60,0.030359204,1,4,0,3.926125e+07,0
100.26,merra2-201901,1484,2689,3106,0.027692954,1,4,0,2.960674294e+09,72
100.26,merra2-201501,0,0,1,0.114099901,1,0,0,809084,6
100.26,hemco,89,153,182,0.045365363,1,4,0,1.52834583e+08,20
100.26,cheminputs,0,0,4,0.126662339,1,0,0,387496,12
100.26,restarts,28,53,60,0.030359204,1,4,0,3.926125e+07,0
100.76,merra2-201901,1484,2689,3106,0.027692954,1,4,0,2.960674294e+09,72
100.76,merra2-201501,0,0,1,0.114099901,1,0,0,809084,6
100.77,hemco,89,153,182,0.045365363,1,4,0,1.52834583e+08,20
100.77,cheminputs,0,0,4,0.126662339,1,0,0,387496,12
100.77,restarts,28,53,60,0.030359204,1,4,0,3.926125e+07,0
101.27,merra2-201901,1524,2768,3185,0.042017572,1,4,0,2.971356662e+09,72
101.27,merra2-201501,0,0,1,0.114099901,1,0,0,809084,6
101.27,hemco,89,153,182,0.045365363,1,4,0,1.52834583e+08,20
101.27,cheminputs,0,0,4,0.126662339,1,0,0,387496,12
101.27,restarts,28,53,60,0.030359204,1,4,0,3.926125e+07,0
101.78,merra2-201901,1524,2768,3185,0.042017572,1,4,0,2.971356662e+09,72
101.78,merra2-201501,0,0,1,0.114099901,1,0,0,809084,6
101.78,hemco,89,153,182,0.045365363,1,4,0,1.52834583e+08,20
101.78,cheminputs,0,0,4,0.126662339,1,0,0,387496,12
101.78,restarts,28,53,60,0.030359204,1,4,0,3.926125e+07,0
102.28,merra2-201901,1563,2831,3248,0.025397843,1,4,2,2.979614198e+09,72
102.28,merra2-201501,0,0,1,0.114099901,1,0,0,809084,6
102.28,hemco,89,153,182,0.045365363,1,4,0,1.52834583e+08,20
102.28,cheminputs,0,0,4,0.126662339,1,0,0,387496,12
102.28,restarts,28,53,60,0.030359204,1,4,0,3.926125e+07,0
102.79,merra2-201901,1569,2842,3259,0.024362126,1,4,0,2.98105599e+09,72
102.79,merra2-201501,0,0,1,0.114099901,1,0,0,809084,6
102.79,hemco,89,153,182,0.045365363,1,4,0,1.52834583e+08,20
102.79,cheminputs,0,0,4,0.126662339,1,0,0,387496,12
102.79,restarts,28,53,60,0.030359204,1,4,0,3.926125e+07,0
103.29,merra2-201901,1569,2842,3260,0.025135066,1,4,1,2.982104566e+09,84
103.30,merra2-201501,0,0,1,0.114099901,1,0,0,809084,6
103.30,hemco,89,153,182,0.045365363,1,4,0,1.52834583e+08,20
103.30,cheminputs,0,0,4,0.126662339,1,0,0,387496,12
103.30,restarts,28,53,60,0.030359204,1,4,0,3.926125e+07,0
103.80,merra2-201901,1572,2848,3270,0.02898188,1,4,1,2.988461558e+09,75
103.80,merra2-201501,0,0,1,0.114099901,1,0,0,809084,6
103.80,hemco,89,153,182,0.045365363,1,4,0,1.52834583e+08,20
103.80,cheminputs,0,0,4,0.126662339,1,0,0,387496,12
103.80,restarts,28,53,60,0.030359204,1,4,0,3.926125e+07,0
104.30,merra2-201901,1583,2871,3296,0.028447956,1,4,1,2.993638902e+09,75
104.30,merra2-201501,0,0,1,0.114099901,1,0,0,809084,6
104.31,hemco,89,153,182,0.045365363,1,4,0,1.52834583e+08,20
104.31,cheminputs,0,0,4,0.126662339,1,0,0,387496,12
104.31,restarts,28,53,60,0.030359204,1,4,0,3.926125e+07,0
104.81,merra2-201901,1594,2893,3324,0.023550633,1,4,1,3.062124022e+09,75
104.81,merra2-201501,0,0,1,0.114099901,1,0,0,809084,6
104.81,hemco,89,153,182,0.045365363,1,4,0,1.52834583e+08,20
104.81,cheminputs,0,0,4,0.126662339,1,0,0,387496,12
104.81,restarts,28,53,60,0.030359204,1,4,0,3.926125e+07,0
105.31,merra2-201901,1594,2896,3333,0.094454176,1,0,0,3.11999231e+09,75
105.32,merra2-201501,0,0,1,0.114099901,1,0,0,809084,6
105.32,hemco,89,153,182,0.045365363,1,4,0,1.52834583e+08,20
105.32,cheminputs,0,0,4,0.126662339,1,0,0,387496,12
105.32,restarts,28,53,60,0.030359204,1,4,0,3.926125e+07,0
105.82,merra2-201901,1599,2904,3342,0.023814202,1,4,1,3.12523519e+09,87
105.82,merra2-201501,0,0,1,0.114099901,1,0,0,809084,6
105.82,hemco,89,153,182,0.045365363,1,4,0,1.52834583e+08,20
105.82,cheminputs,0,0,4,0.126662339,1,0,0,387496,12
105.82,restarts,28,53,60,0.030359204,1,4,0,3.926125e+07,0
106.32,merra2-201901,1605,2912,3353,0.022743506,1,4,1,3.132272303e+09,87
106.33,merra2-201501,0,0,1,0.114099901,1,0,0,809084,6
106.33,hemco,89,153,182,0.045365363,1,4,0,1.52834583e+08,20
106.33,cheminputs,0,0,4,0.126662339,1,0,0,387496,12
106.33,restarts,28,53,60,0.030359204,1,4,0,3.926125e+07,0
106.83,merra2-201901,1610,2920,3364,0.026353518,1,4,1,3.139476069e+09,87
106.83,merra2-201501,0,0,1,0.114099901,1,0,0,809084,6
106.83,hemco,89,153,182,0.045365363,1,4,0,1.52834583e+08,20
106.83,cheminputs,0,0,4,0.126662339,1,0,0,387496,12
106.83,restarts,28,53,60,0.030359204,1,4,0,3.926125e+07,0
107.33,merra2-201901,1627,2947,3393,0.023622296,1,4,9,3.147553682e+09,79
107.33,merra2-201501,0,0,1,0.114099901,1,0,0,809084,6
107.34,hemco,89,153,182,0.045365363,1,4,0,1.52834583e+08,20
107.34,cheminputs,0,0,4,0.126662339,1,0,0,387496,12
107.34,restarts,28,53,60,0.030359204,1,4,0,3.926125e+07,0
107.84,merra2-201901,1693,3046,3510,0.02171327,1,4,10,3.178355602e+09,89
107.84,merra2-201501,0,0,1,0.114099901,1,0,0,809084,6
107.84,hemco,89,153,182,0.045365363,1,4,0,1.52834583e+08,20
107.84,cheminputs,0,0,4,0.126662339,1,0,0,387496,12
107.84,restarts,28,53,60,0.030359204,1,4,0,3.926125e+07,0
108.34,merra2-201901,1784,3188,3662,0.02345797,1,4,11,3.286752146e+09,90
108.34,merra2-201501,0,0,1,0.114099901,1,0,0,809084,6
108.34,hemco,89,153,182,0.045365363,1,4,0,1.52834583e+08,20
108.35,cheminputs,0,0,4,0.126662339,1,0,0,387496,12
108.35,restarts,28,53,60,0.030359204,1,4,0,3.926125e+07,0
108.85,merra2-201901,1887,3339,3820,0.02440515,1,4,11,3.346389906e+09,91
108.85,merra2-201501,0,0,1,0.114099901,1,0,0,809084,6
108.85,hemco,89,153,182,0.045365363,1,4,0,1.52834583e+08,20
108.85,cheminputs,0,0,4,0.126662339,1,0,0,387496,12
108.85,restarts,28,53,60,0.030359204,1,4,0,3.926125e+07,0
109.35,merra2-201901,1947,3440,3938,0.021592261,1,4,6,3.51999477e+09,94
109.35,merra2-201501,0,0,1,0.114099901,1,0,0,809084,6
109.35,hemco,89,153,182,0.045365363,1,4,0,1.52834583e+08,20
109.35,cheminputs,0,0,4,0.126662339,1,0,0,387496,12
109.36,restarts,28,53,60,0.030359204,1,4,0,3.926125e+07,0
109.86,merra2-201901,1974,3491,4001,0.025819558,1,4,5,3.60551925e+09,95
109.86,merra2-201501,0,0,1,0.114099901,1,0,0,809084,6
109.86,hemco,89,153,182,0.045365363,1,4,0,1.52834583e+08,20
109.86,cheminputs,0,0,4,0.126662339,1,0,0,387496,12
109.86,restarts,28,53,60,0.030359204,1,4,0,3.926125e+07,0
110.36,merra2-201901,2002,3539,4053,0.024479745,1,4,3,3.656768402e+09,96
110.36,merra2-201501,0,0,1,0.114099901,1,0,0,809084,6
110.36,hemco,89,153,182,0.045365363,1,4,0,1.52834583e+08,20
110.36,cheminputs,0,0,4,0.126662339,1,0,0,387496,12
110.37,restarts,28,53,60,0.030359204,1,4,0,3.926125e+07,0
110.87,merra2-201901,2010,3560,4078,0.032120369,1,4,0,3.694713746e+09,97
110.87,merra2-201501,0,0,1,0.114099901,1,0,0,809084,6
110.87,hemco,89,153,182,0.045365363,1,4,0,1.52834583e+08,20
110.87,cheminputs,0,0,4,0.126662339,1,0,0,387496,12
110.87,restarts,28,53,60,0.030359204,1,4,0,3.926125e+07,0
111.37,merra2-201901,2010,3560,4078,0.032120369,1,4,0,3.694713746e+09,97
111.37,merra2-201501,0,0,1,0.114099901,1,0,0,809084,6
111.37,hemco,89,153,182,0.045365363,1,4,0,1.52834583e+08,20
111.37,cheminputs,0,0,4,0.126662339,1,0,0,387496,12
111.37,restarts,28,53,60,0.030359204,1,4,0,3.926125e+07,0
111.88,merra2-201901,2010,3560,4078,0.032120369,1,4,0,3.694713746e+09,97
111.88,merra2-201501,0,0,1,0.114099901,1,0,0,809084,6
111.88,hemco,89,153,182,0.045365363,1,4,0,1.52834583e+08,20
111.88,cheminputs,0,0,4,0.126662339,1,0,0,387496,12
111.88,restarts,28,53,60,0.030359204,1,4,0,3.926125e+07,0
112.39,merra2-201901,2010,3560,4078,0.032120369,1,4,0,3.694713746e+09,97
112.39,merra2-201501,0,0,1,0.114099901,1,0,0,809084,6
112.39,hemco,89,153,182,0.045365363,1,4,0,1.52834583e+08,20
112.39,cheminputs,0,0,4,0.126662339,1,0,0,387496,12
112.39,restarts,28,53,60,0.030359204,1,4,0,3.926125e+07,0
112.89,merra2-201901,2047,3611,4129,0.023355689,1,4,4,3.701070738e+09,97
112.89,merra2-201501,0,0,1,0.114099901,1,0,0,809084,6
112.89,hemco,89,153,182,0.045365363,1,4,0,1.52834583e+08,20
112.90,cheminputs,0,0,4,0.126662339,1,0,0,387496,12
112.90,restarts,28,53,60,0.030359204,1,4,0,3.926125e+07,0
113.40,merra2-201901,2056,3621,4139,0.023444262,1,4,0,3.702315922e+09,97
113.40,merra2-201501,0,0,1,0.114099901,1,0,0,809084,6
113.40,hemco,89,153,182,0.045365363,1,4,0,1.52834583e+08,20
113.40,cheminputs,0,0,4,0.126662339,1,0,0,387496,12
113.40,restarts,28,53,60,0.030359204,1,4,0,3.926125e+07,0
113.90,merra2-201901,2056,3621,4139,0.023444262,1,4,1,3.702315922e+09,109
113.90,merra2-201501,0,0,1,0.114099901,1,0,0,809084,6
113.91,hemco,89,153,182,0.045365363,1,4,0,1.52834583e+08,20
113.91,cheminputs,0,0,4,0.126662339,1,0,0,387496,12
113.91,restarts,28,53,60,0.030359204,1,4,0,3.926125e+07,0
114.41,merra2-201901,2064,3633,4167,0.080237895,1,0,8,3.724532626e+09,109
114.41,merra2-201501,0,0,1,0.114099901,1,0,0,809084,6
114.41,hemco,89,153,182,0.045365363,1,4,0,1.52834583e+08,20
114.41,cheminputs,0,0,4,0.126662339,1,0,0,387496,12
114.41,restarts,28,53,60,0.030359204,1,4,0,3.926125e+07,0
114.91,merra2-201901,2102,3693,4242,0.023253067,1,4,0,3.73888501e+09,109
114.91,merra2-201501,0,0,1,0.114099901,1,0,0,809084,6
114.92,hemco,89,153,182,0.045365363,1,4,0,1.52834583e+08,20
114.92,cheminputs,0,0,4,0.126662339,1,0,0,387496,12
114.92,restarts,28,53,60,0.030359204,1,4,0,3.926125e+07,0
115.42,merra2-201901,2102,3693,4242,0.023253067,1,4,0,3.73888501e+09,109
115.42,merra2-201501,0,0,1,0.114099901,1,0,0,809084,6
115.42,hemco,89,153,182,0.045365363,1,4,0,1.52834583e+08,20
115.42,cheminputs,0,0,4,0.126662339,1,0,0,387496,12
115.43,restarts,28,53,60,0.030359204,1,4,0,3.926125e+07,0
115.93,merra2-201901,2102,3693,4245,0.026593467,1,4,0,3.764050834e+09,110
115.93,merra2-201501,0,0,1,0.114099901,1,0,0,809084,6
115.93,hemco,89,153,182,0.045365363,1,4,0,1.52834583e+08,20
115.94,cheminputs,0,0,4,0.126662339,1,0,0,387496,12
115.94,restarts,28,53,60,0.030359204,1,4,0,3.926125e+07,0
116.44,merra2-201901,2102,3693,4245,0.026593467,1,4,0,3.764050834e+09,110
116.44,merra2-201501,0,0,1,0.114099901,1,0,0,809084,6
116.44,hemco,89,153,182,0.045365363,1,4,0,1.52834583e+08,20
116.44,cheminputs,0,0,4,0.126662339,1,0,0,387496,12
116.44,restarts,28,53,60,0.030359204,1,4,0,3.926125e+07,0
116.94,merra2-201901,2102,3693,4245,0.026593467,1,4,0,3.764050834e+09,110
116.95,merra2-201501,0,0,1,0.114099901,1,0,0,809084,6
116.95,hemco,89,153,182,0.045365363,1,4,0,1.52834583e+08,2
116.95,cheminputs,0,0,4,0.126662339,1,0,0,387496,0
116.95,restarts,28,53,60,0.030359204,1,4,0,3.926125e+07,0
117.45,merra2-201901,2102,3693,4245,0.026593467,1,4,0,3.764050834e+09,0
117.45,merra2-201501,0,0,1,0.114099901,1,0,0,809084,0
117.45,hemco,89,153,182,0.045365363,1,4,0,1.52834583e+08,0
117.45,cheminputs,0,0,4,0.126662339,1,0,0,387496,0
117.45,restarts,28,53,60,0.030359204,1,4,0,3.926125e+07,0
117.96,merra2-201901,2102,3693,4245,0.026593467,1,4,0,3.764050834e+09,0
117.96,merra2-201501,0,0,1,0.114099901,1,0,0,809084,0
117.96,hemco,89,153,182,0.045365363,1,4,0,1.52834583e+08,0
117.96,cheminputs,0,0,4,0.126662339,1,0,0,387496,0
117.96,restarts,28,53,60,0.030359204,1,4,0,3.926125e+07,0
118.46,merra2-201901,2102,3693,4245,0.026593467,1,4,0,3.764050834e+09,0
118.46,merra2-201501,0,0,1,0.114099901,1,0,0,809084,0
118.46,hemco,89,153,182,0.045365363,1,4,0,1.52834583e+08,0
118.46,cheminputs,0,0,4,0.126662339,1,0,0,387496,0
118.46,restarts,28,53,60,0.030359204,1,4,0,3.926125e+07,0
118.96,merra2-201901,2102,3693,4245,0.026593467,1,4,0,3.764050834e+09,0
118.97,merra2-201501,0,0,1,0.114099901,1,0,0,809084,0
118.97,hemco,89,153,182,0.045365363,1,4,0,1.52834583e+08,0
118.97,cheminputs,0,0,4,0.126662339,1,0,0,387496,0
118.97,restarts,28,53,60,0.030359204,1,4,0,3.926125e+07,0
119.47,merra2-201901,2102,3693,4245,0.026593467,1,4,0,3.764050834e+09,0
119.47,merra2-201501,0,0,1,0.114099901,1,0,0,809084,0
119.47,hemco,89,153,182,0.045365363,1,4,0,1.52834583e+08,0
119.47,cheminputs,0,0,4,0.126662339,1,0,0,387496,0
119.47,restarts,28,53,60,0.030359204,1,4,0,3.926125e+07,0
119.97,merra2-201901,2102,3693,4245,0.026593467,1,4,0,3.764050834e+09,0
119.98,merra2-201501,0,0,1,0.114099901,1,0,0,809084,0
119.98,hemco,89,153,182,0.045365363,1,4,0,1.52834583e+08,0
119.98,cheminputs,0,0,4,0.126662339,1,0,0,387496,0
119.98,restarts,28,53,60,0.030359204,1,4,0,3.926125e+07,0
120.58,merra2-201901,2102,3693,4245,0.026593467,1,4,0,3.764050834e+09,0
120.58,merra2-201501,0,0,1,0.114099901,1,0,0,809084,0
120.58,hemco,89,153,182,0.045365363,1,4,0,1.52834583e+08,0
120.58,cheminputs,0,0,4,0.126662339,1,0,0,387496,0
120.58,restarts,28,53,60,0.030359204,1,4,0,3.926125e+07,0
