t,prefetch_committed_bytes,prefetch_unread_resident_bytes,fill_inflight,prefetch_issued_total,prefetch_used_total,prefetch_uncovered_total,prefetch_evicted_unread_total,read_straddle_total,open_handles
0.003,0,0,0,0,0,3,0,0,3
0.206,0,0,0,0,0,17,0,0,3
0.407,5.53648128e+08,9.0177536e+07,0,528,0,31,0,0,3
0.609,8.32569344e+08,3.37641472e+08,0,832,38,44,0,0,3
0.811,8.30472192e+08,3.54418688e+08,0,1064,272,48,0,0,3
1.012,8.32569344e+08,6.20756992e+08,0,1104,310,48,0,0,3
1.214,8.43055104e+08,3.58612992e+08,0,1640,837,48,0,0,3
1.415,8.30472192e+08,2.24395264e+08,0,2024,1232,48,0,0,3
1.617,8.30472192e+08,5.31628032e+08,0,2024,1232,48,0,0,3
1.818,8.48297984e+08,4.89684992e+08,0,2352,1543,48,0,0,3
2.020,8.30472192e+08,2.31735296e+08,0,2864,2072,48,0,0,3
2.221,8.32569344e+08,5.12753664e+08,0,2880,2086,48,0,0,3
2.423,8.32569344e+08,5.6098816e+08,0,3064,2270,48,0,0,3
2.624,8.42006528e+08,1.69869312e+08,0,3704,2901,48,0,0,3
2.826,8.30472192e+08,2.34881024e+08,0,3904,3112,48,0,0,3
3.027,8.30472192e+08,4.9283072e+08,0,3936,3144,48,0,0,3
3.228,8.30472192e+08,5.85105408e+08,0,4088,3296,48,0,0,3
3.430,8.35715072e+08,3.4603008e+08,0,4600,3803,48,0,0,3
3.632,8.3361792e+08,5.42113792e+08,0,4680,3885,48,0,0,3
3.833,8.30472192e+08,4.54033408e+08,0,5016,4224,48,0,0,3
4.035,8.40957952e+08,7.21420288e+08,0,5056,4254,48,0,0,3
4.236,8.32569344e+08,1.89792256e+08,0,5792,4998,48,0,0,3
4.437,8.31520768e+08,2.86261248e+08,0,5984,5191,48,0,0,3
4.639,8.30472192e+08,5.58891008e+08,0,5984,5192,48,0,0,3
4.840,8.37812224e+08,2.33832448e+08,0,6608,5809,48,0,0,3
5.042,8.30472192e+08,2.62144e+08,0,6832,6040,48,0,0,3
5.243,8.31520768e+08,5.44210944e+08,0,6840,6047,48,0,0,3
5.445,8.39909376e+08,5.3477376e+08,0,7136,6335,48,0,0,3
5.647,8.37812224e+08,2.27540992e+08,0,7720,6921,48,0,0,3
5.849,8.30472192e+08,4.72907776e+08,0,7752,6960,48,0,0,3
6.050,8.31520768e+08,7.17225984e+08,0,7792,6999,48,0,0,3
6.251,8.34666496e+08,1.16391936e+08,0,8640,7844,48,0,0,3
6.453,8.36763648e+08,2.76824064e+08,0,8736,7938,48,0,0,3
6.654,8.30472192e+08,4.43547648e+08,0,8824,8032,48,0,0,3
6.856,8.3361792e+08,7.1827456e+08,0,8840,8045,48,0,0,3
7.058,8.48297984e+08,3.21912832e+08,0,9416,8607,48,0,0,3
7.259,8.30472192e+08,2.00278016e+08,0,9784,8992,48,0,0,3
7.461,8.30472192e+08,4.62422016e+08,0,9792,9000,48,0,0,3
7.662,7.85247527e+08,6.1865984e+08,0,9858,9109,48,0,0,3
7.864,5.5574528e+08,8.0740352e+07,0,10410,9880,48,0,0,2
8.065,5.57842432e+08,2.7262976e+08,0,10458,9926,48,0,0,2
8.267,5.63085312e+08,4.39353344e+08,0,10554,10017,48,0,0,2
8.468,1.33273652e+08,8.0844852e+07,0,10691,10564,48,0,0,2
8.669,0,0,0,10691,10691,48,0,0,0
8.871,0,0,0,10691,10691,48,0,0,0
9.072,0,0,0,10691,10691,48,0,0,0
9.273,0,0,0,10691,10691,48,0,0,0
9.474,0,0,0,10691,10691,48,0,0,0
9.676,0,0,0,10691,10691,48,0,0,0
9.877,0,0,0,10691,10691,48,0,0,0
10.078,0,0,0,10691,10691,48,0,0,0
10.279,0,0,0,10691,10691,48,0,0,0
10.481,0,0,0,10691,10691,48,0,0,0
10.682,0,0,0,10691,10691,48,0,0,0
10.883,0,0,0,10691,10691,48,0,0,0
11.084,0,0,0,10691,10691,48,0,0,0
11.286,0,0,0,10691,10691,48,0,0,0
11.487,0,0,0,10691,10691,48,0,0,0
11.688,0,0,0,10691,10691,48,0,0,0
11.889,0,0,0,10691,10691,48,0,0,0
12.091,0,0,0,10691,10691,48,0,0,0
12.292,0,0,0,10691,10691,48,0,0,0
12.493,0,0,0,10691,10691,48,0,0,0
12.694,0,0,0,10691,10691,48,0,0,0
12.896,0,0,0,10691,10691,48,0,0,0
13.097,0,0,0,10691,10691,48,0,0,0
13.298,0,0,0,10691,10691,48,0,0,0
13.499,0,0,0,10691,10691,48,0,0,0
13.701,0,0,0,10691,10691,48,0,0,0
13.902,0,0,0,10691,10691,48,0,0,0
14.103,0,0,0,10691,10691,48,0,0,0
14.304,0,0,0,10691,10691,48,0,0,0
14.506,0,0,0,10691,10691,48,0,0,0
14.707,0,0,0,10691,10691,48,0,0,0
14.908,0,0,0,10691,10691,48,0,0,0
15.110,0,0,0,10691,10691,48,0,0,0
15.311,0,0,0,10691,10691,48,0,0,0
15.512,0,0,0,10691,10691,48,0,0,0
15.713,0,0,0,10691,10691,48,0,0,0
15.915,0,0,0,10691,10691,48,0,0,0
16.116,0,0,0,10691,10691,48,0,0,0
16.317,0,0,0,10691,10691,48,0,0,0
16.518,0,0,0,10691,10691,48,0,0,0
16.720,0,0,0,10691,10691,48,0,0,0
16.921,0,0,0,10691,10691,48,0,0,0
17.122,0,0,0,10691,10691,48,0,0,0
17.324,0,0,0,10691,10691,48,0,0,0
17.525,0,0,0,10691,10691,48,0,0,0
17.726,0,0,0,10691,10691,48,0,0,0
17.927,0,0,0,10691,10691,48,0,0,0
18.129,0,0,0,10691,10691,48,0,0,0
18.330,0,0,0,10691,10691,48,0,0,0
18.531,0,0,0,10691,10691,48,0,0,0
18.732,0,0,0,10691,10691,48,0,0,0
18.934,0,0,0,10691,10691,48,0,0,0
19.135,0,0,0,10691,10691,48,0,0,0
19.336,0,0,0,10691,10691,48,0,0,0
19.537,0,0,0,10691,10691,48,0,0,0
19.739,0,0,0,10691,10691,48,0,0,0
19.940,0,0,0,10691,10691,48,0,0,0
20.141,0,0,0,10691,10691,48,0,0,0
20.342,0,0,0,10691,10691,48,0,0,0
20.544,0,0,0,10691,10691,48,0,0,0
20.745,0,0,0,10691,10691,48,0,0,0
20.946,0,0,0,10691,10691,48,0,0,0
21.147,0,0,0,10691,10691,48,0,0,0
21.349,0,0,0,10691,10691,48,0,0,0
21.550,0,0,0,10691,10691,48,0,0,0
21.751,0,0,0,10691,10691,48,0,0,0
21.952,0,0,0,10691,10691,48,0,0,0
22.154,0,0,0,10691,10691,48,0,0,0
22.355,0,0,0,10691,10691,48,0,0,0
22.556,0,0,0,10691,10691,48,0,0,0
22.757,0,0,0,10691,10691,48,0,0,0
22.959,0,0,0,10691,10691,48,0,0,0
23.160,0,0,0,10691,10691,48,0,0,0
23.361,0,0,0,10691,10691,48,0,0,0
23.562,0,0,0,10691,10691,48,0,0,0
23.764,0,0,0,10691,10691,48,0,0,0
23.965,0,0,0,10691,10691,48,0,0,0
24.166,0,0,0,10691,10691,48,0,0,0
24.367,0,0,0,10691,10691,48,0,0,0
24.569,0,0,0,10691,10691,48,0,0,0
24.770,0,0,0,10691,10691,48,0,0,0
24.971,0,0,0,10691,10691,48,0,0,0
25.172,0,0,0,10691,10691,48,0,0,0
25.374,0,0,0,10691,10691,48,0,0,0
25.575,0,0,0,10691,10691,48,0,0,0
25.776,0,0,0,10691,10691,48,0,0,0
25.978,0,0,0,10691,10691,48,0,0,0
26.179,0,0,0,10691,10691,48,0,0,0
26.380,0,0,0,10691,10691,48,0,0,0
26.581,0,0,0,10691,10691,48,0,0,0
26.783,0,0,0,10691,10691,48,0,0,0
26.984,0,0,0,10691,10691,48,0,0,0
27.185,0,0,0,10691,10691,48,0,0,0
27.386,0,0,0,10691,10691,48,0,0,0
27.587,0,0,0,10691,10691,48,0,0,0
27.789,0,0,0,10691,10691,48,0,0,0
27.990,0,0,0,10691,10691,48,0,0,0
28.191,0,0,0,10691,10691,48,0,0,0
28.392,0,0,0,10691,10691,48,0,0,0
28.594,0,0,0,10691,10691,48,0,0,0
