1791680147.632242348,0,0,0,0
1791680148.141458538,0.935329792,60,1.104150528e+09,16
1791680148.650622326,0.931135488,60,1.948254208e+09,16
1791680149.158864109,0.724566016,63,2.324692992e+09,16
1791680149.667371735,0.600834048,63,3.120562176e+09,16
1791680150.176618904,0.472907776,63,4.013948928e+09,16
1791680150.685400899,0.479199232,63,4.919918592e+09,16
1791680151.193499093,0.438829056,63,6.015680512e+09,16
1791680151.702414850,0.46923776,63,6.99400192e+09,16
1791680152.211520181,0.485490688,63,7.957643264e+09,16
1791680152.719527235,0.499122176,63,9.018802176e+09,16
1791680153.228434972,0.508035072,63,1.0070523904e+10,16
1791680153.737097505,0.518520832,63,1.1001659392e+10,16
1791680154.245575573,0.517472256,63,1.1563696128e+10,16
1791680154.754226931,0.491782144,63,1.2494831616e+10,16
1791680155.265520122,0.49545216,63,1.3593739264e+10,16
1791680155.773658619,0.498597888,63,1.4591983616e+10,16
1791680156.282837452,0.501743616,63,1.5682502656e+10,16
1791680156.792810244,0.506986496,63,1.6689135616e+10,16
1791680157.301544842,0.510656512,63,1.7150509056e+10,16
1791680157.812558918,0.492306432,63,1.8282971136e+10,16
1791680158.320683544,0.503840768,63,1.9348324352e+10,16
1791680158.828954601,0.516947968,63,2.0564672512e+10,16
1791680159.338099582,0.517472256,63,2.1361590272e+10,16
1791680159.846745389,0.496500736,63,2.1923627008e+10,16
1791680160.356152887,0.497025024,63,2.2997368832e+10,16
1791680160.865005224,0.510132224,63,2.4247271424e+10,16
1791680161.374071270,0.52166656,63,2.539651072e+10,16
1791680161.883180671,0.521142272,63,2.5715277824e+10,16
1791680162.393386444,0.493879296,63,2.6671579136e+10,16
1791680162.902291089,0.499122176,63,2.7778875392e+10,16
1791680163.410791501,0.507510784,63,2.9020389376e+10,16
1791680163.919575685,0.521142272,63,2.9901193216e+10,16
1791680164.430689990,0.514326528,63,3.0354178048e+10,16
1791680164.939951728,0.487063552,63,3.1327256576e+10,16
1791680165.448657657,0.497025024,63,3.2392609792e+10,16
1791680165.958193095,0.508035072,63,3.353346048e+10,16
1791680166.467211488,0.502267904,63,3.4405875712e+10,16
1791680166.976671548,0.497025024,63,3.537895424e+10,16
1791680167.485010519,0.512753664,63,3.6435918848e+10,16
1791680167.993831409,0.521142272,63,3.718250496e+10,16
1791680168.504422961,0.495976448,63,3.7878759424e+10,16
1791680169.018253372,0.494403584,63,3.8960889856e+10,16
1791680169.527756726,0.4980736,63,3.9875248128e+10,16
1791680170.037005572,0.50593792,63,4.1032876032e+10,16
1791680170.546186124,0.504365056,63,4.2115006464e+10,16
1791680171.055327411,0.50855936,63,4.3188748288e+10,16
1791680171.563815891,0.52690944,63,4.380950528e+10,16
1791680172.071901748,0.50593792,63,4.4530925568e+10,16
1791680172.582644723,0.489684992,63,4.5520781312e+10,16
1791680173.091402755,0.499122176,63,4.6678409216e+10,16
1791680173.600201180,0.500170752,63,4.7601156096e+10,16
1791680174.108896687,0.492526442,63,4.8854644436e+10,16
1791680174.618043690,0.480772096,63,4.9433458388e+10,16
1791680175.125974760,0.486539264,63,5.0490422996e+10,16
1791680175.636243648,0.476053504,63,5.110279138e+10,16
1791680176.149608200,0.4541445395,63,5.2063509259e+10,16
1791680176.657688367,0.439353344,63,5.3095308043e+10,16
1791680177.166396280,0.4342013255,63,5.4135677158e+10,16
1791680177.674571917,0.407371776,63,5.5108755686e+10,16
1791680178.182927793,0.413663232,63,5.601472535e+10,16
1791680178.690911164,0.3402508825,63,5.6750471644e+10,16
1791680179.199173687,0.2789620015,63,5.7488669148e+10,16
1791680179.707871154,0.224395264,63,5.8516387899e+10,16
1791680180.215897734,0.1681239145,63,5.9147266209e+10,16
1791680180.723674814,0.059545209,63,5.9789934779e+10,16
1791680181.231662021,0.030408704,63,6.0060020141e+10,16
1791680181.738791090,0,63,6.0173005019e+10,16
1791680182.246073702,0,63,6.0173005019e+10,16
