1791680184.814879474,0,0,0,0
1791680185.329939450,1.463812096,0,1.145044992e+09,16
1791680185.839114729,1.458569216,0,1.922039808e+09,16
1791680186.347347656,1.26877696,0,2.834300928e+09,16
1791680186.855818671,1.00139008,0,3.532652544e+09,16
1791680187.364219508,0.871890944,0,4.509925376e+09,16
1791680187.873698381,0.821035008,0,5.696913408e+09,16
1791680188.382005399,0.819462144,0,6.7371008e+09,16
1791680188.890627609,0.786432,0,7.244611584e+09,16
1791680189.399729111,0.780140544,0,8.438939648e+09,16
1791680189.909783314,0.786956288,0,9.338617856e+09,16
1791680190.418665742,0.784334848,0,1.0418651136e+10,16
1791680190.927309831,0.762314752,0,1.1187257344e+10,16
1791680191.435310254,0.75497472,0,1.2227444736e+10,16
1791680191.944762134,0.753401856,0,1.3150191616e+10,16
1791680192.453916147,0.737148928,0,1.419771904e+10,16
1791680192.962198352,0.705691648,0,1.4883487744e+10,16
1791680193.470377757,0.717225984,0,1.5982395392e+10,16
1791680193.979301389,0.708837376,0,1.698168832e+10,16
1791680194.488167907,0.69730304,0,1.7671651328e+10,16
1791680194.996260317,0.691011584,0,1.8718130176e+10,16
1791680195.504197624,0.683147264,0,1.9654508544e+10,16
1791680196.012689861,0.662700032,0,2.0290994176e+10,16
1791680196.522701969,0.662175744,0,2.1090009088e+10,16
1791680197.032908240,0.644349952,0,2.2031630336e+10,16
1791680197.544931088,0.631242752,0,2.2965911552e+10,16
1791680198.055934078,0.63963136,0,2.3992467456e+10,16
1791680198.564713606,0.63176704,0,2.4955060224e+10,16
1791680199.073185944,0.631242752,0,2.5891438592e+10,16
1791680199.581761403,0.627572736,0,2.693791744e+10,16
1791680200.090444532,0.612368384,0,2.7649900544e+10,16
1791680200.598335330,0.62390272,0,2.879913984e+10,16
1791680201.107782468,0.62390272,0,3.0008147968e+10,16
1791680201.615591744,0.591396864,0,3.0502027264e+10,16
1791680202.123799807,0.583008256,0,3.1589400576e+10,16
1791680202.634149932,0.583532544,0,3.2438747136e+10,16
1791680203.142550197,0.595591168,0,3.3587986432e+10,16
1791680203.651150876,0.5767168,0,3.4224472064e+10,16
1791680204.159005733,0.59244544,0,3.5304505344e+10,16
1791680204.667346936,0.586153984,0,3.6276535296e+10,16
1791680205.177166790,0.567279616,0,3.6911972352e+10,16
1791680205.686121586,0.576192512,0,3.7925945344e+10,16
1791680206.194966896,0.556793856,0,3.8712377344e+10,16
1791680206.703299032,0.542113792,0,3.986161664e+10,16
1791680207.211942218,0.541589504,0,4.1027633152e+10,16
1791680207.719618636,0.520093696,0,4.1774219264e+10,16
1791680208.227813299,0.499122176,0,4.2403364864e+10,16
1791680208.737349201,0.512229376,0,4.3812651008e+10,16
1791680209.246648644,0.501219328,0,4.4248858624e+10,16
1791680209.761218452,0.50593792,0,4.50625536e+10,16
1791680210.271637528,0.502792192,0,4.6127906816e+10,16
1791680210.780679080,0.516947968,0,4.7386198016e+10,16
1791680211.290629110,0.50331648,0,4.8006955008e+10,16
1791680211.799591693,0.510132224,0,4.8946479104e+10,16
1791680212.308999443,0.521142272,0,5.0364153856e+10,16
1791680212.816949114,0.52166656,0,5.1052019712e+10,16
1791680213.324900386,0.471334912,0,5.1685098286e+10,16
1791680213.834485909,0.477626368,0,5.2607845166e+10,16
1791680214.343734211,0.485832755,0,5.3775594388e+10,16
1791680214.853140104,0.4436072105,0,5.4532219014e+10,16
1791680215.362487567,0.3502651695,0,5.5293448998e+10,16
1791680215.873164972,0.293076992,0,5.623401154e+10,16
1791680216.382582685,0.2507141715,0,5.7228270603e+10,16
1791680216.893030365,0.141600943,0,5.7826412295e+10,16
1791680217.403916544,0.095420416,0,5.8398798894e+10,16
1791680217.911815076,0.06291456,0,5.8977794569e+10,16
1791680218.421634852,0.067108864,0,5.9380447753e+10,16
1791680218.929429792,0.061341696,0,5.9841821193e+10,16
1791680219.438504048,0.032505856,0,6.0206117085e+10,16
1791680219.946431902,0.030408704,0,6.0432609501e+10,16
1791680220.454019800,0.030932992,0,6.0659101917e+10,16
1791680220.961422422,0,0,6.0704633051e+10,16
1791680221.468580105,0,0,6.0704633051e+10,16
