1791680110.952923798,0,0,0,0
1791680111.461810188,0.9652987838133346,0,1.06954752e+09,16
1791680111.969872267,0.9652987838133346,0,1.598029824e+09,16
1791680112.478903258,0.9604722898942679,0,2.530213888e+09,16
1791680112.987057949,0.959837224904917,0,3.456106496e+09,16
1791680113.495352104,0.9484060550966013,0,4.36207616e+09,16
1791680114.003041178,0.9266868324608012,0,5.32676608e+09,16
1791680114.510914171,0.9217333255438643,0,6.266290176e+09,16
1791680115.019463471,0.8625452685363625,0,7.17225984e+09,16
1791680115.527762266,0.7704608450804852,0,8.170504192e+09,16
1791680116.037557868,0.6214745985787692,0,8.959033344e+09,16
1791680116.551272092,0.5145296543720813,0,1.0032775168e+10,16
1791680117.060707797,0.4949696527000743,0,1.09051904e+10,16
1791680117.568979728,0.49535069169368484,0,1.1928600576e+10,16
1791680118.077442470,0.49623978267877605,0,1.287651328e+10,16
1791680118.586326601,0.49420757471285326,0,1.3824425984e+10,16
1791680119.095638474,0.49509666569794447,0,1.4696841216e+10,16
1791680119.604700230,0.49319147072989183,0,1.560281088e+10,16
1791680120.115006043,0.4940805617149831,0,1.6575889408e+10,16
1791680120.623338893,0.49382653571924273,0,1.753219072e+10,16
1791680121.132507690,0.4934454967256322,0,1.84549376e+10,16
1791680121.641834010,0.49535069169368484,0,1.9428016128e+10,16
1791680122.150919496,0.49319147072989183,0,2.0283654144e+10,16
1791680122.659286910,0.49471562670433394,0,2.1374173184e+10,16
1791680123.168450929,0.4943345877107234,0,2.2213033984e+10,16
1791680123.676820194,0.4943345877107234,0,2.3119003648e+10,16
1791680124.185893833,0.49446160070859363,0,2.4083693568e+10,16
1791680124.696444304,0.49471562670433394,0,2.5014829056e+10,16
1791680125.204938790,0.4923023797448006,0,2.587885568e+10,16
1791680125.714435588,0.49484263970220416,0,2.6935820288e+10,16
1791680126.222116303,0.4970018606659971,0,2.785017856e+10,16
1791680126.730660328,0.49382653571924273,0,2.881486848e+10,16
1791680127.238765485,0.4940805617149831,0,2.9729226752e+10,16
1791680127.748197697,0.49420757471285326,0,3.0651973632e+10,16
1791680128.256288783,0.49535069169368484,0,3.1557943296e+10,16
1791680128.764519674,0.4936995227213726,0,3.2480690176e+10,16
1791680129.273640012,0.49331848372776205,0,3.347054592e+10,16
1791680129.782210090,0.49420757471285326,0,3.443523584e+10,16
1791680130.291181823,0.49484263970220416,0,3.535798272e+10,16
1791680130.800090320,0.49331848372776205,0,3.62807296e+10,16
1791680131.310189040,0.4939535487171129,0,3.7186699264e+10,16
1791680131.818504477,0.49471562670433394,0,3.812622336e+10,16
1791680132.329454399,0.4949696527000743,0,3.9082524672e+10,16
1791680132.838377642,0.49446160070859363,0,4.0038825984e+10,16
1791680133.346928642,0.49573173068729537,0,4.0961572864e+10,16
1791680133.856657582,0.4952236786958147,0,4.1892708352e+10,16
1791680134.365960826,0.4956047176894252,0,4.286578688e+10,16
1791680134.875398041,0.49471562670433394,0,4.3780145152e+10,16
1791680135.383720744,0.49471562670433394,0,4.4702892032e+10,16
1791680135.892089646,0.4958587436851655,0,4.5650804736e+10,16
1791680136.400419431,0.49446160070859363,0,4.6573551616e+10,16
1791680136.909841142,0.4940805617149831,0,4.752146432e+10,16
1791680137.420328452,0.49446160070859363,0,4.8419045376e+10,16
1791680137.929851517,0.4939535487171129,0,4.9392123904e+10,16
1791680138.441669794,0.4943345877107234,0,5.0314870784e+10,16
1791680138.951760466,0.49319147072989183,0,5.1204063232e+10,16
1791680139.460357093,0.49357250972350236,0,5.2143587328e+10,16
1791680139.969053881,0.474099779218982,0,5.3133443072e+10,16
1791680140.477514839,0.45903673787007265,0,5.4090464865e+10,16
1791680140.986999686,0.4345154746003773,0,5.5065153077e+10,16
1791680141.495705209,0.402371769446997,0,5.588284244e+10,16
1791680142.008045402,0.3890001638740164,0,5.6795258832e+10,16
1791680142.517994207,0.3339493613203265,0,5.7564039537e+10,16
1791680143.028045204,0.2678744679082559,0,5.8685390085e+10,16
1791680143.536529279,0.11041360152068916,0,5.9621152113e+10,16
1791680144.045969641,0.026722351999546153,0,5.9957637273e+10,16
1791680144.554868909,0,0,6.0076536027e+10,16
1791680145.062247416,0,0,6.0076536027e+10,16
