#src	how	bytes	path
extdata	exact	1217808214	/input/GEOS_0.5x0.625/MERRA2/2019/07/MERRA2.20190701.A3dyn.05x0625.nc4
extdata	exact	1213682326	/input/GEOS_0.5x0.625/MERRA2/2019/07/MERRA2.20190702.A3dyn.05x0625.nc4
extdata	fileyear->2014	808299375	/input/HEMCO/GT_Chlorine/v2024-05/GT_Chlorine_01_01_2014_V1.0.0.nc
extdata	exact	708758316	/input/GEOS_0.5x0.625/MERRA2/2019/07/MERRA2.20190701.I3.05x0625.nc4
extdata	exact	708128987	/input/GEOS_0.5x0.625/MERRA2/2019/07/MERRA2.20190702.I3.05x0625.nc4
extdata	exact	423855882	/input/GEOS_0.5x0.625/MERRA2/2019/07/MERRA2.20190701.A3cld.05x0625.nc4
extdata	exact	421021216	/input/GEOS_0.5x0.625/MERRA2/2019/07/MERRA2.20190702.A3cld.05x0625.nc4
extdata	exact	398461341	/input/HEMCO/OCEAN_O3_DRYDEP/v2020-02/Oi_prj_predicted_iodide_0.125x0.125_No_Skagerrak_Just_Ensemble.nc
extdata	exact	379478324	/input/HEMCO/SOILNOX/v2014-07/soilNOx.fert_res.generic.05x05.time_corrected_for_GCHP.nc
extdata	exact	301740437	/input/GEOS_0.5x0.625/MERRA2/2019/07/MERRA2.20190701.A1.05x0625.nc4
extdata	exact	301428925	/input/GEOS_0.5x0.625/MERRA2/2019/07/MERRA2.20190702.A1.05x0625.nc4
extdata	exact	297133760	/input/HEMCO/CEDS/v2024-06/2019/CEDS_NH3_0.1x0.1_2019.nc
hemco	exact	296792006	/input/HEMCO/GFAS/v2018-09/2019/GFAS_201907.nc
extdata	exact	295977088	/input/HEMCO/CEDS/v2024-06/2019/CEDS_TOLU_0.1x0.1_2019.nc
extdata	exact	295976487	/input/HEMCO/CEDS/v2024-06/2019/CEDS_ALK4_hexanes_0.1x0.1_2019.nc
extdata	exact	295549766	/input/HEMCO/CEDS/v2024-06/2019/CEDS_XYLE_0.1x0.1_2019.nc
extdata	exact	292880038	/input/HEMCO/CEDS/v2024-06/2019/CEDS_NO_0.1x0.1_2019.nc
extdata	exact	284774082	/input/HEMCO/NEI2005/v2023-02/NEI99.dow.geos.1x1.corrected.012023.nc
extdata	exact	274708820	/input/HEMCO/CEDS/v2024-06/2019/CEDS_C2H4_0.1x0.1_2019.nc
hemco	exact	272077155	/input/HEMCO/EDGARv43/v2016-11/EDGAR_v43.NH3.SOL.0.1x0.1.nc
hemco	exact	271539322	/input/HEMCO/EDGARv43/v2016-11/EDGAR_v43.NOx.AGR.0.1x0.1.nc
hemco	exact	266342322	/input/HEMCO/EDGARv43/v2016-11/EDGAR_v43.NH3.AGR.0.1x0.1.nc
extdata	exact	264450589	/input/HEMCO/CEDS/v2024-06/2019/CEDS_BENZ_0.1x0.1_2019.nc
extdata	exact	260485429	/input/HEMCO/CEDS/v2024-06/2019/CEDS_PRPE_0.1x0.1_2019.nc
extdata	exact	259688793	/input/GEOS_0.5x0.625/MERRA2/2019/07/MERRA2.20190701.A3mstC.05x0625.nc4
extdata	exact	259389727	/input/GEOS_0.5x0.625/MERRA2/2019/07/MERRA2.20190702.A3mstC.05x0625.nc4
extdata	exact	256876974	/input/HEMCO/CEDS/v2024-06/2019/CEDS_C2H2_0.1x0.1_2019.nc
extdata	exact	238320000	/input/HEMCO/CEDS/v2024-06/2019/CEDS_MEK_0.1x0.1_2019.nc
extdata	exact	226997141	/input/HEMCO/CEDS/v2024-06/2019/CEDS_CO_0.1x0.1_2019.nc
extdata	exact	226928229	/input/GEOS_0.5x0.625/MERRA2/2019/07/MERRA2.20190702.A3mstE.05x0625.nc4
extdata	exact	226859495	/input/GEOS_0.5x0.625/MERRA2/2019/07/MERRA2.20190701.A3mstE.05x0625.nc4
extdata	exact	226154187	/input/HEMCO/CEDS/v2024-06/2019/CEDS_BC_0.1x0.1_2019.nc
extdata	exact	225783280	/input/HEMCO/CEDS/v2024-06/2019/CEDS_SO2_0.1x0.1_2019.nc
extdata	exact	225760138	/input/HEMCO/CEDS/v2024-06/2019/CEDS_OC_0.1x0.1_2019.nc
hemco	exact	224234687	/input/HEMCO/EDGARv43/v2016-11/EDGAR_v43.OC.RCO.0.1x0.1.nc
extdata	exact	217365014	/input/HEMCO/CEDS/v2024-06/2019/CEDS_ALK4_butanes_0.1x0.1_2019.nc
extdata	exact	217077533	/input/HEMCO/CEDS/v2024-06/2019/CEDS_ALK4_pentanes_0.1x0.1_2019.nc
extdata	exact	216691306	/input/HEMCO/CEDS/v2024-06/2019/CEDS_C3H8_0.1x0.1_2019.nc
extdata	exact	213126052	/input/HEMCO/CEDS/v2024-06/2019/CEDS_C2H6_0.1x0.1_2019.nc
hemco	exact	211881128	/input/HEMCO/EDGARv43/v2016-11/EDGAR_v43.SO2.RCO.0.1x0.1.nc
extdata	exact	210622192	/input/HEMCO/CEDS/v2024-06/2019/CEDS_EOH_0.1x0.1_2019.nc
extdata	exact	209744675	/input/HEMCO/CEDS/v2024-06/2019/CEDS_CH2O_0.1x0.1_2019.nc
extdata	exact	207216722	/input/HEMCO/CEDS/v2024-06/2019/CEDS_ALD2_0.1x0.1_2019.nc
hemco	exact	204165375	/input/HEMCO/EDGARv43/v2016-11/EDGAR_v43.CO.RCO.0.1x0.1.nc
hemco	exact	203678496	/input/HEMCO/EDGARv43/v2016-11/EDGAR_v43.NOx.RCO.0.1x0.1.nc
hemco	exact	200084310	/input/HEMCO/EDGARv43/v2016-11/EDGAR_v43.BC.RCO.0.1x0.1.nc
hemco	exact	199882749	/input/HEMCO/EDGARv43/v2016-11/EDGAR_v43.NH3.RCO.0.1x0.1.nc
extdata	exact	180980741	/input/HEMCO/CEDS/v2024-06/2019/CEDS_HCOOH_0.1x0.1_2019.nc
extdata	exact	120274056	/input/HEMCO/GMI/v2015-02/gmi.clim.RCO3.geos5.2x25.nc
extdata	exact	120058140	/input/HEMCO/GMI/v2015-02/gmi.clim.KO2.geos5.2x25.nc
extdata	exact	119819823	/input/HEMCO/GMI/v2015-02/gmi.clim.MCO3.geos5.2x25.nc
extdata	exact	119814079	/input/HEMCO/GMI/v2015-02/gmi.clim.R4O2.geos5.2x25.nc
extdata	exact	119752770	/input/HEMCO/GMI/v2015-02/gmi.clim.PPN.geos5.2x25.nc
extdata	exact	119745731	/input/HEMCO/GMI/v2015-02/gmi.clim.R4N1.geos5.2x25.nc
extdata	exact	119638085	/input/HEMCO/GMI/v2015-02/gmi.clim.ETO2.geos5.2x25.nc
extdata	exact	119530192	/input/HEMCO/GMI/v2015-02/gmi.clim.ATO2.geos5.2x25.nc
extdata	exact	119512423	/input/HEMCO/GMI/v2015-02/gmi.clim.A3O2.geos5.2x25.nc
extdata	exact	119511197	/input/HEMCO/GMI/v2015-02/gmi.clim.B3O2.geos5.2x25.nc
extdata	exact	119461523	/input/HEMCO/GMI/v2015-02/gmi.clim.MGLY.geos5.2x25.nc
extdata	exact	119345748	/input/HEMCO/GMI/v2015-02/gmi.clim.Cl2O2.geos5.2x25.nc
extdata	exact	119342680	/input/HEMCO/GMI/v2015-02/gmi.clim.ROH.geos5.2x25.nc
extdata	exact	119218315	/input/HEMCO/GMI/v2015-02/gmi.clim.RP.geos5.2x25.nc
extdata	exact	119182504	/input/HEMCO/GMI/v2015-02/gmi.clim.EOH.geos5.2x25.nc
extdata	exact	119025445	/input/HEMCO/GMI/v2015-02/gmi.clim.R4P.geos5.2x25.nc
extdata	exact	118970240	/input/HEMCO/GMI/v2015-02/gmi.clim.RCHO.geos5.2x25.nc
extdata	exact	118881005	/input/HEMCO/GMI/v2015-02/gmi.clim.MEK.geos5.2x25.nc
extdata	exact	118839518	/input/HEMCO/GMI/v2015-02/gmi.clim.NO3.geos5.2x25.nc
extdata	exact	118817751	/input/HEMCO/GMI/v2015-02/gmi.clim.N2O5.geos5.2x25.nc
extdata	exact	118736576	/input/HEMCO/GMI/v2015-02/gmi.clim.ETP.geos5.2x25.nc
extdata	exact	118728666	/input/HEMCO/GMI/v2015-02/gmi.clim.R4N2.geos5.2x25.nc
extdata	exact	118713951	/input/HEMCO/GMI/v2015-02/gmi.clim.MAP.geos5.2x25.nc
extdata	exact	118679456	/input/HEMCO/GMI/v2015-02/gmi.clim.RB3P.geos5.2x25.nc
extdata	exact	118662440	/input/HEMCO/GMI/v2015-02/gmi.clim.RA3P.geos5.2x25.nc
extdata	exact	118601137	/input/HEMCO/GMI/v2015-02/gmi.clim.ALD2.geos5.2x25.nc
extdata	exact	118357043	/input/HEMCO/GMI/v2015-02/gmi.clim.HNO2.geos5.2x25.nc
extdata	exact	118157476	/input/HEMCO/GMI/v2015-02/gmi.clim.PAN.geos5.2x25.nc
extdata	exact	118128999	/input/HEMCO/GMI/v2015-02/gmi.clim.ACTA.geos5.2x25.nc
extdata	exact	117997316	/input/HEMCO/GMI/v2015-02/gmi.clim.HNO4.geos5.2x25.nc
extdata	exact	117773234	/input/HEMCO/GMI/v2015-02/gmi.clim.NOx.geos5.2x25.nc
extdata	exact	117677914	/input/HEMCO/GMI/v2015-02/gmi.clim.MO2.geos5.2x25.nc
extdata	exact	117670799	/input/HEMCO/GMI/v2015-02/gmi.clim.NO2.geos5.2x25.nc
extdata	exact	117612361	/input/HEMCO/GMI/v2015-02/gmi.clim.ClONO2.geos5.2x25.nc
extdata	exact	117499545	/input/HEMCO/GMI/v2015-02/gmi.clim.ClO.geos5.2x25.nc
extdata	exact	117255641	/input/HEMCO/GMI/v2015-02/gmi.clim.ACET.geos5.2x25.nc
extdata	exact	117171089	/input/HEMCO/GMI/v2015-02/gmi.clim.Cl2.geos5.2x25.nc
extdata	exact	117147779	/input/HEMCO/GMI/v2015-02/gmi.clim.HNO3.geos5.2x25.nc
extdata	exact	117132095	/input/HEMCO/GMI/v2015-02/gmi.clim.NO.geos5.2x25.nc
extdata	exact	117122563	/input/HEMCO/GMI/v2015-02/gmi.clim.HCOOH.geos5.2x25.20170108.nc
extdata	exact	116975491	/input/HEMCO/GMI/v2015-02/gmi.clim.HOCl.geos5.2x25.nc
extdata	exact	116962334	/input/HEMCO/GMI/v2015-02/gmi.clim.MOH.geos5.2x25.nc
extdata	exact	116768925	/input/HEMCO/GMI/v2015-02/gmi.clim.BrCl.geos5.2x25.nc
extdata	exact	116746300	/input/HEMCO/GMI/v2015-02/gmi.clim.OClO.geos5.2x25.nc
extdata	exact	116666304	/input/HEMCO/GMI/v2015-02/gmi.clim.MP.geos5.2x25.nc
extdata	exact	116655180	/input/HEMCO/GMI/v2015-02/gmi.clim.BrONO2.geos5.2x25.nc
extdata	exact	116534174	/input/HEMCO/GMI/v2015-02/gmi.clim.Cl.geos5.2x25.nc
extdata	exact	116274459	/input/HEMCO/GMI/v2015-02/gmi.clim.HO2.geos5.2x25.nc
extdata	exact	116255715	/input/HEMCO/GMI/v2015-02/gmi.clim.BrO.geos5.2x25.nc
extdata	exact	116095962	/input/HEMCO/GMI/v2015-02/gmi.clim.CH2O.geos5.2x25.nc
extdata	exact	116047406	/input/HEMCO/GMI/v2015-02/gmi.clim.H2O2.geos5.2x25.nc
extdata	exact	115828205	/input/HEMCO/GMI/v2015-02/gmi.clim.HOBr.geos5.2x25.nc
extdata	exact	115592224	/input/HEMCO/GMI/v2015-02/gmi.clim.OH.geos5.2x25.nc
extdata	exact	115431812	/input/HEMCO/GMI/v2015-02/gmi.clim.Br.geos5.2x25.nc
extdata	exact	115413962	/input/HEMCO/GMI/v2015-02/gmi.clim.H.geos5.2x25.nc
extdata	exact	115369193	/input/HEMCO/GMI/v2015-02/gmi.clim.O.geos5.2x25.nc
extdata	exact	115217244	/input/HEMCO/GMI/v2015-02/gmi.clim.Ox.geos5.2x25.nc
extdata	exact	115210319	/input/HEMCO/GMI/v2015-02/gmi.clim.HBr.geos5.2x25.nc
extdata	exact	114539192	/input/HEMCO/GMI/v2015-02/gmi.clim.O3.geos5.2x25.nc
extdata	exact	114047587	/input/HEMCO/GMI/v2015-02/gmi.clim.GPAN.geos5.2x25.nc
extdata	exact	114047193	/input/HEMCO/GMI/v2015-02/gmi.clim.CO.geos5.2x25.nc
extdata	exact	113426719	/input/HEMCO/GMI/v2015-02/gmi.clim.HCl.geos5.2x25.nc
extdata	exact	112819704	/input/HEMCO/Yuan_XLAI/v2021-06/Condensed_Yuan_proc_MODIS_XLAI.025x025.2019.nc
extdata	exact	112376609	/input/HEMCO/GMI/v2015-02/gmi.clim.GCO3.geos5.2x25.nc
extdata	exact	112140815	/input/HEMCO/GMI/v2015-02/gmi.clim.GP.geos5.2x25.nc
extdata	exact	110640090	/input/HEMCO/GMI/v2015-02/gmi.clim.O1D.geos5.2x25.nc
extdata	exact	107845612	/input/HEMCO/NH3/v2018-04/NH3_Arctic_seabirds.nc
extdata	exact	101492096	/input/HEMCO/GMI/v2015-02/gmi.clim.GLYC.geos5.2x25.nc
extdata	exact	101361896	/input/HEMCO/GMI/v2015-02/gmi.clim.GLYX.geos5.2x25.nc
extdata	exact	100483919	/input/HEMCO/GMI/v2015-02/gmi.clim.HAC.geos5.2x25.nc
extdata	exact	99405635	/input/HEMCO/GMI/v2015-02/gmi.clim.MACR.geos5.2x25.nc
extdata	exact	99243921	/input/HEMCO/GMI/v2015-02/gmi.clim.MVK.geos5.2x25.nc
extdata	exact	99202622	/input/HEMCO/GMI/v2015-02/gmi.clim.IALD.geos5.2x25.nc
extdata	exact	99133725	/input/HEMCO/GMI/v2015-02/gmi.clim.PRPE.geos5.2x25.nc
extdata	exact	98765507	/input/HEMCO/GMI/v2015-02/gmi.clim.IAP.geos5.2x25.nc
extdata	exact	98251823	/input/HEMCO/GMI/v2015-02/gmi.clim.PP.geos5.2x25.nc
extdata	exact	97993580	/input/HEMCO/GMI/v2015-02/gmi.clim.VRP.geos5.2x25.nc
extdata	exact	97963069	/input/HEMCO/GMI/v2015-02/gmi.clim.MRP.geos5.2x25.nc
extdata	exact	97901971	/input/HEMCO/GMI/v2015-02/gmi.clim.ISNP.geos5.2x25.nc
extdata	exact	97685760	/input/HEMCO/GMI/v2015-02/gmi.clim.N.geos5.2x25.nc
hemco	exact	97473833	/input/HEMCO/EDGARv43/v2016-11/EDGAR_v43.NH3.SWD.0.1x0.1.nc
extdata	exact	97037647	/input/HEMCO/GMI/v2015-02/gmi.clim.MAOP.geos5.2x25.nc
extdata	exact	95702428	/input/HEMCO/NOAA_GMD/v2023-10/monthly.gridded.surface.methane.1975-2022.1x1.nc
hemco	exact	95548648	/input/HEMCO/EDGARv43/v2016-11/EDGAR_v43.SO2.TRO.0.1x0.1.nc
extdata	exact	95136375	/input/HEMCO/GMI/v2015-02/gmi.clim.IAO2.geos5.2x25.nc
extdata	exact	94686308	/input/HEMCO/GMI/v2015-02/gmi.clim.PRPN.geos5.2x25.nc
hemco	exact	94188789	/input/HEMCO/EDGARv43/v2016-11/EDGAR_v43.NH3.TRO.0.1x0.1.nc
extdata	exact	94152938	/input/HEMCO/GMI/v2015-02/gmi.clim.INPN.geos5.2x25.nc
extdata	exact	93573473	/input/HEMCO/GMI/v2015-02/gmi.clim.PO2.geos5.2x25.nc
extdata	exact	92888154	/input/HEMCO/GMI/v2015-02/gmi.clim.VRO2.geos5.2x25.nc
extdata	exact	92828562	/input/HEMCO/GMI/v2015-02/gmi.clim.INO2.geos5.2x25.nc
extdata	exact	92637700	/input/HEMCO/GMI/v2015-02/gmi.clim.MRO2.geos5.2x25.nc
extdata	exact	92520228	/input/HEMCO/GMI/v2015-02/gmi.clim.MAO3.geos5.2x25.nc
extdata	exact	89850473	/input/HEMCO/GMI/v2015-02/gmi.clim.MVN2.geos5.2x25.nc
hemco	exact	89838911	/input/HEMCO/EDGARv43/v2016-11/EDGAR_v43.OC.TRO.0.1x0.1.nc
extdata	exact	89227465	/input/HEMCO/TrashEmis/v2015-03/TrashBurn_v2_generic.01x01.nc
extdata	exact	88499068	/input/HEMCO/GMI/v2015-02/gmi.clim.ISN1.geos5.2x25.nc
extdata	exact	88473735	/input/HEMCO/GMI/v2015-02/gmi.clim.RIO1.geos5.2x25.nc
extdata	exact	88254943	/input/HEMCO/GMI/v2015-02/gmi.clim.MAN2.geos5.2x25.nc
extdata	exact	87821337	/input/HEMCO/GMI/v2015-02/gmi.clim.PRN1.geos5.2x25.nc
extdata	exact	86257556	/input/HEMCO/OFFLINE_LIGHTNING/v2020-03/MERRA2/2019/FLASH_CTH_MERRA2_0.5x0.625_2019_07.nc4
hemco	exact	86234605	/input/HEMCO/EDGARv43/v2016-11/EDGAR_v43.BC.TRO.0.1x0.1.nc
extdata	exact	85616573	/input/HEMCO/GMI/v2015-02/gmi.clim.H2.geos5.2x25.nc
hemco	exact	84281348	/input/HEMCO/EDGARv43/v2016-11/EDGAR_v43.NOx.TRO.0.1x0.1.nc
hemco	exact	82579909	/input/HEMCO/EDGARv43/v2016-11/EDGAR_v43.CO.TRO.0.1x0.1.nc
extdata	exact	79118293	/input/HEMCO/GMI/v2015-02/gmi.clim.H2O.geos5.2x25.nc
extdata	exact	77557397	/input/HEMCO/GMI/v2015-02/gmi.clim.C2H6.geos5.2x25.nc
extdata	exact	77334628	/input/HEMCO/GMI/v2015-02/gmi.clim.C3H8.geos5.2x25.nc
extdata	exact	76728221	/input/HEMCO/GMI/v2015-02/gmi.clim.ALK4.geos5.2x25.nc
extdata	exact	73494490	/input/HEMCO/GMI/v2015-02/gmi.clim.CH3Cl.geos5.2x25.nc
extdata	exact	72797405	/input/HEMCO/GMI/v2015-02/gmi.clim.HCFC141b.geos5.2x25.nc
extdata	exact	72784891	/input/HEMCO/GMI/v2015-02/gmi.clim.ISOP.geos5.2x25.nc
extdata	exact	72225203	/input/HEMCO/GMI/v2015-02/gmi.clim.CH3Br.geos5.2x25.nc
extdata	exact	71515332	/input/HEMCO/GMI/v2015-02/gmi.clim.CH4.geos5.2x25.nc
extdata	exact	70999440	/input/HEMCO/GMI/v2015-02/gmi.clim.CH3CCl3.geos5.2x25.nc
hemco	exact	70760061	/input/HEMCO/NEI2016/v2021-06/2016fh_16j_emln_ptnonipm_allinln_0pt1degree_3D_month_07.ncf
extdata	exact	70467779	/input/HEMCO/GMI/v2015-02/gmi.clim.HCFC142b.geos5.2x25.nc
extdata	exact	70020947	/input/HEMCO/GMI/v2015-02/gmi.clim.CF3Br.geos5.2x25.nc
extdata	exact	69887445	/input/HEMCO/GMI/v2015-02/gmi.clim.HCFC22.geos5.2x25.nc
extdata	exact	69047888	/input/HEMCO/GMI/v2015-02/gmi.clim.CF2Br2.geos5.2x25.nc
extdata	exact	69022730	/input/HEMCO/GMI/v2015-02/gmi.clim.CFCl3.geos5.2x25.nc
extdata	exact	68950130	/input/HEMCO/GMI/v2015-02/gmi.clim.CCl4.geos5.2x25.nc
extdata	exact	68723323	/input/HEMCO/GMI/v2015-02/gmi.clim.H2402.geos5.2x25.nc
extdata	exact	68683668	/input/HEMCO/GMI/v2015-02/gmi.clim.CF2ClBr.geos5.2x25.nc
extdata	exact	68251545	/input/HEMCO/GMI/v2015-02/gmi.clim.CFC113.geos5.2x25.nc
extdata	exact	68215353	/input/HEMCO/GMI/v2015-02/gmi.clim.N2O.geos5.2x25.nc
extdata	exact	68041648	/input/HEMCO/GMI/v2015-02/gmi.clim.CF2Cl2.geos5.2x25.nc
extdata	exact	67536545	/input/HEMCO/GMI/v2015-02/gmi.clim.RCOOH.geos5.2x25.nc
extdata	exact	66186425	/input/HEMCO/GMI/v2015-02/gmi.clim.CFC114.geos5.2x25.nc
extdata	exact	63601106	/input/HEMCO/GMI/v2015-02/gmi.clim.CFC115.geos5.2x25.nc
extdata	exact	56206070	/input/HEMCO/OFFLINE_BIOVOC/v2021-12/0.5x0.625/2019/07/biovoc_05.20190702.nc
extdata	exact	56195851	/input/HEMCO/OFFLINE_BIOVOC/v2021-12/0.5x0.625/2019/07/biovoc_05.20190701.nc
hemco	exact	55821415	/input/HEMCO/EDGARv43/v2016-11/EDGAR_v43.SO2.TNG.0.1x0.1.nc
hemco	exact	52868744	/input/HEMCO/GFED4/v2023-03/GFED4_climatology_2010-2023_05x0625.nc
hemco	exact	49884021	/input/HEMCO/EDGARv43/v2016-11/EDGAR_v43.BC.TNG.0.1x0.1.nc
hemco	exact	49882001	/input/HEMCO/EDGARv43/v2016-11/EDGAR_v43.OC.TNG.0.1x0.1.nc
hemco	exact	49778769	/input/HEMCO/EDGARv43/v2016-11/EDGAR_v43.NOx.TNG.0.1x0.1.nc
hemco	exact	49756016	/input/HEMCO/EDGARv43/v2016-11/EDGAR_v43.CO.TNG.0.1x0.1.nc
hemco	exact	49673620	/input/HEMCO/EDGARv43/v2016-11/EDGAR_v43.NH3.TNG.0.1x0.1.nc
hemco	exact	45246383	/input/HEMCO/FINNv25/v2025-06/2019/emissions-finnv2.5modvrs_GEOSCHEM-XYLE_bb_surface_daily_20190101-20191231_0.1x0.1.nc
hemco	exact	45236876	/input/HEMCO/FINNv25/v2025-06/2019/emissions-finnv2.5modvrs_GEOSCHEM-GLYC_bb_surface_daily_20190101-20191231_0.1x0.1.nc
hemco	exact	45202666	/input/HEMCO/FINNv25/v2025-06/2019/emissions-finnv2.5modvrs_MOZART-HCOOH_bb_surface_daily_20190101-20191231_0.1x0.1.nc
hemco	exact	45195573	/input/HEMCO/FINNv25/v2025-06/2019/emissions-finnv2.5modvrs_GEOSCHEM-ACET_bb_surface_daily_20190101-20191231_0.1x0.1.nc
hemco	exact	45188645	/input/HEMCO/FINNv25/v2025-06/2019/emissions-finnv2.5modvrs_GEOSCHEM-PRPE_bb_surface_daily_20190101-20191231_0.1x0.1.nc
hemco	exact	45180355	/input/HEMCO/FINNv25/v2025-06/2019/emissions-finnv2.5modvrs_MOZART-HONO_bb_surface_daily_20190101-20191231_0.1x0.1.nc
hemco	exact	45167618	/input/HEMCO/FINNv25/v2025-06/2019/emissions-finnv2.5modvrs_MOZART-NH3_bb_surface_daily_20190101-20191231_0.1x0.1.nc
hemco	exact	45129349	/input/HEMCO/FINNv25/v2025-06/2019/emissions-finnv2.5modvrs_MOZART-CH3CHO_bb_surface_daily_20190101-20191231_0.1x0.1.nc
hemco	exact	45119025	/input/HEMCO/FINNv25/v2025-06/2019/emissions-finnv2.5modvrs_BC_bb_surface_daily_20190101-20191231_0.1x0.1.nc
hemco	exact	45107151	/input/HEMCO/FINNv25/v2025-06/2019/emissions-finnv2.5modvrs_MOZART-CH3OH_bb_surface_daily_20190101-20191231_0.1x0.1.nc
hemco	exact	45103804	/input/HEMCO/FINNv25/v2025-06/2019/emissions-finnv2.5modvrs_GEOSCHEM-BENZ_bb_surface_daily_20190101-20191231_0.1x0.1.nc
hemco	exact	45102076	/input/HEMCO/FINNv25/v2025-06/2019/emissions-finnv2.5modvrs_GEOSCHEM-TOLU_bb_surface_daily_20190101-20191231_0.1x0.1.nc
hemco	exact	45093147	/input/HEMCO/FINNv25/v2025-06/2019/emissions-finnv2.5modvrs_GEOSCHEM-C2H6_bb_surface_daily_20190101-20191231_0.1x0.1.nc
hemco	exact	45092576	/input/HEMCO/FINNv25/v2025-06/2019/emissions-finnv2.5modvrs_MOZART-ISOP_bb_surface_daily_20190101-20191231_0.1x0.1.nc
hemco	exact	45071417	/input/HEMCO/FINNv25/v2025-06/2019/emissions-finnv2.5modvrs_GEOSCHEM-ALK4_bb_surface_daily_20190101-20191231_0.1x0.1.nc
hemco	exact	45070898	/input/HEMCO/FINNv25/v2025-06/2019/emissions-finnv2.5modvrs_MOZART-CH3COOH_bb_surface_daily_20190101-20191231_0.1x0.1.nc
hemco	exact	45060152	/input/HEMCO/FINNv25/v2025-06/2019/emissions-finnv2.5modvrs_CO_bb_surface_daily_20190101-20191231_0.1x0.1.nc
hemco	exact	45055862	/input/HEMCO/FINNv25/v2025-06/2019/emissions-finnv2.5modvrs_GEOSCHEM-CH2O_bb_surface_daily_20190101-20191231_0.1x0.1.nc
hemco	exact	45053782	/input/HEMCO/FINNv25/v2025-06/2019/emissions-finnv2.5modvrs_GEOSCHEM-C3H8_bb_surface_daily_20190101-20191231_0.1x0.1.nc
hemco	exact	45043995	/input/HEMCO/FINNv25/v2025-06/2019/emissions-finnv2.5modvrs_MOZART-MVK_bb_surface_daily_20190101-20191231_0.1x0.1.nc
hemco	exact	45019649	/input/HEMCO/FINNv25/v2025-06/2019/emissions-finnv2.5modvrs_GEOSCHEM-MGLY_bb_surface_daily_20190101-20191231_0.1x0.1.nc
hemco	exact	45015582	/input/HEMCO/FINNv25/v2025-06/2019/emissions-finnv2.5modvrs_GEOSCHEM-C2H4_bb_surface_daily_20190101-20191231_0.1x0.1.nc
hemco	exact	45013667	/input/HEMCO/FINNv25/v2025-06/2019/emissions-finnv2.5modvrs_GEOSCHEM-MEK_bb_surface_daily_20190101-20191231_0.1x0.1.nc
hemco	exact	45010010	/input/HEMCO/FINNv25/v2025-06/2019/emissions-finnv2.5modvrs_GEOSCHEM-C2H2_bb_surface_daily_20190101-20191231_0.1x0.1.nc
hemco	exact	45004214	/input/HEMCO/FINNv25/v2025-06/2019/emissions-finnv2.5modvrs_NO2_bb_surface_daily_20190101-20191231_0.1x0.1.nc
extdata	exact	41570825	/input/HEMCO/DustL23M/v2025-07/GSDE/GSDE_clay-sand-silt_0.1.nc4
hemco	exact	39052109	/input/HEMCO/FINNv25/v2025-06/2019/emissions-finnv2.5modvrs_GEOSCHEM-HAC_bb_surface_daily_20190101-20191231_0.1x0.1.nc
extdata	exact	33445896	/input/HEMCO/AEIC2019/v2022-03/2019_monmean/AEIC_monmean_201907.0.5x0.625.36L.nc
hemco	exact	29488933	/input/HEMCO/NEI2016/v2021-06/2016fh_16j_emln_pt_oilgas_allinln_0pt1degree_3D_month_07.ncf
hemco	exact	27021130	/input/HEMCO/NEI2016/v2021-06/2016fh_16j_emln_cmv_c3_12_0pt1degree_3D_month_07.ncf
hemco	exact	24613860	/input/HEMCO/FINNv25/v2025-06/2019/emissions-finnv2.5modvrs_MOZART-MACR_bb_surface_daily_20190101-20191231_0.1x0.1.nc
extdata	exact	24344575	/input/HEMCO/AEIC2019/v2022-03/2019/07/AEIC_20190701.0.5x0.625.36L.nc
extdata	exact	24202797	/input/HEMCO/AEIC2019/v2022-03/2019/07/AEIC_20190702.0.5x0.625.36L.nc
extdata	exact	23205137	/input/HEMCO/MULTI_ICE/v2021-07/multiyearice.merra2.05x0625.2019.nc
extdata	exact	22742834	/input/HEMCO/SfcFix/v2019-12/WMO_2018/2x2.5/surface_VMRs_WMO2018_2019.2x25.nc
hemco	exact	22295001	/input/HEMCO/CEDS/v2021-06/2019/ALK4_hexanes-em-anthro_CMIP_CEDS_2019.nc
hemco	exact	22294420	/input/HEMCO/CEDS/v2021-06/2019/TOLU-em-anthro_CMIP_CEDS_2019.nc
hemco	exact	22266470	/input/HEMCO/CEDS/v2021-06/2019/XYLE-em-anthro_CMIP_CEDS_2019.nc
hemco	exact	22226253	/input/HEMCO/FINNv25/v2025-06/2019/emissions-finnv2.5modvrs_MOZART-C2H5OH_bb_surface_daily_20190101-20191231_0.1x0.1.nc
extdata	fileyear->2014	21963193	/input/HEMCO/MODIS_CHLR/v2019-11/MODIS.CHLRv.V5.generic.025x025.2014.nc
hemco	exact	20681380	/input/HEMCO/EDGARv43/v2016-11/EDGAR_v43.OC.ENG.0.1x0.1.nc
hemco	exact	20640067	/input/HEMCO/EDGARv43/v2016-11/EDGAR_v43.BC.ENG.0.1x0.1.nc
hemco	exact	20056715	/input/HEMCO/CEDS/v2021-06/2019/BENZ-em-anthro_CMIP_CEDS_2019.nc
hemco	exact	20046874	/input/HEMCO/CEDS/v2021-06/2019/C2H4-em-anthro_CMIP_CEDS_2019.nc
hemco	exact	19740335	/input/HEMCO/EDGARv43/v2016-11/EDGAR_v43.NOx.ENG.0.1x0.1.nc
hemco	exact	19692182	/input/HEMCO/CEDS/v2021-06/2019/PRPE-em-anthro_CMIP_CEDS_2019.nc
hemco	exact	19658361	/input/HEMCO/EDGARv43/v2016-11/EDGAR_v43.CO.ENG.0.1x0.1.nc
hemco	exact	19309887	/input/HEMCO/CEDS/v2021-06/2019/C2H2-em-anthro_CMIP_CEDS_2019.nc
hemco	exact	19144219	/input/HEMCO/EDGARv43/v2016-11/EDGAR_v43.BC.PPA.0.1x0.1.nc
hemco	fileyear->2015	18931756	/input/HEMCO/FINN/v2015-02/FINN_daily_2015_0.25x0.25_with_num.nc
hemco	exact	18623544	/input/HEMCO/NEI2016/v2021-06/2016fh_16j_nonpt_0pt1degree_month_07.ncf
extdata	exact	18569635	/input/HEMCO/CEDS/v2021-06/2019/OTHER_VOC-em-anthro_CMIP_CEDS_2019.nc
extdata	exact	18459099	/input/HEMCO/OFFLINE_SEASALT/v2019-01/0.5x0.625/2019/07/seasalt_05.20190702.nc
hemco	exact	18451592	/input/HEMCO/EDGARv43/v2016-11/EDGAR_v43.NH3.ENG.0.1x0.1.nc
extdata	exact	18448589	/input/HEMCO/OFFLINE_SEASALT/v2019-01/0.5x0.625/2019/07/seasalt_05.20190701.nc
hemco	exact	18438490	/input/HEMCO/NEI2016/v2021-06/2016fh_16j_onroad_0pt1degree_month_07.ncf
hemco	exact	18286845	/input/HEMCO/EDGARv43/v2016-11/EDGAR_v43.SO2.ENG.0.1x0.1.nc
extdata	exact	18106964	/input/HEMCO/CEDS/v2021-06/2019/TMB-em-anthro_CMIP_CEDS_2019.nc
hemco	exact	17765134	/input/HEMCO/NEI2016/v2021-06/2016fh_16j_emln_ptegu_0pt1degree_3D_month_07.ncf
hemco	exact	17654333	/input/HEMCO/EDGARv43/v2016-11/EDGAR_v43.SO2.PPA.0.1x0.1.nc
hemco	exact	17233103	/input/HEMCO/NEI2016/v2021-06/2016fh_16j_nonroad_0pt1degree_month_07.ncf
extdata	exact	16815935	/input/HEMCO/STRAT/v2015-01/Bry/GEOSCCM_Bry.200707.night.nc
hemco	exact	16207692	/input/HEMCO/EDGARv43/v2016-11/EDGAR_v43.OC.IND.0.1x0.1.nc
hemco	exact	16206556	/input/HEMCO/EDGARv43/v2016-11/EDGAR_v43.CO.IND.0.1x0.1.nc
hemco	exact	16187965	/input/HEMCO/EDGARv43/v2016-11/EDGAR_v43.BC.IND.0.1x0.1.nc
hemco	exact	16186953	/input/HEMCO/EDGARv43/v2016-11/EDGAR_v43.NH3.IND.0.1x0.1.nc
hemco	exact	16175700	/input/HEMCO/EDGARv43/v2016-11/EDGAR_v43.SO2.IND.0.1x0.1.nc
hemco	exact	16169956	/input/HEMCO/EDGARv43/v2016-11/EDGAR_v43.NOx.IND.0.1x0.1.nc
hemco	exact	15859490	/input/HEMCO/CEDS/v2021-06/2019/MEK-em-anthro_CMIP_CEDS_2019.nc
hemco	exact	15549325	/input/HEMCO/NEI2016/v2021-06/2016fh_16j_emln_cmv_c1c2_12_0pt1degree_3D_month_07.ncf
extdata	exact	15279252	/input/HEMCO/STRAT/v2015-01/Bry/GEOSCCM_Bry.200707.day.nc
hemco	exact	14317887	/input/HEMCO/CEDS/v2021-06/2019/ALK4_butanes-em-anthro_CMIP_CEDS_2019.nc
hemco	exact	14295885	/input/HEMCO/CEDS/v2021-06/2019/ALK4_pentanes-em-anthro_CMIP_CEDS_2019.nc
hemco	exact	14260868	/input/HEMCO/CEDS/v2021-06/2019/C3H8-em-anthro_CMIP_CEDS_2019.nc
hemco	exact	13933967	/input/HEMCO/CEDS/v2021-06/2019/C2H6-em-anthro_CMIP_CEDS_2019.nc
hemco	exact	13886738	/input/HEMCO/CEDS/v2021-06/2019/CH2O-em-anthro_CMIP_CEDS_2019.nc
hemco	exact	13812236	/input/HEMCO/CEDS/v2021-06/2019/EOH-em-anthro_CMIP_CEDS_2019.nc
hemco	exact	13665406	/input/HEMCO/CEDS/v2021-06/2019/ALD2-em-anthro_CMIP_CEDS_2019.nc
extdata	exact	13407913	/input/HEMCO/DustL23M/v2025-07/LandCover/XLAI_025x025_2019_MonMean.nc4
hemco	exact	13366947	/input/HEMCO/NEI2016/v2021-06/2016fh_16j_othar_0pt1degree_month_07.ncf
hemco	exact	12814388	/input/HEMCO/EDGARv43/v2016-11/EDGAR_v43.CO.PPA.0.1x0.1.nc
hemco	exact	12579321	/input/HEMCO/EDGARv43/v2016-11/EDGAR_v43.NH3.PPA.0.1x0.1.nc
hemco	exact	12546735	/input/HEMCO/EDGARv43/v2016-11/EDGAR_v43.NOx.PPA.0.1x0.1.nc
hemco	exact	12419252	/input/HEMCO/NEI2016/v2021-06/2016fh_16j_rwc_0pt1degree_month_07.ncf
hemco	exact	11751696	/input/HEMCO/CEDS/v2021-06/2019/HCOOH-em-anthro_CMIP_CEDS_2019.nc
extdata	exact	11135200	/input/HEMCO/RRTMG/v2018-11/modis_emissivity.2x25.nc
hemco	exact	9615979	/input/HEMCO/NEI2016/v2021-06/2016fh_16j_rail_0pt1degree_month_07.ncf
extdata	exact	9113755	/input/HEMCO/OFFLINE_SOILNOX/v2021-12/0.5x0.625/2019/07/soilnox_05.20190701.nc
extdata	exact	9111802	/input/HEMCO/OFFLINE_SOILNOX/v2021-12/0.5x0.625/2019/07/soilnox_05.20190702.nc
hemco	exact	9107313	/input/HEMCO/NEI2016/v2021-06/2016fh_16j_onroad_can_0pt1degree_month_07.ncf
extdata	exact	8314773	/input/HEMCO/OCEAN_O3_DRYDEP/v2020-02/WOA_2013_salinity.nc
hemco	exact	8099295	/input/HEMCO/NEI2016/v2021-06/2016fh_16j_airports_0pt1degree_month_07.ncf
extdata	exact	6872312	/input/HEMCO/DustL23M/v2025-07/LandCover/MCD12C1.LC.2019.0.1.nc4
hemco	exact	6540489	/input/HEMCO/NEI2016/v2021-06/2016fh_16j_ag_0pt1degree_month_07.ncf
hemco	exact	6459062	/input/HEMCO/NEI2016/v2021-06/2016fh_16j_afdust_adj_0pt1degree_month_07.ncf
extdata	exact	6231116	/input/HEMCO/MEGAN/v2020-02/MEGAN2.1_EF.geos.025x03125.nc
hemco	exact	5998512	/input/HEMCO/RCP/v2020-07/RCP_60/RCPs_anthro_NOx_2005-2100_43190.nc
hemco	exact	5997933	/input/HEMCO/RCP/v2020-07/RCP_85/RCPs_anthro_NOx_2005-2100_43533.nc
hemco	exact	5977518	/input/HEMCO/RCP/v2020-07/RCP_45/RCPs_anthro_NOx_2005-2100_27424.nc
hemco	exact	5924881	/input/HEMCO/RCP/v2020-07/RCP_3PD/RCPs_anthro_NOx_2005-2100_23474.nc
hemco	exact	5900713	/input/HEMCO/RCP/v2020-07/RCP_45/RCPs_anthro_SO2_2005-2100_27424.nc
hemco	exact	5891307	/input/HEMCO/RCP/v2020-07/RCP_85/RCPs_anthro_SO2_2005-2100_43533.nc
hemco	exact	5851286	/input/HEMCO/RCP/v2020-07/RCP_85/RCPs_anthro_CO_2005-2100_43533.nc
hemco	exact	5811213	/input/HEMCO/RCP/v2020-07/RCP_45/RCPs_anthro_CH4_2005-2100_27424.nc
hemco	exact	5777382	/input/HEMCO/RCP/v2020-07/RCP_3PD/RCPs_anthro_CO_2005-2100_23474.nc
hemco	exact	5776580	/input/HEMCO/RCP/v2020-07/RCP_85/RCPs_anthro_toluene_2005-2100_43533_kgC.nc
hemco	exact	5776238	/input/HEMCO/RCP/v2020-07/RCP_85/RCPs_anthro_hexanes_and_higher_alkanes_2005-2100_43533_kgC.nc
hemco	exact	5775281	/input/HEMCO/RCP/v2020-07/RCP_85/RCPs_anthro_benzene_2005-2100_43533_kgC.nc
hemco	exact	5774421	/input/HEMCO/RCP/v2020-07/RCP_60/RCPs_anthro_SO2_2005-2100_43190.nc
hemco	exact	5773937	/input/HEMCO/RCP/v2020-07/RCP_85/RCPs_anthro_ethene_2005-2100_43533_kgC.nc
hemco	exact	5770068	/input/HEMCO/RCP/v2020-07/RCP_45/RCPs_anthro_ethene_2005-2100_27424_kgC.nc
hemco	exact	5769054	/input/HEMCO/RCP/v2020-07/RCP_85/RCPs_anthro_xylene_2005-2100_43533_kgC.nc
hemco	exact	5767936	/input/HEMCO/RCP/v2020-07/RCP_45/RCPs_anthro_hexanes_and_higher_alkanes_2005-2100_27424_kgC.nc
hemco	exact	5766682	/input/HEMCO/RCP/v2020-07/RCP_85/RCPs_anthro_propene_2005-2100_43533_kgC.nc
hemco	exact	5759883	/input/HEMCO/RCP/v2020-07/RCP_45/RCPs_anthro_propene_2005-2100_27424_kgC.nc
hemco	exact	5759824	/input/HEMCO/RCP/v2020-07/RCP_3PD/RCPs_anthro_ethene_2005-2100_23474_kgC.nc
hemco	exact	5756996	/input/HEMCO/RCP/v2020-07/RCP_45/RCPs_anthro_benzene_2005-2100_27424_kgC.nc
hemco	exact	5755252	/input/HEMCO/RCP/v2020-07/RCP_3PD/RCPs_anthro_propene_2005-2100_23474_kgC.nc
hemco	exact	5754096	/input/HEMCO/RCP/v2020-07/RCP_60/RCPs_anthro_ethene_2005-2100_43190_kgC.nc
hemco	exact	5752306	/input/HEMCO/RCP/v2020-07/RCP_45/RCPs_anthro_toluene_2005-2100_27424_kgC.nc
hemco	exact	5751732	/input/HEMCO/RCP/v2020-07/RCP_60/RCPs_anthro_propene_2005-2100_43190_kgC.nc
hemco	exact	5750937	/input/HEMCO/RCP/v2020-07/RCP_45/RCPs_anthro_xylene_2005-2100_27424_kgC.nc
hemco	exact	5742543	/input/HEMCO/RCP/v2020-07/RCP_3PD/RCPs_anthro_hexanes_and_higher_alkanes_2005-2100_23474_kgC.nc
hemco	exact	5736145	/input/HEMCO/RCP/v2020-07/RCP_3PD/RCPs_anthro_xylene_2005-2100_23474_kgC.nc
hemco	exact	5733943	/input/HEMCO/RCP/v2020-07/RCP_85/RCPs_anthro_acetylene_2005-2100_43533_kgC.nc
hemco	exact	5730147	/input/HEMCO/RCP/v2020-07/RCP_3PD/RCPs_anthro_toluene_2005-2100_23474_kgC.nc
hemco	exact	5729856	/input/HEMCO/RCP/v2020-07/RCP_3PD/RCPs_anthro_benzene_2005-2100_23474_kgC.nc
hemco	exact	5725479	/input/HEMCO/RCP/v2020-07/RCP_45/RCPs_anthro_CO_2005-2100_27424.nc
hemco	exact	5725355	/input/HEMCO/RCP/v2020-07/RCP_60/RCPs_anthro_benzene_2005-2100_43190_kgC.nc
hemco	exact	5711955	/input/HEMCO/RCP/v2020-07/RCP_45/RCPs_anthro_acetylene_2005-2100_27424_kgC.nc
hemco	exact	5706630	/input/HEMCO/RCP/v2020-07/RCP_60/RCPs_anthro_hexanes_and_higher_alkanes_2005-2100_43190_kgC.nc
hemco	exact	5681244	/input/HEMCO/RCP/v2020-07/RCP_60/RCPs_anthro_toluene_2005-2100_43190_kgC.nc
hemco	exact	5674736	/input/HEMCO/RCP/v2020-07/RCP_3PD/RCPs_anthro_SO2_2005-2100_23474.nc
hemco	exact	5668538	/input/HEMCO/RCP/v2020-07/RCP_3PD/RCPs_anthro_acetylene_2005-2100_23474_kgC.nc
hemco	exact	5656916	/input/HEMCO/RCP/v2020-07/RCP_60/RCPs_anthro_CH4_2005-2100_43190.nc
hemco	exact	5622799	/input/HEMCO/RCP/v2020-07/RCP_60/RCPs_anthro_xylene_2005-2100_43190_kgC.nc
extdata	exact	5621191	/input/HEMCO/MEGAN/v2018-05/CLM4_PFT.geos.025x03125.v201805.nc
hemco	exact	5600423	/input/HEMCO/RCP/v2020-07/RCP_85/RCPs_anthro_OC_2005-2100_43533.nc
hemco	exact	5592696	/input/HEMCO/RCP/v2020-07/RCP_60/RCPs_anthro_acetylene_2005-2100_43190_kgC.nc
hemco	exact	5560903	/input/HEMCO/RCP/v2020-07/RCP_85/RCPs_anthro_BC_2005-2100_43533.nc
hemco	exact	5524276	/input/HEMCO/RCP/v2020-07/RCP_60/RCPs_anthro_OC_2005-2100_43190.nc
hemco	exact	5519049	/input/HEMCO/RCP/v2020-07/RCP_85/RCPs_anthro_CH4_2005-2100_43533.nc
hemco	exact	5487622	/input/HEMCO/EDGARv43/v2016-11/EDGAR_v43.SO2.POW.0.1x0.1.nc
hemco	exact	5484489	/input/HEMCO/EDGARv43/v2016-11/EDGAR_v43.CO.POW.0.1x0.1.nc
hemco	exact	5482906	/input/HEMCO/EDGARv43/v2016-11/EDGAR_v43.NOx.POW.0.1x0.1.nc
hemco	exact	5478955	/input/HEMCO/EDGARv43/v2016-11/EDGAR_v43.OC.POW.0.1x0.1.nc
hemco	exact	5476413	/input/HEMCO/EDGARv43/v2016-11/EDGAR_v43.BC.POW.0.1x0.1.nc
hemco	exact	5475266	/input/HEMCO/EDGARv43/v2016-11/EDGAR_v43.NH3.POW.0.1x0.1.nc
hemco	exact	5466251	/input/HEMCO/RCP/v2020-07/RCP_45/RCPs_anthro_OC_2005-2100_27424.nc
hemco	exact	5462440	/input/HEMCO/RCP/v2020-07/RCP_60/RCPs_anthro_BC_2005-2100_43190.nc
hemco	exact	5433032	/input/HEMCO/RCP/v2020-07/RCP_60/RCPs_anthro_CO_2005-2100_43190.nc
hemco	exact	5416951	/input/HEMCO/RCP/v2020-07/RCP_3PD/RCPs_anthro_OC_2005-2100_23474.nc
hemco	exact	5389230	/input/HEMCO/RCP/v2020-07/RCP_45/RCPs_anthro_BC_2005-2100_27424.nc
hemco	exact	5379335	/input/HEMCO/RCP/v2020-07/RCP_3PD/RCPs_anthro_BC_2005-2100_23474.nc
hemco	exact	5157371	/input/HEMCO/EDGARv43/v2016-11/EDGAR_v43.BC.SWD.0.1x0.1.nc
hemco	exact	5068846	/input/HEMCO/EDGARv43/v2016-11/EDGAR_v43.NOx.SWD.0.1x0.1.nc
hemco	exact	4881949	/input/HEMCO/EDGARv43/v2016-11/EDGAR_v43.OC.SWD.0.1x0.1.nc
hemco	exact	4878869	/input/HEMCO/EDGARv43/v2016-11/EDGAR_v43.CO.SWD.0.1x0.1.nc
hemco	exact	4877105	/input/HEMCO/EDGARv43/v2016-11/EDGAR_v43.SO2.SWD.0.1x0.1.nc
extdata	exact	4278836	/input/HEMCO/TIMEZONES/v2024-02/timezones_vohra_2017_0.1x0.1.nc
hemco	exact	4238105	/input/HEMCO/NEI2016/v2021-06/2016fh_16j_emln_othpt_0pt1degree_month_07.ncf
extdata	exact	4236855	/input/HEMCO/SOILNOX/v2014-07/DepReservoirDefault.nc
hemco	exact	4190187	/input/HEMCO/NEI2016/v2021-06/2016fh_16j_othafdust_adj_0pt1degree_month_07.ncf
hemco	exact	4051841	/input/HEMCO/RCP/v2020-07/RCP_3PD/RCPs_anthro_CH4_2005-2100_23474.nc
hemco	exact	4033844	/input/HEMCO/NEI2016/v2021-06/2016fh_16j_np_oilgas_0pt1degree_month_07.ncf
extdata	exact	3851783	/input/HEMCO/RRTMG/v2018-11/modis_surf_albedo.2x25.nc
extdata	fileyear->2014	3189176	/input/HEMCO/CMIP6/v2020-03/2x2.5/CMIP6_GHG_surface_VMR_2014.2x25.nc
extdata	exact	3131548	/input/HEMCO/DMS/v2015-07/DMS_lana.geos.1x1.nc
extdata	exact	3091165	/input/HEMCO/AFCID/v2018-04/PM25FINE_MEIC_2012.generic.025x025.nc
hemco	exact	2690087	/input/HEMCO/NEI2016/v2021-06/2016fh_16j_onroad_mex_0pt1degree_month_07.ncf
hemco	exact	2641015	/input/HEMCO/RCP/v2020-07/RCP_60/RCPs_anthro_NH3_2005-2100_43190.nc
hemco	exact	2615802	/input/HEMCO/RCP/v2020-07/RCP_85/RCPs_anthro_NH3_2005-2100_43533.nc
hemco	exact	2611377	/input/HEMCO/RCP/v2020-07/RCP_45/RCPs_anthro_NH3_2005-2100_27424.nc
extdata	exact	2609595	/input/HEMCO/GFED4/v2023-03/2019/GFED4_3hrfrac_gen.025x025.201907.nc
extdata	exact	2599273	/input/HEMCO/GFED4/v2023-03/2019/GFED4_dailyfrac_gen.025x025.201907.nc
hemco	exact	2550604	/input/HEMCO/RCP/v2020-07/RCP_85/RCPs_anthro_ethane_2005-2100_43533_kgC.nc
hemco	exact	2546985	/input/HEMCO/RCP/v2020-07/RCP_85/RCPs_anthro_propane_2005-2100_43533_kgC.nc
hemco	exact	2543359	/input/HEMCO/RCP/v2020-07/RCP_60/RCPs_anthro_ethane_2005-2100_43190_kgC.nc
hemco	exact	2542659	/input/HEMCO/RCP/v2020-07/RCP_45/RCPs_anthro_ethane_2005-2100_27424_kgC.nc
hemco	exact	2541672	/input/HEMCO/RCP/v2020-07/RCP_85/RCPs_anthro_butanes_2005-2100_43533_kgC.nc
hemco	exact	2540051	/input/HEMCO/RCP/v2020-07/RCP_60/RCPs_anthro_propane_2005-2100_43190_kgC.nc
hemco	exact	2537235	/input/HEMCO/RCP/v2020-07/RCP_45/RCPs_anthro_propane_2005-2100_27424_kgC.nc
hemco	exact	2536939	/input/HEMCO/RCP/v2020-07/RCP_85/RCPs_anthro_pentanes_2005-2100_43533_kgC.nc
hemco	exact	2536056	/input/HEMCO/RCP/v2020-07/RCP_60/RCPs_anthro_butanes_2005-2100_43190_kgC.nc
hemco	exact	2533298	/input/HEMCO/RCP/v2020-07/RCP_45/RCPs_anthro_butanes_2005-2100_27424_kgC.nc
hemco	exact	2529892	/input/HEMCO/RCP/v2020-07/RCP_60/RCPs_anthro_pentanes_2005-2100_43190_kgC.nc
hemco	exact	2528005	/input/HEMCO/RCP/v2020-07/RCP_45/RCPs_anthro_pentanes_2005-2100_27424_kgC.nc
hemco	exact	2523458	/input/HEMCO/RCP/v2020-07/RCP_3PD/RCPs_anthro_NH3_2005-2100_23474.nc
hemco	exact	2517615	/input/HEMCO/RCP/v2020-07/RCP_3PD/RCPs_anthro_ethane_2005-2100_23474_kgC.nc
hemco	exact	2510500	/input/HEMCO/RCP/v2020-07/RCP_3PD/RCPs_anthro_propane_2005-2100_23474_kgC.nc
hemco	exact	2506693	/input/HEMCO/RCP/v2020-07/RCP_3PD/RCPs_anthro_butanes_2005-2100_23474_kgC.nc
hemco	exact	2501466	/input/HEMCO/RCP/v2020-07/RCP_3PD/RCPs_anthro_pentanes_2005-2100_23474_kgC.nc
extdata	exact	2490983	/input/HEMCO/IODINE/v2020-02/CH3I_monthly_emissions_Ordonez_2012_COARDS.nc
hemco	exact	2423137	/input/HEMCO/RCP/v2020-07/RCP_85/RCPs_anthro_total_ketones_2005-2100_43533_kgC.nc
hemco	exact	2420761	/input/HEMCO/RCP/v2020-07/RCP_85/RCPs_anthro_other_aldehydes_2005-2100_43533_kgC.nc
hemco	exact	2418222	/input/HEMCO/RCP/v2020-07/RCP_85/RCPs_anthro_formaldehyde_2005-2100_43533.nc
hemco	exact	2414866	/input/HEMCO/RCP/v2020-07/RCP_60/RCPs_anthro_other_aldehydes_2005-2100_43190_kgC.nc
hemco	exact	2412251	/input/HEMCO/RCP/v2020-07/RCP_60/RCPs_anthro_total_ketones_2005-2100_43190_kgC.nc
hemco	exact	2411653	/input/HEMCO/RCP/v2020-07/RCP_60/RCPs_anthro_formaldehyde_2005-2100_43190.nc
hemco	exact	2410633	/input/HEMCO/RCP/v2020-07/RCP_45/RCPs_anthro_other_aldehydes_2005-2100_27424_kgC.nc
hemco	exact	2409697	/input/HEMCO/RCP/v2020-07/RCP_45/RCPs_anthro_formaldehyde_2005-2100_27424.nc
hemco	exact	2409505	/input/HEMCO/RCP/v2020-07/RCP_45/RCPs_anthro_total_ketones_2005-2100_27424_kgC.nc
hemco	exact	2383834	/input/HEMCO/RCP/v2020-07/RCP_3PD/RCPs_anthro_total_ketones_2005-2100_23474_kgC.nc
hemco	exact	2383499	/input/HEMCO/RCP/v2020-07/RCP_3PD/RCPs_anthro_other_aldehydes_2005-2100_23474_kgC.nc
hemco	exact	2381536	/input/HEMCO/RCP/v2020-07/RCP_3PD/RCPs_anthro_formaldehyde_2005-2100_23474.nc
hemco	exact	2369361	/input/HEMCO/RCP/v2020-07/RCP_85/RCPs_anthro_total_acids_2005-2100_43533.nc
hemco	exact	2342302	/input/HEMCO/RCP/v2020-07/RCP_45/RCPs_anthro_total_acids_2005-2100_27424.nc
hemco	exact	2328513	/input/HEMCO/RCP/v2020-07/RCP_60/RCPs_anthro_total_acids_2005-2100_43190.nc
hemco	exact	2315286	/input/HEMCO/RCP/v2020-07/RCP_3PD/RCPs_anthro_total_acids_2005-2100_23474.nc
hemco	exact	1972114	/input/HEMCO/NEI2016/v2021-06/2016fh_16j_othptdust_adj_0pt1degree_month_07.ncf
extdata	exact	1836858	/input/HEMCO/DustL23M/v2025-07/roughness/Surf_roughness_min_rocks_1997.nc4
hemco	exact	1811159	/input/HEMCO/NEI2016/v2021-06/2016fh_16j_onroad_ca_adj_0pt1degree_month_07.ncf
extdata	exact	1651265	/input/HEMCO/AnnualScalar/v2014-07/AnnualScalar.geos.1x1.nc
hemco	exact	1445640	/input/HEMCO/EDGARv43/v2016-11/EDGAR_v43.OC.FFF.0.1x0.1.nc
hemco	exact	1444823	/input/HEMCO/EDGARv43/v2016-11/EDGAR_v43.BC.FFF.0.1x0.1.nc
hemco	exact	1443841	/input/HEMCO/EDGARv43/v2016-11/EDGAR_v43.CO.FFF.0.1x0.1.nc
hemco	exact	1442957	/input/HEMCO/EDGARv43/v2016-11/EDGAR_v43.SO2.FFF.0.1x0.1.nc
hemco	exact	1440780	/input/HEMCO/EDGARv43/v2016-11/EDGAR_v43.NOx.FFF.0.1x0.1.nc
hemco	exact	1307196	/input/HEMCO/EDGARv42/v2015-02/VOCv2/EDGAR2_1985_FF_IND.1x1geos.nc
extdata	exact	1264618	/input/HEMCO/EDGARv43/v2016-11/EDGAR_v43.Seasonal.1x1.nc
extdata	exact	1062082	/input/HEMCO/EDGARv42/v2015-02/NO/EDGAR_hourly_NOxScal.nc
extdata	exact	985488	/input/HEMCO/MASKS/v2018-09/CONUS_Mask.01x01.nc
extdata	exact	809084	/input/GEOS_0.5x0.625/MERRA2/2015/01/MERRA2.20150101.CN.05x0625.nc4
extdata	exact	804541	/input/HEMCO/AFCID/v2018-04/PM25FINE_IITB_2013.generic.025x025.nc
hemco	exact	801152	/input/HEMCO/QFED/v2018-07/2019/07/qfed2.emis_co2.006.20190702.nc4
hemco	exact	800831	/input/HEMCO/QFED/v2018-07/2019/07/qfed2.emis_co.006.20190702.nc4
hemco	exact	800174	/input/HEMCO/QFED/v2018-07/2019/07/qfed2.emis_oc.006.20190702.nc4
extdata	exact	799938	/input/HEMCO/NH3/v2019-08/NH3_geos.2x25.nc
hemco	exact	799786	/input/HEMCO/QFED/v2018-07/2019/07/qfed2.emis_no.006.20190702.nc4
hemco	exact	799543	/input/HEMCO/QFED/v2018-07/2019/07/qfed2.emis_bc.006.20190702.nc4
hemco	exact	799528	/input/HEMCO/QFED/v2018-07/2019/07/qfed2.emis_nh3.006.20190702.nc4
hemco	exact	799521	/input/HEMCO/QFED/v2018-07/2019/07/qfed2.emis_ch4.006.20190702.nc4
hemco	exact	799423	/input/HEMCO/QFED/v2018-07/2019/07/qfed2.emis_ch2o.006.20190702.nc4
hemco	exact	799207	/input/HEMCO/QFED/v2018-07/2019/07/qfed2.emis_c3h6.006.20190702.nc4
hemco	exact	799189	/input/HEMCO/QFED/v2018-07/2019/07/qfed2.emis_acet.006.20190702.nc4
hemco	exact	799189	/input/HEMCO/QFED/v2018-07/2019/07/qfed2.emis_mek.006.20190702.nc4
hemco	exact	799173	/input/HEMCO/QFED/v2018-07/2019/07/qfed2.emis_so2.006.20190702.nc4
hemco	exact	799158	/input/HEMCO/QFED/v2018-07/2019/07/qfed2.emis_c2h6.006.20190702.nc4
hemco	exact	799077	/input/HEMCO/QFED/v2018-07/2019/07/qfed2.emis_ald2.006.20190702.nc4
hemco	exact	798845	/input/HEMCO/QFED/v2018-07/2019/07/qfed2.emis_c3h8.006.20190702.nc4
hemco	exact	798505	/input/HEMCO/QFED/v2018-07/2019/07/qfed2.emis_alk4.006.20190702.nc4
extdata	exact	787769	/input/HEMCO/SOILNOX/v2014-07/soilNOx.landtype.generic.025x025.1L.nc
hemco	exact	785680	/input/HEMCO/QFED/v2018-07/2019/07/qfed2.emis_co2.006.20190701.nc4
hemco	exact	785423	/input/HEMCO/QFED/v2018-07/2019/07/qfed2.emis_co.006.20190701.nc4
hemco	exact	785042	/input/HEMCO/QFED/v2018-07/2019/07/qfed2.emis_oc.006.20190701.nc4
hemco	exact	784754	/input/HEMCO/QFED/v2018-07/2019/07/qfed2.emis_ch4.006.20190701.nc4
hemco	exact	784600	/input/HEMCO/QFED/v2018-07/2019/07/qfed2.emis_nh3.006.20190701.nc4
hemco	exact	784561	/input/HEMCO/QFED/v2018-07/2019/07/qfed2.emis_no.006.20190701.nc4
hemco	exact	784422	/input/HEMCO/QFED/v2018-07/2019/07/qfed2.emis_so2.006.20190701.nc4
hemco	exact	784318	/input/HEMCO/QFED/v2018-07/2019/07/qfed2.emis_bc.006.20190701.nc4
hemco	exact	784155	/input/HEMCO/QFED/v2018-07/2019/07/qfed2.emis_ald2.006.20190701.nc4
hemco	exact	784083	/input/HEMCO/QFED/v2018-07/2019/07/qfed2.emis_ch2o.006.20190701.nc4
hemco	exact	784079	/input/HEMCO/QFED/v2018-07/2019/07/qfed2.emis_acet.006.20190701.nc4
hemco	exact	784003	/input/HEMCO/QFED/v2018-07/2019/07/qfed2.emis_mek.006.20190701.nc4
hemco	exact	783995	/input/HEMCO/QFED/v2018-07/2019/07/qfed2.emis_c2h6.006.20190701.nc4
hemco	exact	783888	/input/HEMCO/QFED/v2018-07/2019/07/qfed2.emis_c3h6.006.20190701.nc4
hemco	exact	783606	/input/HEMCO/QFED/v2018-07/2019/07/qfed2.emis_c3h8.006.20190701.nc4
hemco	exact	783286	/input/HEMCO/QFED/v2018-07/2019/07/qfed2.emis_alk4.006.20190701.nc4
extdata	exact	721151	/input/HEMCO/OFFLINE_DUST/v2025-03/0.5x0.625/MERRA2/2019/07/dust_emissions_05.MERRA2.20190702.nc
extdata	exact	711763	/input/HEMCO/OFFLINE_DUST/v2025-03/0.5x0.625/MERRA2/2019/07/dust_emissions_05.MERRA2.20190701.nc
extdata	exact	694958	/input/HEMCO/IODINE/v2020-02/CH2I2_monthly_emissions_Ordonez_2012_COARDS.nc
extdata	exact	677812	/input/HEMCO/IODINE/v2020-02/CH2IBr_monthly_emissions_Ordonez_2012_COARDS.nc
extdata	exact	649519	/input/HEMCO/IODINE/v2020-02/CH2ICl_monthly_emissions_Ordonez_2012_COARDS.nc
extdata	exact	647018	/input/HEMCO/AFCID/v2018-04/PM25FINE_ECLIPSE_2015.geos.2x25.nc
extdata	exact	631762	/input/HEMCO/GFED4/v2023-03/2019/GFED4_gen.025x025.201907.nc
extdata	exact	418886	/input/HEMCO/GEIA/v2014-07/GEIA_monthscal.generic.1x1.nc
extdata	exact	328887	/input/HEMCO/ALD2/v2017-03/ALD2_seawater.geos.2x25.nc
extdata	exact	310136	/input/HEMCO/UVALBEDO/v2019-06/uvalbedo.geos.2x25.nc
extdata	exact	278902	/input/HEMCO/DUST_DEAD/v2019-06/dst_tvbds.geos.2x25.nc
extdata	exact	249435	/input/HEMCO/BIOFUEL/v2019-08/biofuel.geos.2x25.nc
extdata	exact	216931	/input/HEMCO/RRTMG/v2018-11/species_clim_profiles.2x25.nc
extdata	exact	193387	/input/HEMCO/ALD2/v2017-03/resp.geos.2x25.nc
extdata	exact	191150	/input/CHEM_INPUTS/Olson_Land_Map_201203/Olson_2001_Land_Map.025x025.generic.nc
extdata	exact	187792	/input/HEMCO/XIAO/v2014-09/C3H8_C2H6_ngas.geos.1x1.nc
extdata	exact	187025	/input/HEMCO/DustL23M/v2025-07/poros/MERRA2.const_2d_lnd_Nx.poros.nc4
hemco	exact	170097	/input/HEMCO/LIGHTNOX/v2014-07/light_dist.ott2010.dat
extdata	exact	142316	/input/HEMCO/DUST_DEAD/v2019-06/dst_tibds.geos.2x25.nc
extdata	exact	93445	/input/HEMCO/C2H6_2010/v2019-06/C2H6_global_anth_biof.201007.2x25.nc
extdata	exact	74201	/input/HEMCO/SfcFix/v2019-12/surface_VMR_H2.2x25.nc
extdata	exact	73983	/input/HEMCO/SfcFix/v2019-12/surface_VMR_OCS.2x25.nc
extdata	exact	73524	/input/HEMCO/SOILNOX/v2014-07/soilNOx.climate.generic.05x05.nc
extdata	exact	62830	/input/HEMCO/DustL23M/v2025-07/scale/DustL23_scale_025x03125_scaleSAv2.nc4
extdata	exact	58637	/input/HEMCO/BROMINE/v2015-02/BromoCarb_Season.nc
extdata	exact	48367	/input/HEMCO/RONO2/v2019-05/RONO2_seawater.geos.2x25.nc
extdata	exact	47951	/input/HEMCO/ACET/v2014-07/ACET_seawater.generic.1x1.nc
extdata	exact	44240	/input/HEMCO/DUST_DEAD/v2019-06/GOCART_src_fn.geos.2x25.nc
extdata	exact	39470	/input/HEMCO/VerticalScaleFactors/v2021-05/gc_layers.nc
extdata	exact	34081	/input/HEMCO/POET/v2017-03/POET_EOH.geos.2x25.nc
hemco	exact	33280	/input/HEMCO/PARANOX/v2015-02
extdata	exact	27639	/input/HEMCO/BROMINE/v2015-02/Bromocarb_Liang2010.nc
extdata	exact	27034	/input/HEMCO/MOH/v2019-12/MOH_seawater.low.kgCm3.generic.1x1.nc
extdata	exact	23172	/input/HEMCO/MASKS/v2018-09/Canada_mask.geos.1x1.nc
extdata	exact	22951	/input/HEMCO/MASKS/v2018-09/China_mask.generic.1x1.nc
extdata	exact	22729	/input/HEMCO/MASKS/v2019-05/India_mask.generic.1x1.nc
extdata	exact	22670	/input/HEMCO/MASKS/v2018-09/AF_LANDMASK.geos.05x0666.global.nc
hemco	exact	3959	/input/HEMCO/VOLCANO/v2024-04/so2_volcanic_emissions_CARN_v202401.degassing_only.rc
hemco	exact	3959	/input/HEMCO/VOLCANO/v2024-04/2019/07/so2_volcanic_emissions_Carns.20190701.rc
hemco	exact	3959	/input/HEMCO/VOLCANO/v2024-04/2019/07/so2_volcanic_emissions_Carns.20190702.rc
