# lith prefetch trace; block_size=8388608 max_readahead=223 parts_max=67108864 small_file=4194304 coverage_window=16 coverage_min=0.5 evidence_ratio=0
fh,pid,key,off,len,blk,gap,path,state_before,state_after,window,dispatched,peak_window
1,448387,HEMCO/AEIC/v2015-01/AEIC.nc,0,131072,0,0,window,cold,cold,0,0,0
1,448387,HEMCO/AEIC/v2015-01/AEIC.nc,7340032,65536,0,7208960,window,cold,cold,0,0,0
1,448387,HEMCO/AEIC/v2015-01/AEIC.nc,14680064,65536,1,7274496,window,cold,cold,0,0,0
1,448387,HEMCO/AEIC/v2015-01/AEIC.nc,22020096,65536,2,7274496,window,cold,cold,0,0,0
1,448387,HEMCO/AEIC/v2015-01/AEIC.nc,29360128,65536,3,7274496,window,cold,cold,0,0,0
1,448387,HEMCO/AEIC/v2015-01/AEIC.nc,36700160,65536,4,7274496,window,cold,cold,0,0,0
1,448387,HEMCO/AEIC/v2015-01/AEIC.nc,44040192,65536,5,7274496,window,cold,cold,0,0,0
1,448387,HEMCO/AEIC/v2015-01/AEIC.nc,51380224,65536,6,7274496,window,cold,cold,0,0,0
1,448387,HEMCO/AEIC/v2015-01/AEIC.nc,58720256,65536,7,7274496,window,cold,cold,0,0,0
1,448387,HEMCO/AEIC/v2015-01/AEIC.nc,66060288,65536,7,7274496,window,cold,cold,0,0,0
1,448387,HEMCO/AEIC/v2015-01/AEIC.nc,73400320,65536,8,7274496,window,cold,cold,0,0,0
1,448387,HEMCO/AEIC/v2015-01/AEIC.nc,80740352,65536,9,7274496,window,cold,cold,0,0,0
1,448387,HEMCO/AEIC/v2015-01/AEIC.nc,88080384,65536,10,7274496,window,cold,cold,0,0,0
1,448387,HEMCO/AEIC/v2015-01/AEIC.nc,95420416,65536,11,7274496,window,cold,cold,0,0,0
1,448387,HEMCO/AEIC/v2015-01/AEIC.nc,102760448,65536,12,7274496,window,cold,cold,0,0,0
1,448387,HEMCO/AEIC/v2015-01/AEIC.nc,110100480,65536,13,7274496,window,cold,cold,0,0,0
1,448387,HEMCO/AEIC/v2015-01/AEIC.nc,5636096,65536,0,-104529920,window,cold,random,0,0,0
1,448387,HEMCO/AEIC/v2015-01/AEIC.nc,12976128,65536,1,7274496,window,random,random,0,0,0
1,448387,HEMCO/AEIC/v2015-01/AEIC.nc,20316160,65536,2,7274496,window,random,random,0,0,0
1,448387,HEMCO/AEIC/v2015-01/AEIC.nc,27656192,65536,3,7274496,window,random,random,0,0,0
1,448387,HEMCO/AEIC/v2015-01/AEIC.nc,34996224,65536,4,7274496,window,random,random,0,0,0
1,448387,HEMCO/AEIC/v2015-01/AEIC.nc,42336256,65536,5,7274496,window,random,random,0,0,0
1,448387,HEMCO/AEIC/v2015-01/AEIC.nc,49676288,65536,5,7274496,window,random,random,0,0,0
1,448387,HEMCO/AEIC/v2015-01/AEIC.nc,57016320,65536,6,7274496,window,random,random,0,0,0
1,448387,HEMCO/AEIC/v2015-01/AEIC.nc,64356352,65536,7,7274496,window,random,random,0,0,0
1,448387,HEMCO/AEIC/v2015-01/AEIC.nc,71696384,65536,8,7274496,window,random,random,0,0,0
1,448387,HEMCO/AEIC/v2015-01/AEIC.nc,79036416,65536,9,7274496,window,random,random,0,0,0
1,448387,HEMCO/AEIC/v2015-01/AEIC.nc,86376448,65536,10,7274496,window,random,random,0,0,0
1,448387,HEMCO/AEIC/v2015-01/AEIC.nc,93716480,65536,11,7274496,window,random,random,0,0,0
1,448387,HEMCO/AEIC/v2015-01/AEIC.nc,101056512,65536,12,7274496,window,random,random,0,0,0
1,448387,HEMCO/AEIC/v2015-01/AEIC.nc,108396544,65536,12,7274496,window,random,random,0,0,0
1,448387,HEMCO/AEIC/v2015-01/AEIC.nc,3997696,65536,0,-104464384,window,random,random,0,0,0
1,448387,HEMCO/AEIC/v2015-01/AEIC.nc,11337728,65536,1,7274496,window,random,random,0,0,0
1,448387,HEMCO/AEIC/v2015-01/AEIC.nc,18677760,65536,2,7274496,window,random,random,0,0,0
1,448387,HEMCO/AEIC/v2015-01/AEIC.nc,26017792,65536,3,7274496,window,random,random,0,0,0
1,448387,HEMCO/AEIC/v2015-01/AEIC.nc,33357824,65536,3,7274496,window,random,random,0,0,0
1,448387,HEMCO/AEIC/v2015-01/AEIC.nc,40697856,65536,4,7274496,window,random,random,0,0,0
1,448387,HEMCO/AEIC/v2015-01/AEIC.nc,48037888,65536,5,7274496,window,random,random,0,0,0
1,448387,HEMCO/AEIC/v2015-01/AEIC.nc,55377920,65536,6,7274496,window,random,random,0,0,0
1,448387,HEMCO/AEIC/v2015-01/AEIC.nc,62717952,65536,7,7274496,window,random,random,0,0,0
1,448387,HEMCO/AEIC/v2015-01/AEIC.nc,70057984,65536,8,7274496,window,random,random,0,0,0
1,448387,HEMCO/AEIC/v2015-01/AEIC.nc,77398016,65536,9,7274496,window,random,random,0,0,0
1,448387,HEMCO/AEIC/v2015-01/AEIC.nc,84738048,65536,10,7274496,window,random,random,0,0,0
1,448387,HEMCO/AEIC/v2015-01/AEIC.nc,92078080,65536,10,7274496,window,random,random,0,0,0
1,448387,HEMCO/AEIC/v2015-01/AEIC.nc,99418112,65536,11,7274496,window,random,random,0,0,0
1,448387,HEMCO/AEIC/v2015-01/AEIC.nc,106758144,65536,12,7274496,window,random,random,0,0,0
1,448387,HEMCO/AEIC/v2015-01/AEIC.nc,2359296,65536,0,-104464384,window,random,random,0,0,0
1,448387,HEMCO/AEIC/v2015-01/AEIC.nc,9699328,65536,1,7274496,window,random,random,0,0,0
1,448387,HEMCO/AEIC/v2015-01/AEIC.nc,17039360,65536,2,7274496,window,random,random,0,0,0
1,448387,HEMCO/AEIC/v2015-01/AEIC.nc,24379392,65536,2,7274496,window,random,random,0,0,0
1,448387,HEMCO/AEIC/v2015-01/AEIC.nc,31719424,65536,3,7274496,window,random,random,0,0,0
1,448387,HEMCO/AEIC/v2015-01/AEIC.nc,39059456,65536,4,7274496,window,random,random,0,0,0
1,448387,HEMCO/AEIC/v2015-01/AEIC.nc,46399488,65536,5,7274496,window,random,random,0,0,0
1,448387,HEMCO/AEIC/v2015-01/AEIC.nc,53739520,65536,6,7274496,window,random,random,0,0,0
1,448387,HEMCO/AEIC/v2015-01/AEIC.nc,61079552,65536,7,7274496,window,random,random,0,0,0
1,448387,HEMCO/AEIC/v2015-01/AEIC.nc,68419584,65536,8,7274496,window,random,random,0,0,0
1,448387,HEMCO/AEIC/v2015-01/AEIC.nc,75759616,65536,9,7274496,window,random,random,0,0,0
1,448387,HEMCO/AEIC/v2015-01/AEIC.nc,83099648,65536,9,7274496,window,random,random,0,0,0
1,448387,HEMCO/AEIC/v2015-01/AEIC.nc,90439680,65536,10,7274496,window,random,random,0,0,0
1,448387,HEMCO/AEIC/v2015-01/AEIC.nc,97779712,65536,11,7274496,window,random,random,0,0,0
1,448387,HEMCO/AEIC/v2015-01/AEIC.nc,105119744,65536,12,7274496,window,random,random,0,0,0
1,448387,HEMCO/AEIC/v2015-01/AEIC.nc,720896,65536,0,-104464384,window,random,random,0,0,0
1,448387,HEMCO/AEIC/v2015-01/AEIC.nc,8060928,65536,0,7274496,window,random,random,0,0,0
1,448387,HEMCO/AEIC/v2015-01/AEIC.nc,15400960,65536,1,7274496,window,random,random,0,0,0
1,448387,HEMCO/AEIC/v2015-01/AEIC.nc,22740992,65536,2,7274496,window,random,random,0,0,0
1,448387,HEMCO/AEIC/v2015-01/AEIC.nc,30081024,65536,3,7274496,window,random,random,0,0,0
1,448387,HEMCO/AEIC/v2015-01/AEIC.nc,37421056,65536,4,7274496,window,random,random,0,0,0
1,448387,HEMCO/AEIC/v2015-01/AEIC.nc,44761088,65536,5,7274496,window,random,random,0,0,0
1,448387,HEMCO/AEIC/v2015-01/AEIC.nc,52101120,65536,6,7274496,window,random,random,0,0,0
1,448387,HEMCO/AEIC/v2015-01/AEIC.nc,59441152,65536,7,7274496,window,random,random,0,0,0
1,448387,HEMCO/AEIC/v2015-01/AEIC.nc,66781184,65536,7,7274496,window,random,random,0,0,0
1,448387,HEMCO/AEIC/v2015-01/AEIC.nc,74121216,65536,8,7274496,window,random,random,0,0,0
1,448387,HEMCO/AEIC/v2015-01/AEIC.nc,81461248,65536,9,7274496,window,random,random,0,0,0
1,448387,HEMCO/AEIC/v2015-01/AEIC.nc,88801280,65536,10,7274496,window,random,random,0,0,0
1,448387,HEMCO/AEIC/v2015-01/AEIC.nc,96141312,65536,11,7274496,window,random,random,0,0,0
1,448387,HEMCO/AEIC/v2015-01/AEIC.nc,103481344,65536,12,7274496,window,random,random,0,0,0
1,448387,HEMCO/AEIC/v2015-01/AEIC.nc,110821376,65536,13,7274496,window,random,random,0,0,0
1,448387,HEMCO/AEIC/v2015-01/AEIC.nc,6422528,65536,0,-104464384,window,random,random,0,0,0
1,448387,HEMCO/AEIC/v2015-01/AEIC.nc,13762560,65536,1,7274496,window,random,random,0,0,0
1,448387,HEMCO/AEIC/v2015-01/AEIC.nc,21102592,65536,2,7274496,window,random,random,0,0,0
1,448387,HEMCO/AEIC/v2015-01/AEIC.nc,28442624,65536,3,7274496,window,random,random,0,0,0
1,448387,HEMCO/AEIC/v2015-01/AEIC.nc,35782656,65536,4,7274496,window,random,random,0,0,0
1,448387,HEMCO/AEIC/v2015-01/AEIC.nc,43122688,65536,5,7274496,window,random,random,0,0,0
1,448387,HEMCO/AEIC/v2015-01/AEIC.nc,50462720,65536,6,7274496,window,random,random,0,0,0
1,448387,HEMCO/AEIC/v2015-01/AEIC.nc,57802752,65536,6,7274496,window,random,random,0,0,0
1,448387,HEMCO/AEIC/v2015-01/AEIC.nc,65142784,65536,7,7274496,window,random,random,0,0,0
1,448387,HEMCO/AEIC/v2015-01/AEIC.nc,72482816,65536,8,7274496,window,random,random,0,0,0
1,448387,HEMCO/AEIC/v2015-01/AEIC.nc,79822848,65536,9,7274496,window,random,random,0,0,0
1,448387,HEMCO/AEIC/v2015-01/AEIC.nc,87162880,65536,10,7274496,window,random,random,0,0,0
1,448387,HEMCO/AEIC/v2015-01/AEIC.nc,94502912,65536,11,7274496,window,random,random,0,0,0
1,448387,HEMCO/AEIC/v2015-01/AEIC.nc,101842944,65536,12,7274496,window,random,random,0,0,0
1,448387,HEMCO/AEIC/v2015-01/AEIC.nc,109182976,65536,13,7274496,window,random,random,0,0,0
1,448387,HEMCO/AEIC/v2015-01/AEIC.nc,4784128,65536,0,-104464384,window,random,random,0,0,0
1,448387,HEMCO/AEIC/v2015-01/AEIC.nc,12124160,65536,1,7274496,window,random,random,0,0,0
1,448387,HEMCO/AEIC/v2015-01/AEIC.nc,19464192,65536,2,7274496,window,random,random,0,0,0
1,448387,HEMCO/AEIC/v2015-01/AEIC.nc,26804224,65536,3,7274496,window,random,random,0,0,0
1,448387,HEMCO/AEIC/v2015-01/AEIC.nc,34144256,65536,4,7274496,window,random,random,0,0,0
1,448387,HEMCO/AEIC/v2015-01/AEIC.nc,41484288,65536,4,7274496,window,random,random,0,0,0
1,448387,HEMCO/AEIC/v2015-01/AEIC.nc,48824320,65536,5,7274496,window,random,random,0,0,0
1,448387,HEMCO/AEIC/v2015-01/AEIC.nc,56164352,65536,6,7274496,window,random,random,0,0,0
1,448387,HEMCO/AEIC/v2015-01/AEIC.nc,63504384,65536,7,7274496,window,random,random,0,0,0
1,448387,HEMCO/AEIC/v2015-01/AEIC.nc,70844416,65536,8,7274496,window,random,random,0,0,0
1,448387,HEMCO/AEIC/v2015-01/AEIC.nc,78184448,65536,9,7274496,window,random,random,0,0,0
1,448387,HEMCO/AEIC/v2015-01/AEIC.nc,85524480,65536,10,7274496,window,random,random,0,0,0
1,448387,HEMCO/AEIC/v2015-01/AEIC.nc,92864512,65536,11,7274496,window,random,random,0,0,0
1,448387,HEMCO/AEIC/v2015-01/AEIC.nc,100204544,65536,11,7274496,window,random,random,0,0,0
1,448387,HEMCO/AEIC/v2015-01/AEIC.nc,107544576,65536,12,7274496,window,random,random,0,0,0
1,448387,HEMCO/AEIC/v2015-01/AEIC.nc,3145728,65536,0,-104464384,window,random,random,0,0,0
1,448387,HEMCO/AEIC/v2015-01/AEIC.nc,10485760,65536,1,7274496,window,random,random,0,0,0
1,448387,HEMCO/AEIC/v2015-01/AEIC.nc,17825792,65536,2,7274496,window,random,random,0,0,0
1,448387,HEMCO/AEIC/v2015-01/AEIC.nc,25165824,65536,3,7274496,window,random,random,0,0,0
1,448387,HEMCO/AEIC/v2015-01/AEIC.nc,32505856,65536,3,7274496,window,random,random,0,0,0
1,448387,HEMCO/AEIC/v2015-01/AEIC.nc,39845888,65536,4,7274496,window,random,random,0,0,0
1,448387,HEMCO/AEIC/v2015-01/AEIC.nc,47185920,65536,5,7274496,window,random,random,0,0,0
1,448387,HEMCO/AEIC/v2015-01/AEIC.nc,54525952,65536,6,7274496,window,random,random,0,0,0
1,448387,HEMCO/AEIC/v2015-01/AEIC.nc,61865984,65536,7,7274496,window,random,random,0,0,0
1,448387,HEMCO/AEIC/v2015-01/AEIC.nc,69206016,65536,8,7274496,window,random,random,0,0,0
1,448387,HEMCO/AEIC/v2015-01/AEIC.nc,76546048,65536,9,7274496,window,random,random,0,0,0
1,448387,HEMCO/AEIC/v2015-01/AEIC.nc,83886080,65536,10,7274496,window,random,random,0,0,0
1,448387,HEMCO/AEIC/v2015-01/AEIC.nc,91226112,65536,10,7274496,window,random,random,0,0,0
1,448387,HEMCO/AEIC/v2015-01/AEIC.nc,98566144,65536,11,7274496,window,random,random,0,0,0
1,448387,HEMCO/AEIC/v2015-01/AEIC.nc,105906176,65536,12,7274496,window,random,random,0,0,0
1,448387,HEMCO/AEIC/v2015-01/AEIC.nc,1507328,65536,0,-104464384,window,random,random,0,0,0
1,448387,HEMCO/AEIC/v2015-01/AEIC.nc,8847360,65536,1,7274496,window,random,random,0,0,0
1,448387,HEMCO/AEIC/v2015-01/AEIC.nc,16187392,65536,1,7274496,window,random,random,0,0,0
1,448387,HEMCO/AEIC/v2015-01/AEIC.nc,23527424,65536,2,7274496,window,random,random,0,0,0
1,448387,HEMCO/AEIC/v2015-01/AEIC.nc,30867456,65536,3,7274496,window,random,random,0,0,0
1,448387,HEMCO/AEIC/v2015-01/AEIC.nc,38207488,65536,4,7274496,window,random,random,0,0,0
